algorithm,analysis_units,annual_budget_feasible,area_da,claim_classification,crop_areas_da,crop_count,crop_shares,economic_shock,efficiency_tl_per_m3,family,feasible,hhi,input_overlay_hash,monthly_delivery_status,monthly_violating_months,objective,planning_year,population,run_id,runtime_seconds,scenario,scenario_hash,scenario_id,seed,top1_crop,top1_share,top3_crops,top3_share,total_profit_tl,total_water_m3,water_budget_m3,water_budget_ratio
ACO,179,False,134919,DIAGNOSTIC ONLY,"{""ARMUT"":389.0,""ARPA"":513.0,""ARPA_KURU"":4944.0,""AYVA"":53.0,""BADEM"":121.0,""BAG"":5413.0,""BUGDAY"":621.0,""BUGDAY_KURU"":1700.0,""CEVIZ"":1388.0,""CILEK"":12.0,""ELMA"":26880.0,""ERIK"":210.0,""KAYSI"":1502.0,""KIRAZ"":191.0,""KURU_FASULYE"":845.0,""MARUL"":1710.0,""MERCIMEK"":62533.0,""MERCIMEK_KURU"":14223.0,""NEKTAR"":2649.0,""NOHUT"":69018.0,""NOHUT_KURU"":3734.0,""SEFTALI"":676.0,""TURP_KIRMIZI"":35.0,""VISNE"":2.0}",24,"{""ARMUT"":0.0019512244058546764,""ARPA"":0.0025732085352273754,""ARPA_KURU"":0.024799109158214705,""AYVA"":0.0002658480552963955,""BADEM"":0.0006069361262427143,""BAG"":0.027151613647535638,""BUGDAY"":0.003114936647906823,""BUGDAY_KURU"":0.00852720177365797,""CEVIZ"":0.006962209448139565,""CILEK"":6.0192012519938607e-05,""ELMA"":0.13483010804466247,""ERIK"":0.0010533602190989256,""KAYSI"":0.007534033567078982,""KIRAZ"":0.0009580561992756895,""KURU_FASULYE"":0.004238520881612343,""MARUL"":0.00857736178409125,""MERCIMEK"":0.3136655932424434,""MERCIMEK_KURU"":0.07134258283925723,""NEKTAR"":0.013287386763776447,""NOHUT"":0.3461943600084269,""NOHUT_KURU"":0.018729747895787564,""SEFTALI"":0.0033908167052898747,""TURP_KIRMIZI"":0.0001755600365164876,""VISNE"":1.0032002086656434e-05}",0.0,12.195406666999206,ALGORITHM_SEED,False,0.24368873905418822,cba24092bef97bba82cb4603e3f6b2f0a9aaac9a5ffc167835f9aff672c5372b,violation,"[1,2,3,4,5,6,7,8,9,10,11,12]",water_saving,2024,FULL_REFERENCE_PROJECT_EXPERIMENT,0c00ac6a301df0e3d5a4,29.763935999999376,S2,080f46f5b4d205b80b70e5169b8ff17ca4435990f34d44264425dde8ade92eb8,SCN-080f46f5b4d2,307,NOHUT,0.3461943600084269,"[""NOHUT"",""MERCIMEK"",""ELMA""]",0.7946900612955328,526520640.8000001,43173684.58280001,10401986.556,1.0
GA,179,True,134919,SAFE WITH LIMITATION,"{""ARMUT"":389.0,""ARPA (YEŞİLOT)"":1054.0,""AYVA"":53.0,""BADEM"":121.0,""BAĞ"":5413.0,""BUĞDAY (YEŞİLOT)"":1932.0,""CEVİZ"":1388.0,""ELMA"":26880.0,""ERİK"":210.0,""ISPANAK"":6478.0,""KABAK (BAL)"":490.0,""KABAK (SAKIZ)"":258.0,""KABAK (ÇEREZLİK)"":4511.0,""KAYSI"":1502.0,""KURU FASULYE"":50.0,""KİRAZ"":191.0,""LAHANA (BEYAZ)"":6397.0,""LAHANA (KIRMIZI)"":3597.0,""MARUL"":8740.0,""MISIR (Dane)"":11.0,""NEKTAR"":2649.0,""SALÇALIK BİBER"":11611.0,""SALÇALIK DOMATES"":15002.0,""SARIMSAK (KURU)"":1071.0,""SOĞAN (KURU)"":920.0,""SOĞAN (TAZE)"":30.0,""TURP (KIRMIZI)"":30023.0,""VİŞNE"":2.0,""YULAF (YEŞİLOT)"":3198.0,""ÇAVDAR (YEŞİLOT)"":60.0,""ÇİLEK"":12.0,""ŞEFTALİ"":676.0}",32,"{""ARMUT"":0.0028832114083264773,""ARPA (YEŞİLOT)"":0.007812094664205931,""AYVA"":0.0003928282895663324,""BADEM"":0.000896834396934457,""BAĞ"":0.04012036851740674,""BUĞDAY (YEŞİLOT)"":0.014319702932870833,""CEVİZ"":0.010287654073925836,""ELMA"":0.1992306495008116,""ERİK"":0.0015564894492250906,""ISPANAK"":0.048013993581333986,""KABAK (BAL)"":0.0036318087148585446,""KABAK (SAKIZ)"":0.0019122584661908255,""KABAK (ÇEREZLİK)"":0.03343487574025897,""KAYSI"":0.011132605489219457,""KURU FASULYE"":0.00037059272600597397,""KİRAZ"":0.0014156642133428205,""LAHANA (BEYAZ)"":0.04741363336520431,""LAHANA (KIRMIZI)"":0.026660440708869765,""MARUL"":0.06477960850584424,""MISIR (Dane)"":8.153039972131428e-05,""NEKTAR"":0.0196340026237965,""SALÇALIK BİBER"":0.08605904283310727,""SALÇALIK DOMATES"":0.11119264151083243,""SARIMSAK (KURU)"":0.007938096191047963,""SOĞAN (KURU)"":0.006818906158509921,""SOĞAN (TAZE)"":0.00022235563560358437,""TURP (KIRMIZI)"":0.22252610825754712,""VİŞNE"":1.4823709040238959e-05,""YULAF (YEŞİLOT)"":0.023703110755342094,""ÇAVDAR (YEŞİLOT)"":0.00044471127120716873,""ÇİLEK"":8.894225424143375e-05,""ŞEFTALİ"":0.005010413655600768}",0.0,13.66347324020804,WATER_THRESHOLD,True,0.12277753526215497,841bb09f2d7be570fad3904704e07b71f296fbe700ed4bc65886e25a84ccf3fb,not_available,,water_saving,2024,FULL_REFERENCE_PROJECT_EXPERIMENT,0cc8e095065edafb4ba5,92.9364530999992,S1,8d6552e1c819a2dbe75a55dfac8e375195f3a42adf3b76f8f10d3c814fd9b376,SCN-8d6552e1c819,101,TURP (KIRMIZI),0.22252610825754712,"[""TURP (KIRMIZI)"",""ELMA"",""SALÇALIK DOMATES""]",0.5329493992691912,1062002038.393,77725628.01000004,302100242.43,3.0
GA,179,True,134919,SAFE WITH LIMITATION,"{""ARMUT"":342.4016523894497,""AYVA"":46.65169764816349,""BADEM"":121.0,""BAĞ"":5413.0,""BUĞDAY (YEŞİLOT)"":570.0,""CEVİZ"":1274.2577200602138,""ELMA"":24677.424483839037,""ERİK"":200.17801464820462,""ISPANAK"":5470.0,""KABAK (BAL)"":30.0,""KAYSI"":1400.3550963590642,""KİRAZ"":175.8774914359967,""LAHANA (BEYAZ)"":70.0,""LAHANA (KIRMIZI)"":7820.0,""MARUL"":19251.0,""NEKTAR"":2331.7033122869616,""SALÇALIK BİBER"":80.0,""SALÇALIK DOMATES"":243.33765632249302,""SOFRALIK DOMATES"":320.97872921333044,""SOĞAN (KURU)"":26.019026115019756,""SOĞAN (TAZE)"":512.0,""SİVRİ BİBER"":280.0,""TRİTİKALE (YEŞİLOT)"":106.0,""TURP (KIRMIZI)"":60473.0,""VİŞNE"":1.8416491249842584,""ÇAVDAR (Dane)"":40.0,""ÇAVDAR (YEŞİLOT)"":100.0,""ÇİLEK"":12.0,""ŞEFTALİ"":595.0263456686764}",29,"{""ARMUT"":0.002594265329262493,""AYVA"":0.00035346465449357826,""BADEM"":0.0009167774239702645,""BAĞ"":0.041012530545049934,""BUĞDAY (YEŞİLOT)"":0.004318703567463229,""CEVİZ"":0.009654633967529134,""ELMA"":0.18697277395466683,""ERİK"":0.0015166833438401894,""ISPANAK"":0.041444400901796255,""KABAK (BAL)"":0.0002273001877612226,""KAYSI"":0.010610032544493341,""KİRAZ"":0.0013325662275458288,""LAHANA (BEYAZ)"":0.0005303671047761861,""LAHANA (KIRMIZI)"":0.05924958227642536,""MARUL"":0.14585853048637654,""NEKTAR"":0.017666553356209702,""SALÇALIK BİBER"":0.000606133834029927,""SALÇALIK DOMATES"":0.0018436898323826174,""SOFRALIK DOMATES"":0.0024319508472516213,""SOĞAN (KURU)"":0.00019713765071027148,""SOĞAN (TAZE)"":0.0038792565377915324,""SİVRİ BİBER"":0.0021214684191047445,""TRİTİKALE (YEŞİLOT)"":0.0008031273300896531,""TURP (KIRMIZI)"":0.45818414181614714,""VİŞNE"":1.3953573063307108e-05,""ÇAVDAR (Dane)"":0.0003030669170149635,""ÇAVDAR (YEŞİLOT)"":0.0007576672925374086,""ÇİLEK"":9.092007510448904e-05,""ŞEFTALİ"":0.004508320003112143}",0.0,13.1033089626208,ALGORITHM_SEED,True,0.2736759770889347,cba24092bef97bba82cb4603e3f6b2f0a9aaac9a5ffc167835f9aff672c5372b,not_available,,water_saving,2024,FULL_REFERENCE_PROJECT_EXPERIMENT,0d9527df2aabfdb7c76c,103.29200910000145,S1,c9f253762ba51035c921d32ccbe88eadbd202ba8d846692f229a00fffefd5e1f,SCN-c9f253762ba5,307,TURP (KIRMIZI),0.45818414181614714,"[""TURP (KIRMIZI)"",""ELMA"",""MARUL""]",0.7910154462571904,790849275.7319543,60354928.51370393,100700080.81,1.0
GA,179,True,134919,SAFE WITH LIMITATION,"{""ARMUT"":342.4016523894497,""ARPA (YEŞİLOT)"":491.0,""AYVA"":46.65169764816349,""BADEM"":121.0,""BAĞ"":5413.0,""CEVİZ"":1274.2577200602138,""ELMA"":24677.424483839037,""ERİK"":200.17801464820462,""ISPANAK"":547.0,""KABAK (BAL)"":90.0,""KABAK (SAKIZ)"":2540.0,""KARPUZ"":760.0,""KAYSI"":1400.3550963590642,""KİRAZ"":175.8774914359967,""LAHANA (BEYAZ)"":2095.0,""LAHANA (KIRMIZI)"":4142.0,""MARUL"":1131.0,""NEKTAR"":2331.7033122869616,""PATATES"":209.7735663653725,""SALÇALIK BİBER"":13147.0,""SALÇALIK DOMATES"":55909.305677624405,""SOFRALIK DOMATES"":94.68391296595058,""SOĞAN (KURU)"":3234.5296864128436,""SOĞAN (TAZE)"":803.0,""SİVRİ BİBER"":1956.0,""TURP (KIRMIZI)"":3982.0,""VİŞNE"":1.8416491249842584,""ÇİLEK"":12.0,""ŞEFTALİ"":595.0263456686764}",29,"{""ARMUT"":0.0026807931536670646,""ARPA (YEŞİLOT)"":0.0038442263034215622,""AYVA"":0.00036525393726749474,""BADEM"":0.0009473551582770041,""BAĞ"":0.04238044191531755,""CEVİZ"":0.009976649785730068,""ELMA"":0.1932089700641004,""ERİK"":0.0015672700392613747,""ISPANAK"":0.004282671665929928,""KABAK (BAL)"":0.0007046443326027303,""KABAK (SAKIZ)"":0.019886628942343724,""KARPUZ"":0.00595032991975639,""KAYSI"":0.010963914247564054,""KİRAZ"":0.0013770119730306702,""LAHANA (BEYAZ)"":0.01640255418669689,""LAHANA (KIRMIZI)"":0.03242929806267232,""MARUL"":0.00885503044637431,""NEKTAR"":0.018255794714600242,""PATATES"":0.0016423972741024717,""SALÇALIK BİBER"":0.10293287823031218,""SALÇALIK DOMATES"":0.4377352820610188,""SOFRALIK DOMATES"":0.0007413164740011917,""SOĞAN (KURU)"":0.02532436680184552,""SOĞAN (TAZE)"":0.006286993323111027,""SİVRİ BİBER"":0.015314270161899339,""TURP (KIRMIZI)"":0.031176597026934136,""VİŞNE"":1.4418973539588166e-05,""ÇİLEK"":9.395257768036405e-05,""ŞEFTALİ"":0.004658688246941623}",0.1,17.886612477559613,ECONOMIC,True,0.2456746789664064,25906bafbda8f190e30aa223f91c94d9275169e22653c5b31894afeacac9ad84,not_available,,max_profit,2024,FULL_REFERENCE_PROJECT_EXPERIMENT,0dcc856e2447ab1d6608,113.33173220000026,S1,ce69a9f4d1069a54c6e4c786f453110604947d90c32318c7f7e58181a84df921,SCN-ce69a9f4d106,101,SALÇALIK DOMATES,0.4377352820610188,"[""SALÇALIK DOMATES"",""ELMA"",""SALÇALIK BİBER""]",0.7338771303554313,1686461880.6481788,94286264.81196477,100700080.81,1.0
GA,179,False,134919,DIAGNOSTIC ONLY,"{""ARMUT"":390.0,""ARPA"":4.0,""ARPA_DANE"":50.0,""ARPA_KURU"":232.0,""ARPA_YESILOT"":41.0,""AYCICEGI"":20.0,""AYVA"":93.0,""BADEM"":151.0,""BAG"":5413.0,""BUGDAY"":13.0,""BUGDAY_DANE"":10.0,""BUGDAY_KURU"":11.0,""BUGDAY_YESILOT"":2.0,""CEVIZ"":1418.0,""CILEK"":68.0,""ELMA"":26880.0,""ERIK"":210.0,""FASULYE_TAZE"":40.0,""FIG_YESILOT"":107.0,""HIYAR_SOFRALIK"":11.0,""ISPANAK"":16.0,""KABAK_BAL"":1.0,""KABAK_SAKIZ"":50.0,""KARPUZ"":21.0,""KAVUN"":30.0,""KAYSI"":1504.0,""KIRAZ"":191.0,""KURU_FASULYE"":16.0,""LAVANTA"":25.0,""MAYDONOZ"":30.0,""MERCIMEK"":5079.0,""MERCIMEK_KURU"":119.0,""MISIR_DANE"":30.0,""NEKTAR"":2685.0,""NOHUT"":404.0,""NOHUT_KURU"":53.0,""PIRASA"":40.0,""SALCALIK_BIBER"":20.0,""SALCALIK_DOMATES"":59.0,""SEFTALI"":708.0,""SEKER_PANCARI"":7.0,""SILAJLIK_MISIR"":46.0,""SOFRALIK_DOMATES"":11.0,""SOGAN_KURU"":5.0,""SOGAN_TAZE"":2.0,""TRITIKALE_YESILOT"":5.0,""VISNE"":2.0,""YONCA_YESILOT"":22.0,""YULAF_DANE"":70.0,""YULAF_YESILOT"":80.0}",50,"{""ARMUT"":0.00838799870953866,""ARPA"":8.603075599526831e-05,""ARPA_DANE"":0.0010753844499408539,""ARPA_KURU"":0.004989783847725562,""ARPA_YESILOT"":0.0008818152489515001,""AYCICEGI"":0.00043015377997634156,""AYVA"":0.0020002150768899884,""BADEM"":0.0032476610388213786,""BAG"":0.11642112055059683,""BUGDAY"":0.000279599956984622,""BUGDAY_DANE"":0.00021507688998817078,""BUGDAY_KURU"":0.00023658457898698785,""BUGDAY_YESILOT"":4.301537799763416e-05,""CEVIZ"":0.030497903000322617,""CILEK"":0.0014625228519195613,""ELMA"":0.578126680288203,""ERIK"":0.004516614689751586,""FASULYE_TAZE"":0.0008603075599526831,""FIG_YESILOT"":0.002301322722873427,""HIYAR_SOFRALIK"":0.00023658457898698785,""ISPANAK"":0.00034412302398107326,""KABAK_BAL"":2.150768899881708e-05,""KABAK_SAKIZ"":0.0010753844499408539,""KARPUZ"":0.00045166146897515863,""KAVUN"":0.0006452306699645124,""KAYSI"":0.03234756425422088,""KIRAZ"":0.004107968598774062,""KURU_FASULYE"":0.00034412302398107326,""LAVANTA"":0.0005376922249704269,""MAYDONOZ"":0.0006452306699645124,""MERCIMEK"":0.10923755242499193,""MERCIMEK_KURU"":0.002559414990859232,""MISIR_DANE"":0.0006452306699645124,""NEKTAR"":0.05774814496182385,""NOHUT"":0.0086891063555221,""NOHUT_KURU"":0.0011399075169373051,""PIRASA"":0.0008603075599526831,""SALCALIK_BIBER"":0.00043015377997634156,""SALCALIK_DOMATES"":0.0012689536509302075,""SEFTALI"":0.01522744381116249,""SEKER_PANCARI"":0.00015055382299171955,""SILAJLIK_MISIR"":0.0009893536939455856,""SOFRALIK_DOMATES"":0.00023658457898698785,""SOGAN_KURU"":0.00010753844499408539,""SOGAN_TAZE"":4.301537799763416e-05,""TRITIKALE_YESILOT"":0.00010753844499408539,""VISNE"":4.301537799763416e-05,""YONCA_YESILOT"":0.0004731691579739757,""YULAF_DANE"":0.0015055382299171954,""YULAF_YESILOT"":0.0017206151199053662}",0.0,7.894676550548541,ALGORITHM_SEED,False,0.365513565808885,cba24092bef97bba82cb4603e3f6b2f0a9aaac9a5ffc167835f9aff672c5372b,violation,"[1,2,3,4,5,6,7,8,9,10,11,12]",water_saving,2024,FULL_REFERENCE_PROJECT_EXPERIMENT,109369861afa79288dba,53.258884599999874,S2,87c73479a64c2d76416536a05b81a5242954dd9083f5f66982183422aa7a0aec,SCN-87c73479a64c,503,ELMA,0.578126680288203,"[""ELMA"",""BAG"",""MERCIMEK""]",0.8037853532637917,188985175.00759047,23938304.982800003,10401986.556,1.0
ACO,179,True,134919,SAFE WITH LIMITATION,"{""ARMUT"":342.4016523894497,""AYVA"":46.65169764816349,""BADEM"":121.0,""BAĞ"":5413.0,""CEVİZ"":1274.2577200602138,""ELMA"":24677.424483839037,""ERİK"":200.17801464820462,""KAYSI"":1400.3550963590642,""KİRAZ"":175.8774914359967,""MARUL"":13942.0,""NEKTAR"":2331.7033122869616,""TURP (KIRMIZI)"":81491.0,""VİŞNE"":1.8416491249842584,""ÇİLEK"":12.0,""ŞEFTALİ"":595.0263456686764}",15,"{""ARMUT"":0.0025934662763752022,""AYVA"":0.0003533557847686729,""BADEM"":0.0009164950497507259,""BAĞ"":0.040999898382650245,""CEVİZ"":0.009651660268940763,""ELMA"":0.18691518495897388,""ERİK"":0.001516216194165354,""KAYSI"":0.010606764576084985,""KİRAZ"":0.0013321557873030303,""MARUL"":0.10560143788119522,""NEKTAR"":0.017661111927259266,""TURP (KIRMIZI)"":0.6172404801589786,""VİŞNE"":1.3949275259717593e-05,""ÇİLEK"":9.089207104965877e-05,""ŞEFTALİ"":0.004506931407244679}",0.0,13.338455141065523,ALGORITHM_SEED,True,0.42930541026838737,cba24092bef97bba82cb4603e3f6b2f0a9aaac9a5ffc167835f9aff672c5372b,not_available,,water_saving,2024,FULL_REFERENCE_PROJECT_EXPERIMENT,15ebca641d48c1188d0c,115.42949000000226,S1,bc5972d11f727bb30ea1bfdba8058f08d21238cbd0a7e1b8b7a802a67e049dd4,SCN-bc5972d11f72,211,TURP (KIRMIZI),0.6172404801589786,"[""TURP (KIRMIZI)"",""ELMA"",""MARUL""]",0.9097571029991477,774601807.8502525,58072827.74940416,100700080.81,1.0
GA,179,True,134919,SAFE WITH LIMITATION,"{""ARMUT"":389.0,""ARPA (YEŞİLOT)"":2951.0,""AYVA"":53.0,""BADEM"":121.0,""BAĞ"":5413.0,""BUĞDAY (YEŞİLOT)"":3495.0,""CEVİZ"":1388.0,""ELMA"":26880.0,""ERİK"":210.0,""ISPANAK"":3457.0,""KABAK (BAL)"":390.0,""KARPUZ"":10.0,""KAYSI"":1502.0,""KİRAZ"":191.0,""LAHANA (BEYAZ)"":2510.0,""LAHANA (KIRMIZI)"":1327.0,""MARUL"":19432.0,""NEKTAR"":2649.0,""SALÇALIK BİBER"":1088.0,""SALÇALIK DOMATES"":9968.0,""SARIMSAK (KURU)"":1153.0,""SOĞAN (KURU)"":770.0,""SOĞAN (TAZE)"":171.0,""TRİTİKALE (YEŞİLOT)"":185.0,""TURP (KIRMIZI)"":47166.0,""VİŞNE"":2.0,""YULAF (YEŞİLOT)"":1340.0,""ÇAVDAR (YEŞİLOT)"":20.0,""ÇİLEK"":12.0,""ŞEFTALİ"":676.0}",30,"{""ARMUT"":0.0028832114083264773,""ARPA (YEŞİLOT)"":0.021872382688872583,""AYVA"":0.0003928282895663324,""BADEM"":0.000896834396934457,""BAĞ"":0.04012036851740674,""BUĞDAY (YEŞİLOT)"":0.025904431547817578,""CEVİZ"":0.010287654073925836,""ELMA"":0.1992306495008116,""ERİK"":0.0015564894492250906,""ISPANAK"":0.02562278107605304,""KABAK (BAL)"":0.0028906232628465966,""KARPUZ"":7.411854520119479e-05,""KAYSI"":0.011132605489219457,""KİRAZ"":0.0014156642133428205,""LAHANA (BEYAZ)"":0.018603754845499892,""LAHANA (KIRMIZI)"":0.00983553094819855,""MARUL"":0.14402715703496172,""NEKTAR"":0.0196340026237965,""SALÇALIK BİBER"":0.008064097717889993,""SALÇALIK DOMATES"":0.07388136585655097,""SARIMSAK (KURU)"":0.008545868261697759,""SOĞAN (KURU)"":0.0057071279804919986,""SOĞAN (TAZE)"":0.0012674271229404308,""TRİTİKALE (YEŞİLOT)"":0.0013711930862221036,""TURP (KIRMIZI)"":0.34958753029595535,""VİŞNE"":1.4823709040238959e-05,""YULAF (YEŞİLOT)"":0.009931885056960101,""ÇAVDAR (YEŞİLOT)"":0.00014823709040238958,""ÇİLEK"":8.894225424143375e-05,""ŞEFTALİ"":0.005010413655600768}",0.0,13.703806481137333,WATER_THRESHOLD,True,0.19290024052904758,e6550ada18ebb3c3a5c6b6b398d2c030fe272592e6c1d602b24aaf664bed0d3d,not_available,,water_saving,2024,FULL_REFERENCE_PROJECT_EXPERIMENT,1e889da4a8bec18fd30e,118.68796880000082,S1,4ef035075c44816c3f8f80e8159b6a5ac7171abe47f463a86f45e50e767c84e5,SCN-4ef035075c44,101,TURP (KIRMIZI),0.34958753029595535,"[""TURP (KIRMIZI)"",""ELMA"",""MARUL""]",0.6928453368317287,950800477.604,69382217.19,201400161.62,2.0
ACO,179,True,134919,SAFE WITH LIMITATION,"{""ARMUT"":342.4016523894497,""AYVA"":46.65169764816349,""BADEM"":121.0,""BAĞ"":5413.0,""CEVİZ"":1274.2577200602138,""ELMA"":24677.424483839037,""ERİK"":200.17801464820462,""KAYSI"":1400.3550963590642,""KİRAZ"":175.8774914359967,""MARUL"":13942.0,""NEKTAR"":2331.7033122869616,""TURP (KIRMIZI)"":81491.0,""VİŞNE"":1.8416491249842584,""ÇİLEK"":12.0,""ŞEFTALİ"":595.0263456686764}",15,"{""ARMUT"":0.0025934662763752022,""AYVA"":0.0003533557847686729,""BADEM"":0.0009164950497507259,""BAĞ"":0.040999898382650245,""CEVİZ"":0.009651660268940763,""ELMA"":0.18691518495897388,""ERİK"":0.001516216194165354,""KAYSI"":0.010606764576084985,""KİRAZ"":0.0013321557873030303,""MARUL"":0.10560143788119522,""NEKTAR"":0.017661111927259266,""TURP (KIRMIZI)"":0.6172404801589786,""VİŞNE"":1.3949275259717593e-05,""ÇİLEK"":9.089207104965877e-05,""ŞEFTALİ"":0.004506931407244679}",0.0,13.338455141065523,ALGORITHM_SEED,True,0.42930541026838737,cba24092bef97bba82cb4603e3f6b2f0a9aaac9a5ffc167835f9aff672c5372b,not_available,,water_saving,2024,FULL_REFERENCE_PROJECT_EXPERIMENT,2844ed05b14029c053b8,116.22776739999972,S1,d03dc96b95e6ec26e432fca665d8e0aa0c409cddb2497a92a93d59ba84b8747d,SCN-d03dc96b95e6,401,TURP (KIRMIZI),0.6172404801589786,"[""TURP (KIRMIZI)"",""ELMA"",""MARUL""]",0.9097571029991477,774601807.8502525,58072827.74940416,100700080.81,1.0
GA,179,True,134919,DIAGNOSTIC ONLY,"{""ARMUT"":389.0,""ARPA"":238.0,""ARPA_DANE"":37.0,""ARPA_KURU"":445.0,""ARPA_YESILOT"":60.0,""AYVA"":53.0,""BADEM"":131.0,""BAG"":5417.0,""BARBUNYA_FASULYE_TAZE"":170.0,""BUGDAY"":406.0,""BUGDAY_KURU"":920.0,""BUGDAY_YESILOT"":106.0,""CAVDAR_DANE"":184.0,""CAVDAR_YESILOT"":681.0,""CEVIZ"":1527.0,""CILEK"":12.0,""ELMA"":27241.0,""ERIK"":750.0,""FASULYE_TAZE"":200.0,""FIG_YESILOT"":627.0,""HIYAR_SOFRALIK"":160.0,""ISPANAK"":183.0,""KABAK_BAL"":57.0,""KABAK_CEREZLIK"":40.0,""KABAK_SAKIZ"":252.0,""KARPUZ"":1.0,""KAVUN"":57.0,""KAYSI"":1522.0,""KIRAZ"":191.0,""KURU_FASULYE"":574.0,""LAHANA_BEYAZ"":73.0,""MARUL"":725.0,""MAYDONOZ"":190.0,""MERCIMEK"":23938.0,""MERCIMEK_KURU"":1298.0,""MISIR_DANE"":52.0,""NEKTAR"":2649.0,""NOHUT"":2390.0,""NOHUT_KURU"":287.0,""PATATES"":240.0,""SALCALIK_BIBER"":20.0,""SALCALIK_DOMATES"":36.0,""SARIMSAK_KURU"":20.0,""SEFTALI"":1001.0,""SEKER_PANCARI"":30.0,""SILAJLIK_MISIR"":157.0,""SOFRALIK_DOMATES"":125.0,""SOGAN_KURU"":140.0,""SOGAN_TAZE"":11.0,""SORGUM"":120.0,""TRTIKALE_DANE"":70.0,""TURP_KIRMIZI"":360.0,""VISNE"":2.0,""YONCA_YESILOT"":87.0,""YULAF_DANE"":80.0}",55,"{""ARMUT"":0.0050695928686858155,""ARPA"":0.00310170463431163,""ARPA_DANE"":0.0004821977792837408,""ARPA_KURU"":0.0057994057238179636,""ARPA_YESILOT"":0.0007819423447844446,""AYVA"":0.0006907157378929261,""BADEM"":0.0017072407861127039,""BAG"":0.07059636136162227,""BARBUNYA_FASULYE_TAZE"":0.002215503310222593,""BUGDAY"":0.005291143199708075,""BUGDAY_KURU"":0.01198978262002815,""BUGDAY_YESILOT"":0.0013814314757858521,""CAVDAR_DANE"":0.00239795652400563,""CAVDAR_YESILOT"":0.008875045613303446,""CEVIZ"":0.019900432674764115,""CILEK"":0.0001563884689568889,""ELMA"":0.3550148569045509,""ERIK"":0.009774279309805557,""FASULYE_TAZE"":0.0026064744826148154,""FIG_YESILOT"":0.008171297502997445,""HIYAR_SOFRALIK"":0.002085179586091852,""ISPANAK"":0.002384924151592556,""KABAK_BAL"":0.0007428452275452224,""KABAK_CEREZLIK"":0.000521294896522963,""KABAK_SAKIZ"":0.003284157848094667,""KARPUZ"":1.3032372413074076e-05,""KAVUN"":0.0007428452275452224,""KAYSI"":0.019835270812698744,""KIRAZ"":0.0024891831308971484,""KURU_FASULYE"":0.00748058176510452,""LAHANA_BEYAZ"":0.0009513631861544075,""MARUL"":0.009448469999478706,""MAYDONOZ"":0.0024761507584840745,""MERCIMEK"":0.3119689308241672,""MERCIMEK_KURU"":0.01691601939217015,""MISIR_DANE"":0.000677683365479852,""NEKTAR"":0.034522754522233225,""NOHUT"":0.031147370067247042,""NOHUT_KURU"":0.00374029088255226,""PATATES"":0.0031277693791377783,""SALCALIK_BIBER"":0.0002606474482614815,""SALCALIK_DOMATES"":0.00046916540687066673,""SARIMSAK_KURU"":0.0002606474482614815,""SEFTALI"":0.01304540478548715,""SEKER_PANCARI"":0.0003909711723922223,""SILAJLIK_MISIR"":0.0020460824688526297,""SOFRALIK_DOMATES"":0.0016290465516342594,""SOGAN_KURU"":0.0018245321378303706,""SOGAN_TAZE"":0.00014335609654381483,""SORGUM"":0.0015638846895688892,""TRTIKALE_DANE"":0.0009122660689151853,""TURP_KIRMIZI"":0.004691654068706667,""VISNE"":2.6064744826148152e-05,""YONCA_YESILOT"":0.0011338163999374447,""YULAF_DANE"":0.001042589793045926}",0.0,8.466500640786919,WATER_THRESHOLD,False,0.23250044242672607,841bb09f2d7be570fad3904704e07b71f296fbe700ed4bc65886e25a84ccf3fb,violation,"[1,2,3,4,5,6,7,8,9,10,11,12]",water_saving,2024,FULL_REFERENCE_PROJECT_EXPERIMENT,305c60c7dc616501a647,22.223803599998064,S2,13bbd7d85ac80587fc0d72561c371f0cb9b2d670fb6a363eb44d9c1018d15d52,SCN-13bbd7d85ac8,101,ELMA,0.3550148569045509,"[""ELMA"",""MERCIMEK"",""BAG""]",0.7375801490903404,257990096.66021618,30471868.79280001,31205959.667999998,3.0
GA,179,True,134919,SAFE WITH LIMITATION,"{""ARMUT"":342.4016523894497,""ARPA (YEŞİLOT)"":491.0,""AYVA"":46.65169764816349,""BADEM"":121.0,""BAĞ"":5413.0,""CEVİZ"":1274.2577200602138,""ELMA"":24677.424483839037,""ERİK"":200.17801464820462,""ISPANAK"":547.0,""KABAK (BAL)"":90.0,""KABAK (SAKIZ)"":2540.0,""KARPUZ"":760.0,""KAYSI"":1400.3550963590642,""KİRAZ"":175.8774914359967,""LAHANA (BEYAZ)"":2095.0,""LAHANA (KIRMIZI)"":4142.0,""MARUL"":1131.0,""NEKTAR"":2331.7033122869616,""PATATES"":209.7735663653725,""SALÇALIK BİBER"":13147.0,""SALÇALIK DOMATES"":55909.305677624405,""SOFRALIK DOMATES"":94.68391296595058,""SOĞAN (KURU)"":3234.5296864128436,""SOĞAN (TAZE)"":803.0,""SİVRİ BİBER"":1956.0,""TURP (KIRMIZI)"":3982.0,""VİŞNE"":1.8416491249842584,""ÇİLEK"":12.0,""ŞEFTALİ"":595.0263456686764}",29,"{""ARMUT"":0.0026807931536670646,""ARPA (YEŞİLOT)"":0.0038442263034215622,""AYVA"":0.00036525393726749474,""BADEM"":0.0009473551582770041,""BAĞ"":0.04238044191531755,""CEVİZ"":0.009976649785730068,""ELMA"":0.1932089700641004,""ERİK"":0.0015672700392613747,""ISPANAK"":0.004282671665929928,""KABAK (BAL)"":0.0007046443326027303,""KABAK (SAKIZ)"":0.019886628942343724,""KARPUZ"":0.00595032991975639,""KAYSI"":0.010963914247564054,""KİRAZ"":0.0013770119730306702,""LAHANA (BEYAZ)"":0.01640255418669689,""LAHANA (KIRMIZI)"":0.03242929806267232,""MARUL"":0.00885503044637431,""NEKTAR"":0.018255794714600242,""PATATES"":0.0016423972741024717,""SALÇALIK BİBER"":0.10293287823031218,""SALÇALIK DOMATES"":0.4377352820610188,""SOFRALIK DOMATES"":0.0007413164740011917,""SOĞAN (KURU)"":0.02532436680184552,""SOĞAN (TAZE)"":0.006286993323111027,""SİVRİ BİBER"":0.015314270161899339,""TURP (KIRMIZI)"":0.031176597026934136,""VİŞNE"":1.4418973539588166e-05,""ÇİLEK"":9.395257768036405e-05,""ŞEFTALİ"":0.004658688246941623}",0.2,19.51266815733775,ECONOMIC,True,0.2456746789664064,cf96955747bdcb8bb3de7d17cb3c4962e3bd9919d58efd610894268177cc57aa,not_available,,max_profit,2024,FULL_REFERENCE_PROJECT_EXPERIMENT,3735c19aea2f381af5e0,128.05894460000127,S1,707182b225a67170d4b3d45cfc4863eb4077c80c629ecfdbbf652f01d8e55381,SCN-707182b225a6,101,SALÇALIK DOMATES,0.4377352820610188,"[""SALÇALIK DOMATES"",""ELMA"",""SALÇALIK BİBER""]",0.7338771303554313,1839776597.0707397,94286264.81196477,100700080.81,1.0
GA,179,True,134919,SAFE WITH LIMITATION,"{""ARMUT"":342.4016523894497,""ARPA (YEŞİLOT)"":491.0,""AYVA"":46.65169764816349,""BADEM"":121.0,""BAĞ"":5413.0,""CEVİZ"":1274.2577200602138,""ELMA"":24677.424483839037,""ERİK"":200.17801464820462,""ISPANAK"":547.0,""KABAK (BAL)"":90.0,""KABAK (SAKIZ)"":2540.0,""KARPUZ"":760.0,""KAYSI"":1400.3550963590642,""KİRAZ"":175.8774914359967,""LAHANA (BEYAZ)"":2095.0,""LAHANA (KIRMIZI)"":4142.0,""MARUL"":1131.0,""NEKTAR"":2331.7033122869616,""PATATES"":209.7735663653725,""SALÇALIK BİBER"":13147.0,""SALÇALIK DOMATES"":55909.305677624405,""SOFRALIK DOMATES"":94.68391296595058,""SOĞAN (KURU)"":3234.5296864128436,""SOĞAN (TAZE)"":803.0,""SİVRİ BİBER"":1956.0,""TURP (KIRMIZI)"":3982.0,""VİŞNE"":1.8416491249842584,""ÇİLEK"":12.0,""ŞEFTALİ"":595.0263456686764}",29,"{""ARMUT"":0.0026807931536670646,""ARPA (YEŞİLOT)"":0.0038442263034215622,""AYVA"":0.00036525393726749474,""BADEM"":0.0009473551582770041,""BAĞ"":0.04238044191531755,""CEVİZ"":0.009976649785730068,""ELMA"":0.1932089700641004,""ERİK"":0.0015672700392613747,""ISPANAK"":0.004282671665929928,""KABAK (BAL)"":0.0007046443326027303,""KABAK (SAKIZ)"":0.019886628942343724,""KARPUZ"":0.00595032991975639,""KAYSI"":0.010963914247564054,""KİRAZ"":0.0013770119730306702,""LAHANA (BEYAZ)"":0.01640255418669689,""LAHANA (KIRMIZI)"":0.03242929806267232,""MARUL"":0.00885503044637431,""NEKTAR"":0.018255794714600242,""PATATES"":0.0016423972741024717,""SALÇALIK BİBER"":0.10293287823031218,""SALÇALIK DOMATES"":0.4377352820610188,""SOFRALIK DOMATES"":0.0007413164740011917,""SOĞAN (KURU)"":0.02532436680184552,""SOĞAN (TAZE)"":0.006286993323111027,""SİVRİ BİBER"":0.015314270161899339,""TURP (KIRMIZI)"":0.031176597026934136,""VİŞNE"":1.4418973539588166e-05,""ÇİLEK"":9.395257768036405e-05,""ŞEFTALİ"":0.004658688246941623}",0.0,16.26055679778146,ECONOMIC,True,0.2456746789664064,cba24092bef97bba82cb4603e3f6b2f0a9aaac9a5ffc167835f9aff672c5372b,not_available,,max_profit,2024,FULL_REFERENCE_PROJECT_EXPERIMENT,444e86c492e3ccc3809f,114.25872289999825,S1,3d6ad94cd7b901497b6582adb5ac4007de3a6d8abac464bd1faea16d5655c589,SCN-3d6ad94cd7b9,101,SALÇALIK DOMATES,0.4377352820610188,"[""SALÇALIK DOMATES"",""ELMA"",""SALÇALIK BİBER""]",0.7338771303554313,1533147164.2256167,94286264.81196477,100700080.81,1.0
GA,179,False,134919,DIAGNOSTIC ONLY,"{""ARMUT"":449.0,""ARPA"":89.0,""ARPA_DANE"":35.0,""ARPA_KURU"":42.0,""ARPA_YESILOT"":27.0,""AYCICEGI"":30.0,""AYVA"":55.0,""BADEM"":121.0,""BAG"":5443.0,""BUGDAY"":144.0,""BUGDAY_DANE"":50.0,""BUGDAY_KURU"":31.0,""CEVIZ"":1408.0,""CILEK"":12.0,""ELMA"":26880.0,""ERIK"":210.0,""FASULYE_TAZE"":40.0,""FIG_YESILOT"":82.0,""HIYAR_SOFRALIK"":1.0,""ISPANAK"":65.0,""KABAK_CEREZLIK"":11.0,""KARPUZ"":1.0,""KAVUN"":49.0,""KAYSI"":1502.0,""KIRAZ"":336.0,""KURU_FASULYE"":181.0,""LAHANA_BEYAZ"":137.0,""MARUL"":12.0,""MAYDONOZ"":7.0,""MERCIMEK"":4815.0,""MERCIMEK_KURU"":185.0,""MISIR_DANE"":30.0,""NEKTAR"":2649.0,""NOHUT"":386.0,""NOHUT_KURU"":109.0,""PATATES"":10.0,""SALCALIK_BIBER"":26.0,""SALCALIK_DOMATES"":10.0,""SARIMSAK_KURU"":2.0,""SEFTALI"":746.0,""SIVRI_BIBER"":2.0,""SOFRALIK_DOMATES"":10.0,""SOGAN_KURU"":42.0,""SOGAN_TAZE"":45.0,""SORGUM"":11.0,""TURP_KIRMIZI"":146.0,""VISNE"":2.0,""YONCA_YESILOT"":27.0,""YULAF_DANE"":50.0}",49,"{""ARMUT"":0.00960366179710393,""ARPA"":0.001903621158000556,""ARPA_DANE"":0.0007486150621350501,""ARPA_KURU"":0.0008983380745620602,""ARPA_YESILOT"":0.000577503047932753,""AYCICEGI"":0.0006416700532586144,""AYVA"":0.001176395097640793,""BADEM"":0.0025880692148097448,""BAG"":0.11642033666288794,""BUGDAY"":0.0030800162556413493,""BUGDAY_DANE"":0.0010694500887643574,""BUGDAY_KURU"":0.0006630590550339016,""CEVIZ"":0.030115714499604304,""CILEK"":0.00025666802130344576,""ELMA"":0.5749363677197186,""ERIK"":0.004491690372810301,""FASULYE_TAZE"":0.0008555600710114859,""FIG_YESILOT"":0.001753898145573546,""HIYAR_SOFRALIK"":2.1389001775287147e-05,""ISPANAK"":0.0013902851153936647,""KABAK_CEREZLIK"":0.00023527901952815863,""KARPUZ"":2.1389001775287147e-05,""KAVUN"":0.0010480610869890701,""KAYSI"":0.032126280666481294,""KIRAZ"":0.007186704596496482,""KURU_FASULYE"":0.003871409321326974,""LAHANA_BEYAZ"":0.0029302932432143393,""MARUL"":0.00025666802130344576,""MAYDONOZ"":0.00014972301242701004,""MERCIMEK"":0.10298804354800761,""MERCIMEK_KURU"":0.003956965328428122,""MISIR_DANE"":0.0006416700532586144,""NEKTAR"":0.056659465702735654,""NOHUT"":0.00825615468526084,""NOHUT_KURU"":0.002331401193506299,""PATATES"":0.00021389001775287147,""SALCALIK_BIBER"":0.0005561140461574658,""SALCALIK_DOMATES"":0.00021389001775287147,""SARIMSAK_KURU"":4.277800355057429e-05,""SEFTALI"":0.015956195324364212,""SIVRI_BIBER"":4.277800355057429e-05,""SOFRALIK_DOMATES"":0.00021389001775287147,""SOGAN_KURU"":0.0008983380745620602,""SOGAN_TAZE"":0.0009625050798879216,""SORGUM"":0.00023527901952815863,""TURP_KIRMIZI"":0.0031227942591919235,""VISNE"":4.277800355057429e-05,""YONCA_YESILOT"":0.000577503047932753,""YULAF_DANE"":0.0010694500887643574}",0.2,8.378670926891154,ECONOMIC,False,0.36043871392229526,3137184c8cfec7285bdd49064f03c4076a4d4e3957cb52c76f9af4f9b0664f68,violation,"[1,2,3,4,5,6,7,8,9,10,11,12]",max_profit,2024,FULL_REFERENCE_PROJECT_EXPERIMENT,47686459949347f6b842,35.92822600000363,S2,26e992531425c9fc86c67a98e9ca17e9fe6765efd79644db223139dfc06d6cb7,SCN-26e992531425,101,ELMA,0.5749363677197186,"[""ELMA"",""BAG"",""MERCIMEK""]",0.7943447479306142,264467572.13806576,31564382.2804,10401986.556,1.0
GA,179,False,134919,DIAGNOSTIC ONLY,"{""ARMUT"":449.0,""ARPA"":89.0,""ARPA_DANE"":35.0,""ARPA_KURU"":42.0,""ARPA_YESILOT"":27.0,""AYCICEGI"":30.0,""AYVA"":55.0,""BADEM"":121.0,""BAG"":5443.0,""BUGDAY"":144.0,""BUGDAY_DANE"":50.0,""BUGDAY_KURU"":31.0,""CEVIZ"":1408.0,""CILEK"":12.0,""ELMA"":26880.0,""ERIK"":210.0,""FASULYE_TAZE"":40.0,""FIG_YESILOT"":82.0,""HIYAR_SOFRALIK"":1.0,""ISPANAK"":65.0,""KABAK_CEREZLIK"":11.0,""KARPUZ"":1.0,""KAVUN"":49.0,""KAYSI"":1502.0,""KIRAZ"":336.0,""KURU_FASULYE"":181.0,""LAHANA_BEYAZ"":137.0,""MARUL"":12.0,""MAYDONOZ"":7.0,""MERCIMEK"":4815.0,""MERCIMEK_KURU"":185.0,""MISIR_DANE"":30.0,""NEKTAR"":2649.0,""NOHUT"":386.0,""NOHUT_KURU"":109.0,""PATATES"":10.0,""SALCALIK_BIBER"":26.0,""SALCALIK_DOMATES"":10.0,""SARIMSAK_KURU"":2.0,""SEFTALI"":746.0,""SIVRI_BIBER"":2.0,""SOFRALIK_DOMATES"":10.0,""SOGAN_KURU"":42.0,""SOGAN_TAZE"":45.0,""SORGUM"":11.0,""TURP_KIRMIZI"":146.0,""VISNE"":2.0,""YONCA_YESILOT"":27.0,""YULAF_DANE"":50.0}",49,"{""ARMUT"":0.00960366179710393,""ARPA"":0.001903621158000556,""ARPA_DANE"":0.0007486150621350501,""ARPA_KURU"":0.0008983380745620602,""ARPA_YESILOT"":0.000577503047932753,""AYCICEGI"":0.0006416700532586144,""AYVA"":0.001176395097640793,""BADEM"":0.0025880692148097448,""BAG"":0.11642033666288794,""BUGDAY"":0.0030800162556413493,""BUGDAY_DANE"":0.0010694500887643574,""BUGDAY_KURU"":0.0006630590550339016,""CEVIZ"":0.030115714499604304,""CILEK"":0.00025666802130344576,""ELMA"":0.5749363677197186,""ERIK"":0.004491690372810301,""FASULYE_TAZE"":0.0008555600710114859,""FIG_YESILOT"":0.001753898145573546,""HIYAR_SOFRALIK"":2.1389001775287147e-05,""ISPANAK"":0.0013902851153936647,""KABAK_CEREZLIK"":0.00023527901952815863,""KARPUZ"":2.1389001775287147e-05,""KAVUN"":0.0010480610869890701,""KAYSI"":0.032126280666481294,""KIRAZ"":0.007186704596496482,""KURU_FASULYE"":0.003871409321326974,""LAHANA_BEYAZ"":0.0029302932432143393,""MARUL"":0.00025666802130344576,""MAYDONOZ"":0.00014972301242701004,""MERCIMEK"":0.10298804354800761,""MERCIMEK_KURU"":0.003956965328428122,""MISIR_DANE"":0.0006416700532586144,""NEKTAR"":0.056659465702735654,""NOHUT"":0.00825615468526084,""NOHUT_KURU"":0.002331401193506299,""PATATES"":0.00021389001775287147,""SALCALIK_BIBER"":0.0005561140461574658,""SALCALIK_DOMATES"":0.00021389001775287147,""SARIMSAK_KURU"":4.277800355057429e-05,""SEFTALI"":0.015956195324364212,""SIVRI_BIBER"":4.277800355057429e-05,""SOFRALIK_DOMATES"":0.00021389001775287147,""SOGAN_KURU"":0.0008983380745620602,""SOGAN_TAZE"":0.0009625050798879216,""SORGUM"":0.00023527901952815863,""TURP_KIRMIZI"":0.0031227942591919235,""VISNE"":4.277800355057429e-05,""YONCA_YESILOT"":0.000577503047932753,""YULAF_DANE"":0.0010694500887643574}",-0.1,6.284683698669237,ECONOMIC,False,0.36043871392229526,04badd38e3e643fe4ed8f0d9f487186e14db2a107bd35322c27d832c2f9e31a6,violation,"[1,2,3,4,5,6,7,8,9,10,11,12]",max_profit,2024,FULL_REFERENCE_PROJECT_EXPERIMENT,48759466a28fceb0baae,35.997826600003464,S2,dbec41af786b5c51a56fce710079daa83156b7b94172c590ac6118e3f2c0af9f,SCN-dbec41af786b,101,ELMA,0.5749363677197186,"[""ELMA"",""BAG"",""MERCIMEK""]",0.7943447479306142,198372158.776194,31564382.2804,10401986.556,1.0
ACO,179,True,134919,SAFE WITH LIMITATION,"{""ARMUT"":342.4016523894497,""AYVA"":46.65169764816349,""BADEM"":121.0,""BAĞ"":5413.0,""CEVİZ"":1274.2577200602138,""ELMA"":24677.424483839037,""ERİK"":200.17801464820462,""KAYSI"":1400.3550963590642,""KİRAZ"":175.8774914359967,""MARUL"":13942.0,""NEKTAR"":2331.7033122869616,""TURP (KIRMIZI)"":81491.0,""VİŞNE"":1.8416491249842584,""ÇİLEK"":12.0,""ŞEFTALİ"":595.0263456686764}",15,"{""ARMUT"":0.0025934662763752022,""AYVA"":0.0003533557847686729,""BADEM"":0.0009164950497507259,""BAĞ"":0.040999898382650245,""CEVİZ"":0.009651660268940763,""ELMA"":0.18691518495897388,""ERİK"":0.001516216194165354,""KAYSI"":0.010606764576084985,""KİRAZ"":0.0013321557873030303,""MARUL"":0.10560143788119522,""NEKTAR"":0.017661111927259266,""TURP (KIRMIZI)"":0.6172404801589786,""VİŞNE"":1.3949275259717593e-05,""ÇİLEK"":9.089207104965877e-05,""ŞEFTALİ"":0.004506931407244679}",0.0,13.338455141065523,ALGORITHM_SEED,True,0.42930541026838737,cba24092bef97bba82cb4603e3f6b2f0a9aaac9a5ffc167835f9aff672c5372b,not_available,,water_saving,2024,FULL_REFERENCE_PROJECT_EXPERIMENT,53e613e87b8565ad884a,102.68833719999748,S1,154a017902629047d7e8b789906d532f226313171c16c2e12dab18e6d2f3e3e2,SCN-154a01790262,101,TURP (KIRMIZI),0.6172404801589786,"[""TURP (KIRMIZI)"",""ELMA"",""MARUL""]",0.9097571029991477,774601807.8502525,58072827.74940416,100700080.81,1.0
GA,179,False,134919,DIAGNOSTIC ONLY,"{""ARMUT"":449.0,""ARPA"":89.0,""ARPA_DANE"":35.0,""ARPA_KURU"":42.0,""ARPA_YESILOT"":27.0,""AYCICEGI"":30.0,""AYVA"":55.0,""BADEM"":121.0,""BAG"":5443.0,""BUGDAY"":144.0,""BUGDAY_DANE"":50.0,""BUGDAY_KURU"":31.0,""CEVIZ"":1408.0,""CILEK"":12.0,""ELMA"":26880.0,""ERIK"":210.0,""FASULYE_TAZE"":40.0,""FIG_YESILOT"":82.0,""HIYAR_SOFRALIK"":1.0,""ISPANAK"":65.0,""KABAK_CEREZLIK"":11.0,""KARPUZ"":1.0,""KAVUN"":49.0,""KAYSI"":1502.0,""KIRAZ"":236.0,""KURU_FASULYE"":181.0,""LAHANA_BEYAZ"":137.0,""MARUL"":12.0,""MAYDONOZ"":7.0,""MERCIMEK"":4775.0,""MERCIMEK_KURU"":185.0,""MISIR_DANE"":30.0,""NEKTAR"":2649.0,""NOHUT"":346.0,""NOHUT_KURU"":109.0,""PATATES"":10.0,""SALCALIK_BIBER"":26.0,""SALCALIK_DOMATES"":10.0,""SARIMSAK_KURU"":2.0,""SEFTALI"":696.0,""SIVRI_BIBER"":2.0,""SOFRALIK_DOMATES"":10.0,""SOGAN_KURU"":2.0,""SOGAN_TAZE"":45.0,""SORGUM"":11.0,""TURP_KIRMIZI"":16.0,""VISNE"":2.0,""YONCA_YESILOT"":27.0,""YULAF_DANE"":50.0}",49,"{""ARMUT"":0.009686535930791966,""ARPA"":0.0019200483248117705,""ARPA_DANE"":0.0007550751839147412,""ARPA_KURU"":0.0009060902206976894,""ARPA_YESILOT"":0.0005824865704485147,""AYCICEGI"":0.0006472073004983496,""AYVA"":0.0011865467175803076,""BADEM"":0.002610402778676677,""BAG"":0.1174249778870839,""BUGDAY"":0.0031065950423920783,""BUGDAY_DANE"":0.0010786788341639161,""BUGDAY_KURU"":0.0006687808771816279,""CEVIZ"":0.030375595970055874,""CILEK"":0.00025888292019933984,""ELMA"":0.5798977412465213,""ERIK"":0.004530451103488447,""FASULYE_TAZE"":0.0008629430673311329,""FIG_YESILOT"":0.0017690332880288223,""HIYAR_SOFRALIK"":2.157357668327832e-05,""ISPANAK"":0.001402282484413091,""KABAK_CEREZLIK"":0.00023730934351606152,""KARPUZ"":2.157357668327832e-05,""KAVUN"":0.0010571052574806377,""KAYSI"":0.032403512178284036,""KIRAZ"":0.0050913640972536835,""KURU_FASULYE"":0.003904817379673376,""LAHANA_BEYAZ"":0.00295558000560913,""MARUL"":0.00025888292019933984,""MAYDONOZ"":0.00015101503678294825,""MERCIMEK"":0.10301382866265398,""MERCIMEK_KURU"":0.003991111686406489,""MISIR_DANE"":0.0006472073004983496,""NEKTAR"":0.05714840463400427,""NOHUT"":0.007464457532414299,""NOHUT_KURU"":0.002351519858477337,""PATATES"":0.00021573576683278322,""SALCALIK_BIBER"":0.0005609129937652363,""SALCALIK_DOMATES"":0.00021573576683278322,""SARIMSAK_KURU"":4.314715336655664e-05,""SEFTALI"":0.015015209371561712,""SIVRI_BIBER"":4.314715336655664e-05,""SOFRALIK_DOMATES"":0.00021573576683278322,""SOGAN_KURU"":4.314715336655664e-05,""SOGAN_TAZE"":0.0009708109507475244,""SORGUM"":0.00023730934351606152,""TURP_KIRMIZI"":0.00034517722693245314,""VISNE"":4.314715336655664e-05,""YONCA_YESILOT"":0.0005824865704485147,""YULAF_DANE"":0.0010786788341639161}",0.0,7.897523368000349,WATER_THRESHOLD+ALGORITHM_SEED,False,0.3664233546719619,cba24092bef97bba82cb4603e3f6b2f0a9aaac9a5ffc167835f9aff672c5372b,violation,"[1,2,3,4,5,6,7,8,9,10,11,12]",water_saving,2024,FULL_REFERENCE_PROJECT_EXPERIMENT,59fa0f923b8ad10643d6,49.79523160000099,S2,a09ff6ec115e16ed81d04037bfc34d409ec6cdba4ad2520d2d138e03558a8386,SCN-a09ff6ec115e,101,ELMA,0.5798977412465213,"[""ELMA"",""BAG"",""MERCIMEK""]",0.8003365477962592,188349606.4327036,23849199.0028,10401986.556,1.0
GA,179,True,134919,SAFE WITH LIMITATION,"{""ARMUT"":389.0,""ARPA (YEŞİLOT)"":2991.0,""AYVA"":53.0,""BADEM"":121.0,""BAĞ"":5413.0,""BUĞDAY (YEŞİLOT)"":3495.0,""CEVİZ"":1388.0,""ELMA"":26880.0,""ERİK"":210.0,""ISPANAK"":1120.0,""KABAK (BAL)"":390.0,""KABAK (ÇEREZLİK)"":90.0,""KARPUZ"":10.0,""KAYSI"":1502.0,""KİRAZ"":191.0,""LAHANA (BEYAZ)"":2550.0,""LAHANA (KIRMIZI)"":1518.0,""MARUL"":19482.0,""NEKTAR"":2649.0,""PATATES"":250.0,""SALÇALIK BİBER"":1620.0,""SALÇALIK DOMATES"":14362.0,""SARIMSAK (KURU)"":950.0,""SOĞAN (KURU)"":779.0,""SOĞAN (TAZE)"":171.0,""TRİTİKALE (YEŞİLOT)"":225.0,""TURP (KIRMIZI)"":44440.0,""VİŞNE"":2.0,""YULAF (YEŞİLOT)"":890.0,""ÇAVDAR (YEŞİLOT)"":100.0,""ÇİLEK"":12.0,""ŞEFTALİ"":676.0}",32,"{""ARMUT"":0.0028832114083264773,""ARPA (YEŞİLOT)"":0.022168856869677362,""AYVA"":0.0003928282895663324,""BADEM"":0.000896834396934457,""BAĞ"":0.04012036851740674,""BUĞDAY (YEŞİLOT)"":0.025904431547817578,""CEVİZ"":0.010287654073925836,""ELMA"":0.1992306495008116,""ERİK"":0.0015564894492250906,""ISPANAK"":0.008301277062533816,""KABAK (BAL)"":0.0028906232628465966,""KABAK (ÇEREZLİK)"":0.0006670669068107531,""KARPUZ"":7.411854520119479e-05,""KAYSI"":0.011132605489219457,""KİRAZ"":0.0014156642133428205,""LAHANA (BEYAZ)"":0.01890022902630467,""LAHANA (KIRMIZI)"":0.011251195161541369,""MARUL"":0.1443977497609677,""NEKTAR"":0.0196340026237965,""PATATES"":0.0018529636300298699,""SALÇALIK BİBER"":0.012007204322593557,""SALÇALIK DOMATES"":0.10644905461795597,""SARIMSAK (KURU)"":0.007041261794113505,""SOĞAN (KURU)"":0.005773834671173074,""SOĞAN (TAZE)"":0.0012674271229404308,""TRİTİKALE (YEŞİLOT)"":0.0016676672670268829,""TURP (KIRMIZI)"":0.32938281487410964,""VİŞNE"":1.4823709040238959e-05,""YULAF (YEŞİLOT)"":0.006596550522906337,""ÇAVDAR (YEŞİLOT)"":0.0007411854520119479,""ÇİLEK"":8.894225424143375e-05,""ŞEFTALİ"":0.005010413655600768}",0.0,14.066363450693915,WATER_THRESHOLD,True,0.1846347187330756,ed2468d973f1c35b90977efdfc18888454ab05208c6edde127eca1c70f825b13,not_available,,water_saving,2024,FULL_REFERENCE_PROJECT_EXPERIMENT,5d7159c92df89a3bc4fe,119.80924249999953,S1,d176d3f0f0304a6c0bdc16f26e5a33dc30d45610096f9e26ef48c00bb67a07f5,SCN-d176d3f0f030,101,TURP (KIRMIZI),0.32938281487410964,"[""TURP (KIRMIZI)"",""ELMA"",""MARUL""]",0.6730112141358888,1007436910.442,71620281.52999997,217921237.66326556,2.1640621925064525
GA,179,True,134919,SAFE WITH LIMITATION,"{""ARMUT"":389.0,""ARPA (YEŞİLOT)"":1309.0,""AYVA"":53.0,""BADEM"":121.0,""BAĞ"":5413.0,""BUĞDAY (YEŞİLOT)"":552.0,""CEVİZ"":1388.0,""ELMA"":26880.0,""ERİK"":210.0,""FİĞ (YEŞİLOT)"":20.0,""ISPANAK"":9036.0,""KAYSI"":1502.0,""KİRAZ"":191.0,""LAHANA (BEYAZ)"":867.0,""LAHANA (KIRMIZI)"":5433.0,""MARUL"":18010.0,""NEKTAR"":2649.0,""SALÇALIK BİBER"":111.0,""SALÇALIK DOMATES"":657.0,""SARIMSAK (KURU)"":25.0,""TURP (KIRMIZI)"":49524.0,""VİŞNE"":2.0,""YULAF (Dane)"":300.0,""YULAF (YEŞİLOT)"":9589.0,""ÇİLEK"":12.0,""ŞEFTALİ"":676.0}",26,"{""ARMUT"":0.0028832114083264773,""ARPA (YEŞİLOT)"":0.009702117566836399,""AYVA"":0.0003928282895663324,""BADEM"":0.000896834396934457,""BAĞ"":0.04012036851740674,""BUĞDAY (YEŞİLOT)"":0.004091343695105953,""CEVİZ"":0.010287654073925836,""ELMA"":0.1992306495008116,""ERİK"":0.0015564894492250906,""FİĞ (YEŞİLOT)"":0.00014823709040238958,""ISPANAK"":0.06697351744379962,""KAYSI"":0.011132605489219457,""KİRAZ"":0.0014156642133428205,""LAHANA (BEYAZ)"":0.006426077868943589,""LAHANA (KIRMIZI)"":0.04026860560780913,""MARUL"":0.13348749990735181,""NEKTAR"":0.0196340026237965,""SALÇALIK BİBER"":0.0008227158517332622,""SALÇALIK DOMATES"":0.004869588419718498,""SARIMSAK (KURU)"":0.00018529636300298699,""TURP (KIRMIZI)"":0.36706468325439706,""VİŞNE"":1.4823709040238959e-05,""YULAF (Dane)"":0.002223556356035844,""YULAF (YEŞİLOT)"":0.07107227299342568,""ÇİLEK"":8.894225424143375e-05,""ŞEFTALİ"":0.005010413655600768}",0.0,12.676102787587702,WATER_THRESHOLD,True,0.20585180100380177,b0328341aed77ced6f6f4d2cec29297779964e63697a5ffe93dd85c11b86ff4c,not_available,,water_saving,2024,FULL_REFERENCE_PROJECT_EXPERIMENT,6aaf84a773bc7c32e5e7,118.6052688000018,S1,9671b1cb69f2a8b8cc295f4280e6290bf01274fa48cd715ee3d66bae1be413c2,SCN-9671b1cb69f2,101,TURP (KIRMIZI),0.36706468325439706,"[""TURP (KIRMIZI)"",""ELMA"",""MARUL""]",0.6997828326625606,814314807.1099999,64240154.940000005,151050121.215,1.5
ACO,179,False,134919,DIAGNOSTIC ONLY,"{""ARMUT"":389.0,""ARPA"":3603.0,""ARPA_KURU"":5459.0,""AYVA"":53.0,""BADEM"":121.0,""BAG"":5413.0,""BUGDAY"":1087.0,""CEVIZ"":1388.0,""CILEK"":12.0,""ELMA"":26880.0,""ERIK"":210.0,""KAYSI"":1502.0,""KIRAZ"":191.0,""KURU_FASULYE"":459.0,""MERCIMEK"":60450.0,""MERCIMEK_KURU"":17561.0,""NEKTAR"":2649.0,""NOHUT"":83024.0,""NOHUT_KURU"":615.0,""SEFTALI"":676.0,""TURP_KIRMIZI"":153.0,""VISNE"":2.0}",22,"{""ARMUT"":0.0018357975809001543,""ARPA"":0.017003544174764153,""ARPA_KURU"":0.02576251669443173,""AYVA"":0.0002501215213051624,""BADEM"":0.0005710321524136727,""BAG"":0.025545430091034795,""BUGDAY"":0.0051298508237492746,""CEVIZ"":0.006550352293803121,""CILEK"":5.663128784267828e-05,""ELMA"":0.12685408476759935,""ERIK"":0.00099104753724687,""KAYSI"":0.007088349528308565,""KIRAZ"":0.0009013813314959627,""KURU_FASULYE"":0.0021661467599824445,""MERCIMEK"":0.28528011250749186,""MERCIMEK_KURU"":0.08287517048377277,""NEKTAR"":0.01250135679127123,""NOHUT"":0.3918130034875435,""NOHUT_KURU"":0.002902353501937262,""SEFTALI"":0.0031902292151375434,""TURP_KIRMIZI"":0.0007220489199941481,""VISNE"":9.438547973779713e-06}",0.0,12.560759956448527,ALGORITHM_SEED,False,0.25977294439962284,cba24092bef97bba82cb4603e3f6b2f0a9aaac9a5ffc167835f9aff672c5372b,violation,"[1,2,3,4,5,6,7,8,9,10,11,12]",water_saving,2024,FULL_REFERENCE_PROJECT_EXPERIMENT,713d1e4d2ad23aa53b2b,32.47231380000085,S2,bf5073826de89c1d44999e89f1407b0694215a6e4be2361158b4226fd320f19a,SCN-bf5073826de8,211,NOHUT,0.3918130034875435,"[""NOHUT"",""MERCIMEK"",""ELMA""]",0.8039472007626347,556347748.55,44292522.94280001,10401986.556,1.0
GA,179,True,134919,SAFE WITH LIMITATION,"{""ARMUT"":389.0,""ARPA (YEŞİLOT)"":1458.0,""AYVA"":53.0,""BADEM"":121.0,""BAĞ"":5413.0,""BUĞDAY (YEŞİLOT)"":130.0,""CEVİZ"":1388.0,""ELMA"":26880.0,""ERİK"":210.0,""ISPANAK"":3522.0,""KABAK (BAL)"":390.0,""KABAK (SAKIZ)"":600.0,""KABAK (ÇEREZLİK)"":20.0,""KARPUZ"":10.0,""KAYSI"":1502.0,""KURU FASULYE"":50.0,""KİRAZ"":191.0,""LAHANA (BEYAZ)"":6037.0,""LAHANA (KIRMIZI)"":3177.0,""MARUL"":16385.0,""NEKTAR"":2649.0,""SALÇALIK BİBER"":6453.0,""SALÇALIK DOMATES"":9276.0,""SARIMSAK (KURU)"":332.0,""SOĞAN (TAZE)"":11.0,""TURP (KIRMIZI)"":46771.0,""VİŞNE"":2.0,""YULAF (YEŞİLOT)"":750.0,""ÇAVDAR (YEŞİLOT)"":61.0,""ÇİLEK"":12.0,""ŞEFTALİ"":676.0}",31,"{""ARMUT"":0.0028832114083264773,""ARPA (YEŞİLOT)"":0.010806483890334201,""AYVA"":0.0003928282895663324,""BADEM"":0.000896834396934457,""BAĞ"":0.04012036851740674,""BUĞDAY (YEŞİLOT)"":0.0009635410876155323,""CEVİZ"":0.010287654073925836,""ELMA"":0.1992306495008116,""ERİK"":0.0015564894492250906,""ISPANAK"":0.026104551619860805,""KABAK (BAL)"":0.0028906232628465966,""KABAK (SAKIZ)"":0.004447112712071688,""KABAK (ÇEREZLİK)"":0.00014823709040238958,""KARPUZ"":7.411854520119479e-05,""KAYSI"":0.011132605489219457,""KURU FASULYE"":0.00037059272600597397,""KİRAZ"":0.0014156642133428205,""LAHANA (BEYAZ)"":0.0447453657379613,""LAHANA (KIRMIZI)"":0.023547461810419584,""MARUL"":0.12144323631215767,""NEKTAR"":0.0196340026237965,""SALÇALIK BİBER"":0.047828697218330996,""SALÇALIK DOMATES"":0.06875236252862829,""SARIMSAK (KURU)"":0.002460735700679667,""SOĞAN (TAZE)"":8.153039972131428e-05,""TURP (KIRMIZI)"":0.3466598477605082,""VİŞNE"":1.4823709040238959e-05,""YULAF (YEŞİLOT)"":0.005558890890089609,""ÇAVDAR (YEŞİLOT)"":0.00045212312572728825,""ÇİLEK"":8.894225424143375e-05,""ŞEFTALİ"":0.005010413655600768}",0.0,13.78173527636849,WATER_THRESHOLD,True,0.18731380416632368,7262f928914849712a1c03b8962f6481acd2f8458cfc73d51aeadad9e421e2f4,not_available,,water_saving,2024,FULL_REFERENCE_PROJECT_EXPERIMENT,737c93d1216d6f455430,92.98262660000182,S1,1082458d6c727db6f8946c2a74cbdb3f65f4f4e49baee9ca00a72651edf006f8,SCN-1082458d6c72,101,TURP (KIRMIZI),0.3466598477605082,"[""TURP (KIRMIZI)"",""ELMA"",""MARUL""]",0.6673337335734775,963672934.5289999,69923918.52,251750202.02500004,2.5
ABC,179,False,134919,DIAGNOSTIC ONLY,"{""ARMUT"":1099.0,""ARPA"":8390.0,""ARPA_DANE"":210.0,""ARPA_KURU"":16952.0,""ARPA_YESILOT"":272.0,""AYCICEGI"":2148.0,""AYVA"":188.0,""BADEM"":1373.0,""BAG"":5913.0,""BARBUNYA_FASULYE_TAZE"":16.0,""BUGDAY"":880.0,""BUGDAY_DANE"":5437.0,""BUGDAY_KURU"":5950.0,""BUGDAY_YESILOT"":110.0,""CAVDAR_DANE"":5340.0,""CAVDAR_YESILOT"":5723.0,""CEVIZ"":1404.0,""CILEK"":12.0,""ELMA"":26970.0,""ERIK"":247.0,""FASULYE_TAZE"":650.0,""FIG_YESILOT"":550.0,""HIYAR_SOFRALIK"":929.0,""KABAK_BAL"":50.0,""KABAK_CEREZLIK"":507.0,""KABAK_SAKIZ"":475.0,""KARPUZ"":100.0,""KAVUN"":3927.0,""KAYSI"":3753.0,""KIRAZ"":3183.0,""KURU_FASULYE"":3260.0,""LAHANA_BEYAZ"":850.0,""LAHANA_KIRMIZI"":17.0,""LAVANTA"":5.0,""MAYDONOZ"":680.0,""MERCIMEK"":3085.0,""MERCIMEK_KURU"":306.0,""NEKTAR"":2649.0,""NOHUT"":720.0,""NOHUT_KURU"":7451.0,""PATATES"":913.0,""PIRASA"":931.0,""SALCALIK_BIBER"":4571.0,""SALCALIK_DOMATES"":1381.0,""SARIMSAK_KURU"":2.0,""SEFTALI"":3216.0,""SEKER_PANCARI"":65.0,""SILAJLIK_MISIR"":5528.0,""SIVRI_BIBER"":100.0,""SOGAN_KURU"":2960.0,""SOGAN_TAZE"":586.0,""SORGUM"":7935.0,""TRTIKALE_DANE"":100.0,""VISNE"":2.0,""YONCA_YESILOT"":32.0,""YULAF_DANE"":10.0}",56,"{""ARMUT"":0.00732115139927921,""ARPA"":0.05589122860778214,""ARPA_DANE"":0.0013989461272508044,""ARPA_KURU"":0.11292826071026493,""ARPA_YESILOT"":0.0018119683172010419,""AYCICEGI"":0.014309220387308228,""AYVA"":0.0012523898663007202,""BADEM"":0.00914644301293026,""BAG"":0.03939032595444765,""BARBUNYA_FASULYE_TAZE"":0.00010658637160006128,""BUGDAY"":0.005862250438003371,""BUGDAY_DANE"":0.03621938139934583,""BUGDAY_KURU"":0.03963680693877279,""BUGDAY_YESILOT"":0.0007327813047504214,""CAVDAR_DANE"":0.03557320152152046,""CAVDAR_YESILOT"":0.03812461279169692,""CEVIZ"":0.009352954107905377,""CILEK"":7.993977870004597e-05,""ELMA"":0.1796646526283533,""ERIK"":0.001645427111575946,""FASULYE_TAZE"":0.00433007134625249,""FIG_YESILOT"":0.0036639065237521065,""HIYAR_SOFRALIK"":0.006188671201028558,""KABAK_BAL"":0.0003330824112501915,""KABAK_CEREZLIK"":0.003377455650076942,""KABAK_SAKIZ"":0.0031642829068768193,""KARPUZ"":0.000666164822500383,""KAVUN"":0.02616029257959004,""KAYSI"":0.025001165788439375,""KIRAZ"":0.021204026300187192,""KURU_FASULYE"":0.021716973213512486,""LAHANA_BEYAZ"":0.005662400991253256,""LAHANA_KIRMIZI"":0.00011324801982506512,""LAVANTA"":3.3308241125019155e-05,""MAYDONOZ"":0.004529920793002604,""MERCIMEK"":0.020551184774136817,""MERCIMEK_KURU"":0.002038464356851172,""NEKTAR"":0.017646706148035148,""NOHUT"":0.004796386722002758,""NOHUT_KURU"":0.04963594092450354,""PATATES"":0.006082084829428497,""PIRASA"":0.006201994497478566,""SALCALIK_BIBER"":0.03045039403649251,""SALCALIK_DOMATES"":0.00919973619873029,""SARIMSAK_KURU"":1.332329645000766e-05,""SEFTALI"":0.02142386069161232,""SEKER_PANCARI"":0.000433007134625249,""SILAJLIK_MISIR"":0.036825591387821176,""SIVRI_BIBER"":0.000666164822500383,""SOGAN_KURU"":0.019718478746011337,""SOGAN_TAZE"":0.0039037258598522448,""SORGUM"":0.05286017866540539,""TRTIKALE_DANE"":0.000666164822500383,""VISNE"":1.332329645000766e-05,""YONCA_YESILOT"":0.00021317274320012256,""YULAF_DANE"":6.661648225003831e-05}",0.0,5.162113711630241,ALGORITHM_SEED,False,0.0674855424616737,cba24092bef97bba82cb4603e3f6b2f0a9aaac9a5ffc167835f9aff672c5372b,violation,"[1,2,3,4,5,6,7,8,9,10,11,12]",water_saving,2024,FULL_REFERENCE_PROJECT_EXPERIMENT,750e67236b494b02a2d4,33.81746520000161,S2,600161d82ac7c8f84ff6bca3516fb46744dd94081298fde6c7d69fea7237aba1,SCN-600161d82ac7,503,ELMA,0.1796646526283533,"[""ELMA"",""ARPA_KURU"",""ARPA""]",0.34848414194640037,412163358.8762828,79843913.15279996,10401986.556,1.0
ABC,179,True,134919,SAFE WITH LIMITATION,"{""ARMUT"":342.4016523894497,""ARPA (YEŞİLOT)"":5.0,""AYVA"":46.65169764816349,""BADEM"":121.0,""BAĞ"":5413.0,""CEVİZ"":1274.2577200602138,""ELMA"":24677.424483839037,""ERİK"":200.17801464820462,""KAYSI"":1400.3550963590642,""KİRAZ"":175.8774914359967,""LAHANA (BEYAZ)"":1650.0,""MARUL"":13942.0,""NEKTAR"":2331.7033122869616,""TURP (KIRMIZI)"":79836.0,""VİŞNE"":1.8416491249842584,""ÇİLEK"":12.0,""ŞEFTALİ"":595.0263456686764}",17,"{""ARMUT"":0.0025934662763752022,""ARPA (YEŞİLOT)"":3.787169627069116e-05,""AYVA"":0.0003533557847686729,""BADEM"":0.0009164950497507259,""BAĞ"":0.040999898382650245,""CEVİZ"":0.009651660268940763,""ELMA"":0.18691518495897388,""ERİK"":0.001516216194165354,""KAYSI"":0.010606764576084985,""KİRAZ"":0.0013321557873030303,""LAHANA (BEYAZ)"":0.012497659769328082,""MARUL"":0.10560143788119522,""NEKTAR"":0.017661111927259266,""TURP (KIRMIZI)"":0.6047049486933799,""VİŞNE"":1.3949275259717593e-05,""ÇİLEK"":9.089207104965877e-05,""ŞEFTALİ"":0.004506931407244679}",0.0,13.322181260616347,ALGORITHM_SEED,True,0.41414386782973933,cba24092bef97bba82cb4603e3f6b2f0a9aaac9a5ffc167835f9aff672c5372b,not_available,,water_saving,2024,FULL_REFERENCE_PROJECT_EXPERIMENT,848c10e34d86ec9e27de,123.49030820000189,S1,1f778c9774fd1f173b311d2f1d29803d24b0f6986f7399f7eea221c71b8b5f49,SCN-1f778c9774fd,101,TURP (KIRMIZI),0.6047049486933799,"[""TURP (KIRMIZI)"",""ELMA"",""MARUL""]",0.897221571533549,776207842.0502526,58264320.74940418,100700080.81,1.0
ACO,179,True,134919,SAFE WITH LIMITATION,"{""ARMUT"":342.4016523894497,""AYVA"":46.65169764816349,""BADEM"":121.0,""BAĞ"":5413.0,""CEVİZ"":1274.2577200602138,""ELMA"":24677.424483839037,""ERİK"":200.17801464820462,""KAYSI"":1400.3550963590642,""KİRAZ"":175.8774914359967,""MARUL"":13942.0,""NEKTAR"":2331.7033122869616,""TURP (KIRMIZI)"":81491.0,""VİŞNE"":1.8416491249842584,""ÇİLEK"":12.0,""ŞEFTALİ"":595.0263456686764}",15,"{""ARMUT"":0.0025934662763752022,""AYVA"":0.0003533557847686729,""BADEM"":0.0009164950497507259,""BAĞ"":0.040999898382650245,""CEVİZ"":0.009651660268940763,""ELMA"":0.18691518495897388,""ERİK"":0.001516216194165354,""KAYSI"":0.010606764576084985,""KİRAZ"":0.0013321557873030303,""MARUL"":0.10560143788119522,""NEKTAR"":0.017661111927259266,""TURP (KIRMIZI)"":0.6172404801589786,""VİŞNE"":1.3949275259717593e-05,""ÇİLEK"":9.089207104965877e-05,""ŞEFTALİ"":0.004506931407244679}",0.0,13.338455141065523,ALGORITHM_SEED,True,0.42930541026838737,cba24092bef97bba82cb4603e3f6b2f0a9aaac9a5ffc167835f9aff672c5372b,not_available,,water_saving,2024,FULL_REFERENCE_PROJECT_EXPERIMENT,86e0f97f2744ce6873b6,130.1641752999967,S1,c21932cda550daf15197ba9ec72c6b275ec076c1bc152e74ed27a4d06bb943f5,SCN-c21932cda550,307,TURP (KIRMIZI),0.6172404801589786,"[""TURP (KIRMIZI)"",""ELMA"",""MARUL""]",0.9097571029991477,774601807.8502525,58072827.74940416,100700080.81,1.0
GA,179,False,134919,DIAGNOSTIC ONLY,"{""ARMUT"":449.0,""ARPA"":89.0,""ARPA_DANE"":35.0,""ARPA_KURU"":42.0,""ARPA_YESILOT"":27.0,""AYCICEGI"":30.0,""AYVA"":55.0,""BADEM"":121.0,""BAG"":5443.0,""BUGDAY"":144.0,""BUGDAY_DANE"":50.0,""BUGDAY_KURU"":31.0,""CEVIZ"":1408.0,""CILEK"":12.0,""ELMA"":26880.0,""ERIK"":210.0,""FASULYE_TAZE"":40.0,""FIG_YESILOT"":82.0,""HIYAR_SOFRALIK"":1.0,""ISPANAK"":65.0,""KABAK_CEREZLIK"":11.0,""KARPUZ"":1.0,""KAVUN"":49.0,""KAYSI"":1502.0,""KIRAZ"":236.0,""KURU_FASULYE"":181.0,""LAHANA_BEYAZ"":137.0,""MARUL"":12.0,""MAYDONOZ"":7.0,""MERCIMEK"":4775.0,""MERCIMEK_KURU"":185.0,""MISIR_DANE"":30.0,""NEKTAR"":2649.0,""NOHUT"":346.0,""NOHUT_KURU"":109.0,""PATATES"":10.0,""SALCALIK_BIBER"":26.0,""SALCALIK_DOMATES"":10.0,""SARIMSAK_KURU"":2.0,""SEFTALI"":696.0,""SIVRI_BIBER"":2.0,""SOFRALIK_DOMATES"":10.0,""SOGAN_KURU"":2.0,""SOGAN_TAZE"":45.0,""SORGUM"":11.0,""TURP_KIRMIZI"":16.0,""VISNE"":2.0,""YONCA_YESILOT"":27.0,""YULAF_DANE"":50.0}",49,"{""ARMUT"":0.009686535930791966,""ARPA"":0.0019200483248117705,""ARPA_DANE"":0.0007550751839147412,""ARPA_KURU"":0.0009060902206976894,""ARPA_YESILOT"":0.0005824865704485147,""AYCICEGI"":0.0006472073004983496,""AYVA"":0.0011865467175803076,""BADEM"":0.002610402778676677,""BAG"":0.1174249778870839,""BUGDAY"":0.0031065950423920783,""BUGDAY_DANE"":0.0010786788341639161,""BUGDAY_KURU"":0.0006687808771816279,""CEVIZ"":0.030375595970055874,""CILEK"":0.00025888292019933984,""ELMA"":0.5798977412465213,""ERIK"":0.004530451103488447,""FASULYE_TAZE"":0.0008629430673311329,""FIG_YESILOT"":0.0017690332880288223,""HIYAR_SOFRALIK"":2.157357668327832e-05,""ISPANAK"":0.001402282484413091,""KABAK_CEREZLIK"":0.00023730934351606152,""KARPUZ"":2.157357668327832e-05,""KAVUN"":0.0010571052574806377,""KAYSI"":0.032403512178284036,""KIRAZ"":0.0050913640972536835,""KURU_FASULYE"":0.003904817379673376,""LAHANA_BEYAZ"":0.00295558000560913,""MARUL"":0.00025888292019933984,""MAYDONOZ"":0.00015101503678294825,""MERCIMEK"":0.10301382866265398,""MERCIMEK_KURU"":0.003991111686406489,""MISIR_DANE"":0.0006472073004983496,""NEKTAR"":0.05714840463400427,""NOHUT"":0.007464457532414299,""NOHUT_KURU"":0.002351519858477337,""PATATES"":0.00021573576683278322,""SALCALIK_BIBER"":0.0005609129937652363,""SALCALIK_DOMATES"":0.00021573576683278322,""SARIMSAK_KURU"":4.314715336655664e-05,""SEFTALI"":0.015015209371561712,""SIVRI_BIBER"":4.314715336655664e-05,""SOFRALIK_DOMATES"":0.00021573576683278322,""SOGAN_KURU"":4.314715336655664e-05,""SOGAN_TAZE"":0.0009708109507475244,""SORGUM"":0.00023730934351606152,""TURP_KIRMIZI"":0.00034517722693245314,""VISNE"":4.314715336655664e-05,""YONCA_YESILOT"":0.0005824865704485147,""YULAF_DANE"":0.0010786788341639161}",0.0,7.897523368000349,WATER_THRESHOLD,False,0.3664233546719619,a91a89d37b5f020cf210e932da3e6c38f80ac435f4c0aded270489f386e04bb6,violation,"[1,2,3,4,5,6,7,8,9,10,11,12]",water_saving,2024,FULL_REFERENCE_PROJECT_EXPERIMENT,87527d3a08871850f927,40.94150549999904,S2,55f52461d778b19b8e792e06a10a4827644179aa118ddc6cdbee12ec857c8465,SCN-55f52461d778,101,ELMA,0.5798977412465213,"[""ELMA"",""BAG"",""MERCIMEK""]",0.8003365477962592,188349606.4327036,23849199.0028,21385018.541160002,2.05585908288113
GA,179,True,134919,SAFE WITH LIMITATION,"{""ARMUT"":342.4016523894497,""ARPA (YEŞİLOT)"":130.0,""AYVA"":46.65169764816349,""BADEM"":121.0,""BAĞ"":5413.0,""CEVİZ"":1274.2577200602138,""ELMA"":24677.424483839037,""ERİK"":200.17801464820462,""ISPANAK"":4441.0,""KAYSI"":1400.3550963590642,""KİRAZ"":175.8774914359967,""LAHANA (BEYAZ)"":11590.0,""LAHANA (KIRMIZI)"":85.0,""MARUL"":13462.0,""NEKTAR"":2331.7033122869616,""SALÇALIK BİBER"":706.0,""SALÇALIK DOMATES"":132.55747815233082,""SOFRALIK DOMATES"":397.6765184559787,""SİVRİ BİBER"":76.0,""TRİTİKALE (YEŞİLOT)"":21.0,""TURP (KIRMIZI)"":64140.0,""VİŞNE"":1.8416491249842584,""YULAF (YEŞİLOT)"":27.0,""ÇAVDAR (YEŞİLOT)"":195.0,""ÇİLEK"":12.0,""ŞEFTALİ"":595.0263456686764}",26,"{""ARMUT"":0.002594051125455602,""ARPA (YEŞİLOT)"":0.0009848861533111547,""AYVA"":0.00035343546955488297,""BADEM"":0.0009167017273126902,""BAĞ"":0.041009144214409855,""CEVİZ"":0.009653836801824203,""ELMA"":0.18695733595011338,""ERİK"":0.0015165581140333404,""ISPANAK"":0.03364522620657568,""KAYSI"":0.010609156493251925,""KİRAZ"":0.0013324561999570334,""LAHANA (BEYAZ)"":0.08780638859135603,""LAHANA (KIRMIZI)"":0.000643964023318832,""MARUL"":0.10198874919903667,""NEKTAR"":0.017665094660778338,""SALÇALIK BİBER"":0.005348689417212887,""SALÇALIK DOMATES"":0.0010042617288467427,""SOFRALIK DOMATES"":0.0030128161271098563,""SİVRİ BİBER"":0.0005757795973203674,""TRİTİKALE (YEŞİLOT)"":0.0001590969939964173,""TURP (KIRMIZI)"":0.48592767594905745,""VİŞNE"":1.3952420941958464e-05,""YULAF (YEŞİLOT)"":0.0002045532779953937,""ÇAVDAR (YEŞİLOT)"":0.0014773292299667322,""ÇİLEK"":9.091256799795275e-05,""ŞEFTALİ"":0.0045079477592647405}",0.0,13.064770499913681,WATER_THRESHOLD+ALGORITHM_SEED,True,0.29259673580095885,cba24092bef97bba82cb4603e3f6b2f0a9aaac9a5ffc167835f9aff672c5372b,not_available,,water_saving,2024,FULL_REFERENCE_PROJECT_EXPERIMENT,878a28e80b702f34fef5,120.84867780000059,S1,924f9b141c265aec9732849622227c419177af6f7239276c5d72fe03c2215b56,SCN-924f9b141c26,101,TURP (KIRMIZI),0.48592767594905745,"[""TURP (KIRMIZI)"",""ELMA"",""MARUL""]",0.7748737610982075,788247157.3001027,60333792.87491584,100700080.81,1.0
GA,179,False,134919,DIAGNOSTIC ONLY,"{""ARMUT"":414.0,""ARPA"":80.0,""ARPA_DANE"":17.0,""ARPA_KURU"":53.0,""AYVA"":63.0,""BADEM"":121.0,""BAG"":5413.0,""BUGDAY"":96.0,""BUGDAY_DANE"":41.0,""BUGDAY_KURU"":37.0,""BUGDAY_YESILOT"":21.0,""CAVDAR_DANE"":160.0,""CEVIZ"":1388.0,""CILEK"":12.0,""ELMA"":26930.0,""ERIK"":210.0,""FASULYE_TAZE"":10.0,""FIG_YESILOT"":51.0,""HIYAR_SOFRALIK"":50.0,""ISPANAK"":100.0,""KABAK_CEREZLIK"":65.0,""KABAK_SAKIZ"":7.0,""KARPUZ"":52.0,""KAVUN"":3.0,""KAYSI"":1542.0,""KIRAZ"":192.0,""KURU_FASULYE"":52.0,""LAHANA_BEYAZ"":12.0,""LAVANTA"":90.0,""MAYDONOZ"":105.0,""MERCIMEK"":4782.0,""MERCIMEK_KURU"":106.0,""NEKTAR"":2659.0,""NOHUT"":619.0,""NOHUT_KURU"":105.0,""PATATES"":15.0,""PIRASA"":16.0,""SARIMSAK_KURU"":20.0,""SEFTALI"":676.0,""SEKER_PANCARI"":7.0,""SILAJLIK_MISIR"":34.0,""SIVRI_BIBER"":50.0,""SOGAN_TAZE"":10.0,""SORGUM"":44.0,""TRITIKALE_YESILOT"":50.0,""TRTIKALE_DANE"":106.0,""VISNE"":11.0,""YONCA_YESILOT"":29.0,""YULAF_YESILOT"":96.0}",49,"{""ARMUT"":0.008841997351672291,""ARPA"":0.0017085985220622784,""ARPA_DANE"":0.00036307718593823416,""ARPA_KURU"":0.0011319465208662594,""AYVA"":0.0013455213361240443,""BADEM"":0.002584255264619196,""BAG"":0.11560804749903891,""BUGDAY"":0.002050318226474734,""BUGDAY_DANE"":0.0008756567425569177,""BUGDAY_KURU"":0.0007902268164538038,""BUGDAY_YESILOT"":0.0004485071120413481,""CAVDAR_DANE"":0.0034171970441245567,""CEVIZ"":0.02964418435778053,""CILEK"":0.00025628977830934177,""ELMA"":0.5751569774892145,""ERIK"":0.004485071120413481,""FASULYE_TAZE"":0.0002135748152577848,""FIG_YESILOT"":0.0010892315578147026,""HIYAR_SOFRALIK"":0.001067874076288924,""ISPANAK"":0.002135748152577848,""KABAK_CEREZLIK"":0.0013882362991756011,""KABAK_SAKIZ"":0.00014950237068044937,""KARPUZ"":0.001110589039340481,""KAVUN"":6.407244457733544e-05,""KAYSI"":0.032933236512750416,""KIRAZ"":0.004100636452949468,""KURU_FASULYE"":0.001110589039340481,""LAHANA_BEYAZ"":0.00025628977830934177,""LAVANTA"":0.0019221733373200633,""MAYDONOZ"":0.0022425355602067403,""MERCIMEK"":0.10213147665627269,""MERCIMEK_KURU"":0.002263893041732519,""NEKTAR"":0.056789543377044976,""NOHUT"":0.01322028106445688,""NOHUT_KURU"":0.0022425355602067403,""PATATES"":0.0003203622228866772,""PIRASA"":0.0003417197044124557,""SARIMSAK_KURU"":0.0004271496305155696,""SEFTALI"":0.014437657511426253,""SEKER_PANCARI"":0.00014950237068044937,""SILAJLIK_MISIR"":0.0007261543718764683,""SIVRI_BIBER"":0.001067874076288924,""SOGAN_TAZE"":0.0002135748152577848,""SORGUM"":0.0009397291871342531,""TRITIKALE_YESILOT"":0.001067874076288924,""TRTIKALE_DANE"":0.002263893041732519,""VISNE"":0.00023493229678356328,""YONCA_YESILOT"":0.0006193669642475759,""YULAF_YESILOT"":0.002050318226474734}",0.0,7.84955001083767,ALGORITHM_SEED,False,0.36036295665497153,cba24092bef97bba82cb4603e3f6b2f0a9aaac9a5ffc167835f9aff672c5372b,violation,"[1,2,3,4,5,6,7,8,9,10,11,12]",water_saving,2024,FULL_REFERENCE_PROJECT_EXPERIMENT,87d943b7a790cb29a5a9,53.29545489999873,S2,0fd3aa8589142c848b8aed50d2204abb636e5b6c2a4b55cf715a846bb18d023e,SCN-0fd3aa858914,307,ELMA,0.5751569774892145,"[""ELMA"",""BAG"",""MERCIMEK""]",0.792896501644526,189104171.050135,24091084.302800003,10401986.556,1.0
GA,179,False,134919,DIAGNOSTIC ONLY,"{""ARMUT"":449.0,""ARPA"":89.0,""ARPA_DANE"":35.0,""ARPA_KURU"":42.0,""ARPA_YESILOT"":27.0,""AYCICEGI"":30.0,""AYVA"":55.0,""BADEM"":121.0,""BAG"":5443.0,""BUGDAY"":144.0,""BUGDAY_DANE"":50.0,""BUGDAY_KURU"":31.0,""CEVIZ"":1408.0,""CILEK"":12.0,""ELMA"":26880.0,""ERIK"":210.0,""FASULYE_TAZE"":40.0,""FIG_YESILOT"":82.0,""HIYAR_SOFRALIK"":1.0,""ISPANAK"":65.0,""KABAK_CEREZLIK"":11.0,""KARPUZ"":1.0,""KAVUN"":49.0,""KAYSI"":1502.0,""KIRAZ"":336.0,""KURU_FASULYE"":181.0,""LAHANA_BEYAZ"":137.0,""MARUL"":12.0,""MAYDONOZ"":7.0,""MERCIMEK"":4815.0,""MERCIMEK_KURU"":185.0,""MISIR_DANE"":30.0,""NEKTAR"":2649.0,""NOHUT"":386.0,""NOHUT_KURU"":109.0,""PATATES"":10.0,""SALCALIK_BIBER"":26.0,""SALCALIK_DOMATES"":10.0,""SARIMSAK_KURU"":2.0,""SEFTALI"":746.0,""SIVRI_BIBER"":2.0,""SOFRALIK_DOMATES"":10.0,""SOGAN_KURU"":42.0,""SOGAN_TAZE"":45.0,""SORGUM"":11.0,""TURP_KIRMIZI"":146.0,""VISNE"":2.0,""YONCA_YESILOT"":27.0,""YULAF_DANE"":50.0}",49,"{""ARMUT"":0.00960366179710393,""ARPA"":0.001903621158000556,""ARPA_DANE"":0.0007486150621350501,""ARPA_KURU"":0.0008983380745620602,""ARPA_YESILOT"":0.000577503047932753,""AYCICEGI"":0.0006416700532586144,""AYVA"":0.001176395097640793,""BADEM"":0.0025880692148097448,""BAG"":0.11642033666288794,""BUGDAY"":0.0030800162556413493,""BUGDAY_DANE"":0.0010694500887643574,""BUGDAY_KURU"":0.0006630590550339016,""CEVIZ"":0.030115714499604304,""CILEK"":0.00025666802130344576,""ELMA"":0.5749363677197186,""ERIK"":0.004491690372810301,""FASULYE_TAZE"":0.0008555600710114859,""FIG_YESILOT"":0.001753898145573546,""HIYAR_SOFRALIK"":2.1389001775287147e-05,""ISPANAK"":0.0013902851153936647,""KABAK_CEREZLIK"":0.00023527901952815863,""KARPUZ"":2.1389001775287147e-05,""KAVUN"":0.0010480610869890701,""KAYSI"":0.032126280666481294,""KIRAZ"":0.007186704596496482,""KURU_FASULYE"":0.003871409321326974,""LAHANA_BEYAZ"":0.0029302932432143393,""MARUL"":0.00025666802130344576,""MAYDONOZ"":0.00014972301242701004,""MERCIMEK"":0.10298804354800761,""MERCIMEK_KURU"":0.003956965328428122,""MISIR_DANE"":0.0006416700532586144,""NEKTAR"":0.056659465702735654,""NOHUT"":0.00825615468526084,""NOHUT_KURU"":0.002331401193506299,""PATATES"":0.00021389001775287147,""SALCALIK_BIBER"":0.0005561140461574658,""SALCALIK_DOMATES"":0.00021389001775287147,""SARIMSAK_KURU"":4.277800355057429e-05,""SEFTALI"":0.015956195324364212,""SIVRI_BIBER"":4.277800355057429e-05,""SOFRALIK_DOMATES"":0.00021389001775287147,""SOGAN_KURU"":0.0008983380745620602,""SOGAN_TAZE"":0.0009625050798879216,""SORGUM"":0.00023527901952815863,""TURP_KIRMIZI"":0.0031227942591919235,""VISNE"":4.277800355057429e-05,""YONCA_YESILOT"":0.000577503047932753,""YULAF_DANE"":0.0010694500887643574}",-0.2,5.58638550992821,ECONOMIC,False,0.36043871392229526,5b8065dd5b95d41fb54a553c7748daeaac3437d82b791ec3028e3f65eca5f51e,violation,"[1,2,3,4,5,6,7,8,9,10,11,12]",max_profit,2024,FULL_REFERENCE_PROJECT_EXPERIMENT,88235f336055fc31f4a8,33.74037530000351,S2,c5c4e65b641ab3436f901fd2a7b55311d796f7f619e5907e61880531fc641783,SCN-c5c4e65b641a,101,ELMA,0.5749363677197186,"[""ELMA"",""BAG"",""MERCIMEK""]",0.7943447479306142,176330807.8010613,31564382.2804,10401986.556,1.0
ABC,179,True,134919,SAFE WITH LIMITATION,"{""ARMUT"":342.4016523894497,""AYVA"":46.65169764816349,""BADEM"":121.0,""BAĞ"":5413.0,""CEVİZ"":1274.2577200602138,""ELMA"":24677.424483839037,""ERİK"":200.17801464820462,""KAYSI"":1400.3550963590642,""KİRAZ"":175.8774914359967,""MARUL"":13942.0,""NEKTAR"":2331.7033122869616,""TURP (KIRMIZI)"":81491.0,""VİŞNE"":1.8416491249842584,""ÇİLEK"":12.0,""ŞEFTALİ"":595.0263456686764}",15,"{""ARMUT"":0.0025934662763752022,""AYVA"":0.0003533557847686729,""BADEM"":0.0009164950497507259,""BAĞ"":0.040999898382650245,""CEVİZ"":0.009651660268940763,""ELMA"":0.18691518495897388,""ERİK"":0.001516216194165354,""KAYSI"":0.010606764576084985,""KİRAZ"":0.0013321557873030303,""MARUL"":0.10560143788119522,""NEKTAR"":0.017661111927259266,""TURP (KIRMIZI)"":0.6172404801589786,""VİŞNE"":1.3949275259717593e-05,""ÇİLEK"":9.089207104965877e-05,""ŞEFTALİ"":0.004506931407244679}",0.0,13.338455141065523,ALGORITHM_SEED,True,0.42930541026838737,cba24092bef97bba82cb4603e3f6b2f0a9aaac9a5ffc167835f9aff672c5372b,not_available,,water_saving,2024,FULL_REFERENCE_PROJECT_EXPERIMENT,8c43a5de4a5ff968da36,103.29407419999916,S1,34b0eef595f60b90562420fca25c6127dfc3744a15dc78286b795b408853f4cc,SCN-34b0eef595f6,307,TURP (KIRMIZI),0.6172404801589786,"[""TURP (KIRMIZI)"",""ELMA"",""MARUL""]",0.9097571029991477,774601807.8502525,58072827.74940416,100700080.81,1.0
GA,179,False,134919,DIAGNOSTIC ONLY,"{""ARMUT"":449.0,""ARPA"":89.0,""ARPA_DANE"":35.0,""ARPA_KURU"":42.0,""ARPA_YESILOT"":27.0,""AYCICEGI"":30.0,""AYVA"":55.0,""BADEM"":121.0,""BAG"":5443.0,""BUGDAY"":144.0,""BUGDAY_DANE"":50.0,""BUGDAY_KURU"":31.0,""CEVIZ"":1408.0,""CILEK"":12.0,""ELMA"":26880.0,""ERIK"":210.0,""FASULYE_TAZE"":40.0,""FIG_YESILOT"":82.0,""HIYAR_SOFRALIK"":1.0,""ISPANAK"":65.0,""KABAK_CEREZLIK"":11.0,""KARPUZ"":1.0,""KAVUN"":49.0,""KAYSI"":1502.0,""KIRAZ"":336.0,""KURU_FASULYE"":181.0,""LAHANA_BEYAZ"":137.0,""MARUL"":12.0,""MAYDONOZ"":7.0,""MERCIMEK"":4815.0,""MERCIMEK_KURU"":185.0,""MISIR_DANE"":30.0,""NEKTAR"":2649.0,""NOHUT"":386.0,""NOHUT_KURU"":109.0,""PATATES"":10.0,""SALCALIK_BIBER"":26.0,""SALCALIK_DOMATES"":10.0,""SARIMSAK_KURU"":2.0,""SEFTALI"":746.0,""SIVRI_BIBER"":2.0,""SOFRALIK_DOMATES"":10.0,""SOGAN_KURU"":42.0,""SOGAN_TAZE"":45.0,""SORGUM"":11.0,""TURP_KIRMIZI"":146.0,""VISNE"":2.0,""YONCA_YESILOT"":27.0,""YULAF_DANE"":50.0}",49,"{""ARMUT"":0.00960366179710393,""ARPA"":0.001903621158000556,""ARPA_DANE"":0.0007486150621350501,""ARPA_KURU"":0.0008983380745620602,""ARPA_YESILOT"":0.000577503047932753,""AYCICEGI"":0.0006416700532586144,""AYVA"":0.001176395097640793,""BADEM"":0.0025880692148097448,""BAG"":0.11642033666288794,""BUGDAY"":0.0030800162556413493,""BUGDAY_DANE"":0.0010694500887643574,""BUGDAY_KURU"":0.0006630590550339016,""CEVIZ"":0.030115714499604304,""CILEK"":0.00025666802130344576,""ELMA"":0.5749363677197186,""ERIK"":0.004491690372810301,""FASULYE_TAZE"":0.0008555600710114859,""FIG_YESILOT"":0.001753898145573546,""HIYAR_SOFRALIK"":2.1389001775287147e-05,""ISPANAK"":0.0013902851153936647,""KABAK_CEREZLIK"":0.00023527901952815863,""KARPUZ"":2.1389001775287147e-05,""KAVUN"":0.0010480610869890701,""KAYSI"":0.032126280666481294,""KIRAZ"":0.007186704596496482,""KURU_FASULYE"":0.003871409321326974,""LAHANA_BEYAZ"":0.0029302932432143393,""MARUL"":0.00025666802130344576,""MAYDONOZ"":0.00014972301242701004,""MERCIMEK"":0.10298804354800761,""MERCIMEK_KURU"":0.003956965328428122,""MISIR_DANE"":0.0006416700532586144,""NEKTAR"":0.056659465702735654,""NOHUT"":0.00825615468526084,""NOHUT_KURU"":0.002331401193506299,""PATATES"":0.00021389001775287147,""SALCALIK_BIBER"":0.0005561140461574658,""SALCALIK_DOMATES"":0.00021389001775287147,""SARIMSAK_KURU"":4.277800355057429e-05,""SEFTALI"":0.015956195324364212,""SIVRI_BIBER"":4.277800355057429e-05,""SOFRALIK_DOMATES"":0.00021389001775287147,""SOGAN_KURU"":0.0008983380745620602,""SOGAN_TAZE"":0.0009625050798879216,""SORGUM"":0.00023527901952815863,""TURP_KIRMIZI"":0.0031227942591919235,""VISNE"":4.277800355057429e-05,""YONCA_YESILOT"":0.000577503047932753,""YULAF_DANE"":0.0010694500887643574}",0.1,7.680472110609442,ECONOMIC,False,0.36043871392229526,b2671ae80868c8966c374a34bdbf725880f7507194e0cb6d600520310cca786b,violation,"[1,2,3,4,5,6,7,8,9,10,11,12]",max_profit,2024,FULL_REFERENCE_PROJECT_EXPERIMENT,90e9af14e6e30aafc50f,42.55298259999836,S2,c1d0d882ca14774b8bd92ee4b176fa7eda7a219ba85796e1af536e555309c46f,SCN-c1d0d882ca14,101,ELMA,0.5749363677197186,"[""ELMA"",""BAG"",""MERCIMEK""]",0.7943447479306142,242429357.79322705,31564382.2804,10401986.556,1.0
ACO,179,False,134919,DIAGNOSTIC ONLY,"{""ARMUT"":389.0,""ARPA"":10462.0,""ARPA_KURU"":299.0,""AYVA"":53.0,""BADEM"":121.0,""BAG"":5413.0,""BUGDAY"":3620.0,""BUGDAY_KURU"":24.0,""CEVIZ"":1388.0,""CILEK"":12.0,""ELMA"":26880.0,""ERIK"":210.0,""ISPANAK"":7.0,""KAYSI"":1502.0,""KIRAZ"":191.0,""KURU_FASULYE"":227.0,""MERCIMEK"":67391.0,""MERCIMEK_KURU"":10910.0,""NEKTAR"":2649.0,""NOHUT"":65264.0,""NOHUT_KURU"":1471.0,""SEFTALI"":676.0,""TURP_KIRMIZI"":30.0,""VISNE"":2.0,""YULAF_DANE"":10.0}",25,"{""ARMUT"":0.0019528014417598304,""ARPA"":0.05251981666758701,""ARPA_KURU"":0.0015009964809413608,""AYVA"":0.00026606292137087664,""BADEM"":0.0006074266695448316,""BAG"":0.027173558365670855,""BUGDAY"":0.018172599535142896,""BUGDAY_KURU"":0.00012048132288492527,""CEVIZ"":0.006967836506844845,""CILEK"":6.0240661442462636e-05,""ELMA"":0.13493908163111631,""ERIK"":0.0010542115752430962,""ISPANAK"":3.514038584143654e-05,""KAYSI"":0.00754012279054824,""KIRAZ"":0.000958830527959197,""KURU_FASULYE"":0.001139552512286585,""MERCIMEK"":0.33830653460575,""MERCIMEK_KURU"":0.05476880136143895,""NEKTAR"":0.013298126013423627,""NOHUT"":0.32762887736507346,""NOHUT_KURU"":0.007384501081821878,""SEFTALI"":0.003393557261258729,""TURP_KIRMIZI"":0.0001506016536061566,""VISNE"":1.004011024041044e-05,""YULAF_DANE"":5.0200551202052196e-05}",0.0,12.498055413280598,ALGORITHM_SEED,False,0.24718531838503535,cba24092bef97bba82cb4603e3f6b2f0a9aaac9a5ffc167835f9aff672c5372b,violation,"[1,2,3,4,5,6,7,8,9,10,11,12]",water_saving,2024,FULL_REFERENCE_PROJECT_EXPERIMENT,92f57d6671ab4ab82e3f,28.78787530000409,S2,1a632c4ac110fb37a7ac8669b86823d107ffee7440b59d59f901b497fbb657ff,SCN-1a632c4ac110,401,MERCIMEK,0.33830653460575,"[""MERCIMEK"",""NOHUT"",""ELMA""]",0.8008744936019397,532294504.225,42590185.96280001,10401986.556,1.0
GA,179,False,134919,DIAGNOSTIC ONLY,"{""ARMUT"":449.0,""ARPA"":89.0,""ARPA_DANE"":35.0,""ARPA_KURU"":42.0,""ARPA_YESILOT"":27.0,""AYCICEGI"":30.0,""AYVA"":55.0,""BADEM"":121.0,""BAG"":5443.0,""BUGDAY"":144.0,""BUGDAY_DANE"":50.0,""BUGDAY_KURU"":31.0,""CEVIZ"":1408.0,""CILEK"":12.0,""ELMA"":26880.0,""ERIK"":210.0,""FASULYE_TAZE"":40.0,""FIG_YESILOT"":82.0,""HIYAR_SOFRALIK"":1.0,""ISPANAK"":65.0,""KABAK_CEREZLIK"":11.0,""KARPUZ"":1.0,""KAVUN"":49.0,""KAYSI"":1502.0,""KIRAZ"":236.0,""KURU_FASULYE"":181.0,""LAHANA_BEYAZ"":137.0,""MARUL"":12.0,""MAYDONOZ"":7.0,""MERCIMEK"":4775.0,""MERCIMEK_KURU"":185.0,""MISIR_DANE"":30.0,""NEKTAR"":2649.0,""NOHUT"":346.0,""NOHUT_KURU"":109.0,""PATATES"":10.0,""SALCALIK_BIBER"":26.0,""SALCALIK_DOMATES"":10.0,""SARIMSAK_KURU"":2.0,""SEFTALI"":696.0,""SIVRI_BIBER"":2.0,""SOFRALIK_DOMATES"":10.0,""SOGAN_KURU"":2.0,""SOGAN_TAZE"":45.0,""SORGUM"":11.0,""TURP_KIRMIZI"":16.0,""VISNE"":2.0,""YONCA_YESILOT"":27.0,""YULAF_DANE"":50.0}",49,"{""ARMUT"":0.009686535930791966,""ARPA"":0.0019200483248117705,""ARPA_DANE"":0.0007550751839147412,""ARPA_KURU"":0.0009060902206976894,""ARPA_YESILOT"":0.0005824865704485147,""AYCICEGI"":0.0006472073004983496,""AYVA"":0.0011865467175803076,""BADEM"":0.002610402778676677,""BAG"":0.1174249778870839,""BUGDAY"":0.0031065950423920783,""BUGDAY_DANE"":0.0010786788341639161,""BUGDAY_KURU"":0.0006687808771816279,""CEVIZ"":0.030375595970055874,""CILEK"":0.00025888292019933984,""ELMA"":0.5798977412465213,""ERIK"":0.004530451103488447,""FASULYE_TAZE"":0.0008629430673311329,""FIG_YESILOT"":0.0017690332880288223,""HIYAR_SOFRALIK"":2.157357668327832e-05,""ISPANAK"":0.001402282484413091,""KABAK_CEREZLIK"":0.00023730934351606152,""KARPUZ"":2.157357668327832e-05,""KAVUN"":0.0010571052574806377,""KAYSI"":0.032403512178284036,""KIRAZ"":0.0050913640972536835,""KURU_FASULYE"":0.003904817379673376,""LAHANA_BEYAZ"":0.00295558000560913,""MARUL"":0.00025888292019933984,""MAYDONOZ"":0.00015101503678294825,""MERCIMEK"":0.10301382866265398,""MERCIMEK_KURU"":0.003991111686406489,""MISIR_DANE"":0.0006472073004983496,""NEKTAR"":0.05714840463400427,""NOHUT"":0.007464457532414299,""NOHUT_KURU"":0.002351519858477337,""PATATES"":0.00021573576683278322,""SALCALIK_BIBER"":0.0005609129937652363,""SALCALIK_DOMATES"":0.00021573576683278322,""SARIMSAK_KURU"":4.314715336655664e-05,""SEFTALI"":0.015015209371561712,""SIVRI_BIBER"":4.314715336655664e-05,""SOFRALIK_DOMATES"":0.00021573576683278322,""SOGAN_KURU"":4.314715336655664e-05,""SOGAN_TAZE"":0.0009708109507475244,""SORGUM"":0.00023730934351606152,""TURP_KIRMIZI"":0.00034517722693245314,""VISNE"":4.314715336655664e-05,""YONCA_YESILOT"":0.0005824865704485147,""YULAF_DANE"":0.0010786788341639161}",0.0,7.897523368000349,WATER_THRESHOLD,False,0.3664233546719619,8c6a548b2ea52b69db43e3cd20b3d01e1233c3b4aa8aaf62bd8036533bcd7f90,violation,"[1,2,3,4,5,6,7,8,9,10,11,12]",water_saving,2024,FULL_REFERENCE_PROJECT_EXPERIMENT,9ba3ed1f4717d9f7d83f,32.751608899998246,S2,051b71b4f18d894c9363e50abb0eb56a6da2a8c5fc152ea4bd69bbcbaa4c0316,SCN-051b71b4f18d,101,ELMA,0.5798977412465213,"[""ELMA"",""BAG"",""MERCIMEK""]",0.8003365477962592,188349606.4327036,23849199.0028,23636073.124440003,2.272265302131775
ABC,179,False,134919,DIAGNOSTIC ONLY,"{""ARMUT"":1126.0,""ARPA"":580.0,""ARPA_DANE"":4350.0,""ARPA_KURU"":271.0,""ARPA_YESILOT"":67.0,""AYCICEGI"":400.0,""AYVA"":53.0,""BADEM"":593.0,""BAG"":5478.0,""BUGDAY"":4955.0,""BUGDAY_DANE"":70.0,""BUGDAY_KURU"":60.0,""BUGDAY_YESILOT"":716.0,""CAVDAR_DANE"":5400.0,""CAVDAR_YESILOT"":1650.0,""CEVIZ"":2968.0,""CILEK"":12.0,""ELMA"":27010.0,""ERIK"":6756.0,""FASULYE_TAZE"":380.0,""FIG_YESILOT"":6132.0,""HIYAR_SOFRALIK"":10.0,""ISPANAK"":3880.0,""KABAK_BAL"":90.0,""KARPUZ"":170.0,""KAVUN"":2817.0,""KAYSI"":1583.0,""KIRAZ"":5341.0,""KURU_FASULYE"":8485.0,""LAHANA_BEYAZ"":84.0,""LAVANTA"":183.0,""MARUL"":5822.0,""MAYDONOZ"":12.0,""MERCIMEK"":5025.0,""MERCIMEK_KURU"":6597.0,""MISIR_DANE"":2148.0,""NEKTAR"":10699.0,""NOHUT"":311.0,""NOHUT_KURU"":20.0,""SALCALIK_BIBER"":3670.0,""SALCALIK_DOMATES"":4955.0,""SARIMSAK_KURU"":22.0,""SEFTALI"":1266.0,""SEKER_PANCARI"":60.0,""SIVRI_BIBER"":4621.0,""SOFRALIK_DOMATES"":3020.0,""SOGAN_KURU"":841.0,""SOGAN_TAZE"":1.0,""SORGUM"":452.0,""TRITIKALE_YESILOT"":30.0,""TRTIKALE_DANE"":170.0,""VISNE"":22.0,""YONCA_YESILOT"":590.0,""YULAF_DANE"":3381.0}",54,"{""ARMUT"":0.0077438877617688525,""ARPA"":0.003988858704996389,""ARPA_DANE"":0.02991644028747292,""ARPA_KURU"":0.001863759843196589,""ARPA_YESILOT"":0.0004607819538530312,""AYCICEGI"":0.0027509370379285446,""AYVA"":0.0003644991575255321,""BADEM"":0.004078264158729067,""BAG"":0.037674082734431416,""BUGDAY"":0.03407723255733985,""BUGDAY_DANE"":0.0004814139816374953,""BUGDAY_KURU"":0.0004126405556892817,""BUGDAY_YESILOT"":0.004924177297892095,""CAVDAR_DANE"":0.037137650012035346,""CAVDAR_YESILOT"":0.011347615281455246,""CEVIZ"":0.0204119528214298,""CILEK"":8.252811113785633e-05,""ELMA"":0.18575702348612497,""ERIK"":0.04646332657061312,""FASULYE_TAZE"":0.0026133901860321174,""FIG_YESILOT"":0.04217186479144459,""HIYAR_SOFRALIK"":6.87734259482136e-05,""ISPANAK"":0.026684089267906882,""KABAK_BAL"":0.0006189608335339225,""KARPUZ"":0.0011691482411196313,""KAVUN"":0.019373474089611775,""KAYSI"":0.010886833327602215,""KIRAZ"":0.03673188679894089,""KURU_FASULYE"":0.05835425191705925,""LAHANA_BEYAZ"":0.0005776967779649943,""LAVANTA"":0.001258553694852309,""MARUL"":0.04003988858704997,""MAYDONOZ"":8.252811113785633e-05,""MERCIMEK"":0.03455864653897734,""MERCIMEK_KURU"":0.04536982909803652,""MISIR_DANE"":0.014772531893676284,""NEKTAR"":0.07358068842199374,""NOHUT"":0.0021388535469894433,""NOHUT_KURU"":0.0001375468518964272,""SALCALIK_BIBER"":0.025239847322994394,""SALCALIK_DOMATES"":0.03407723255733985,""SARIMSAK_KURU"":0.00015130153708606993,""SEFTALI"":0.008706715725043843,""SEKER_PANCARI"":0.0004126405556892817,""SIVRI_BIBER"":0.03178020013066951,""SOFRALIK_DOMATES"":0.020769574636360512,""SOGAN_KURU"":0.005783845122244765,""SOGAN_TAZE"":6.877342594821361e-06,""SORGUM"":0.003108558852859255,""TRITIKALE_YESILOT"":0.00020632027784464084,""TRTIKALE_DANE"":0.0011691482411196313,""VISNE"":0.00015130153708606993,""YONCA_YESILOT"":0.004057632130944603,""YULAF_DANE"":0.02325229531309102}",0.0,5.894874644654505,ALGORITHM_SEED,False,0.06435279523105233,cba24092bef97bba82cb4603e3f6b2f0a9aaac9a5ffc167835f9aff672c5372b,violation,"[1,2,3,4,5,6,7,8,9,10,11,12]",water_saving,2024,FULL_REFERENCE_PROJECT_EXPERIMENT,9e091a1ff5896595dc8d,34.85443600000144,S2,67872a2b69d53c4ed0973e5edb713ee4d2c3b0854577d68e025f1279343f9eb2,SCN-67872a2b69d5,401,ELMA,0.18575702348612497,"[""ELMA"",""NEKTAR"",""KURU_FASULYE""]",0.31769196382517795,476163178.90786374,80775793.82280001,10401986.556,1.0
GA,179,True,134919,SAFE WITH LIMITATION,"{""ARMUT"":342.4016523894497,""ARPA (YEŞİLOT)"":2616.0,""AYVA"":46.65169764816349,""BADEM"":121.0,""BAĞ"":5413.0,""BUĞDAY (YEŞİLOT)"":2960.0,""CEVİZ"":1274.2577200602138,""ELMA"":24677.424483839037,""ERİK"":200.17801464820462,""ISPANAK"":3380.0,""KAVUN"":90.0,""KAYSI"":1400.3550963590642,""KİRAZ"":175.8774914359967,""LAHANA (BEYAZ)"":850.0,""LAHANA (KIRMIZI)"":145.0,""MARUL"":13942.0,""NEKTAR"":2331.7033122869616,""SOFRALIK DOMATES"":37.87356518638023,""TURP (KIRMIZI)"":69220.0,""VİŞNE"":1.8416491249842584,""ÇAVDAR (YEŞİLOT)"":2190.0,""ÇİLEK"":12.0,""ŞEFTALİ"":595.0263456686764}",23,"{""ARMUT"":0.002593508048294197,""ARPA (YEŞİLOT)"":0.019814790632554414,""AYVA"":0.00035336147612828394,""BADEM"":0.0009165098113681514,""BAĞ"":0.04100055875153557,""BUĞDAY (YEŞİLOT)"":0.022420405302890318,""CEVİZ"":0.009651815724353696,""ELMA"":0.1869181955267365,""ERİK"":0.0015162406152502237,""ISPANAK"":0.02560167902830043,""KAVUN"":0.0006817015125878813,""KAYSI"":0.010606935414979136,""KİRAZ"":0.0013321772438009008,""LAHANA (BEYAZ)"":0.00643829206332999,""LAHANA (KIRMIZI)"":0.0010982968813915864,""MARUL"":0.10560313876111378,""NEKTAR"":0.01766139638769105,""SOFRALIK DOMATES"":0.00028687185194056807,""TURP (KIRMIZI)"":0.5243042077925905,""VİŞNE"":1.3949499935087965e-05,""ÇAVDAR (YEŞİLOT)"":0.016588070139638443,""ÇİLEK"":9.08935350117175e-05,""ŞEFTALİ"":0.004507003998577513}",0.0,12.919205084711924,ALGORITHM_SEED,True,0.32508517418673183,cba24092bef97bba82cb4603e3f6b2f0a9aaac9a5ffc167835f9aff672c5372b,not_available,,water_saving,2024,FULL_REFERENCE_PROJECT_EXPERIMENT,9f9289b2214081e976fe,115.04453109999668,S1,fb276d0363dff7b9854acde135d08c2c8011d9ebd4d22bcb831ccaf45e4abd6d,SCN-fb276d0363df,503,TURP (KIRMIZI),0.5243042077925905,"[""TURP (KIRMIZI)"",""ELMA"",""MARUL""]",0.8168255420804408,771278574.7582537,59700157.22336928,100700080.81,1.0
GA,179,True,134919,SAFE WITH LIMITATION,"{""ARMUT"":342.4016523894497,""AYVA"":46.65169764816349,""BADEM"":121.0,""BAĞ"":5413.0,""BUĞDAY (YEŞİLOT)"":350.0,""CEVİZ"":1274.2577200602138,""ELMA"":24677.424483839037,""ERİK"":200.17801464820462,""KABAK (BAL)"":7.0,""KAYSI"":1400.3550963590642,""KİRAZ"":175.8774914359967,""LAHANA (BEYAZ)"":2900.0,""LAHANA (KIRMIZI)"":5341.0,""MARUL"":13942.0,""NEKTAR"":2331.7033122869616,""SOFRALIK DOMATES"":118.35789414786923,""SOĞAN (KURU)"":8.92080895372106,""SİVRİ BİBER"":10.0,""TURP (KIRMIZI)"":72466.0,""VİŞNE"":1.8416491249842584,""YULAF (Dane)"":140.0,""ÇAVDAR (YEŞİLOT)"":140.0,""ÇİLEK"":12.0,""ŞEFTALİ"":595.0263456686764}",24,"{""ARMUT"":0.0025936572535853733,""AYVA"":0.0003533818051193471,""BADEM"":0.0009165625384508227,""BAĞ"":0.04100291752590333,""BUĞDAY (YEŞİLOT)"":0.0026512139541965945,""CEVİZ"":0.009652370996189647,""ELMA"":0.18692894898624784,""ERİK"":0.0015163278450248297,""KABAK (BAL)"":5.302427908393189e-05,""KAYSI"":0.010607545635135622,""KİRAZ"":0.0013322538843548756,""LAHANA (BEYAZ)"":0.021967201334771782,""LAHANA (KIRMIZI)"":0.04045752494104003,""MARUL"":0.10560921414116835,""NEKTAR"":0.01766241245309032,""SOFRALIK DOMATES"":0.0008965488587261552,""SOĞAN (KURU)"":6.75742090880777e-05,""SİVRİ BİBER"":7.57489701199027e-05,""TURP (KIRMIZI)"":0.5489224868708868,""VİŞNE"":1.3950302453977753e-05,""YULAF (Dane)"":0.0010604855816786377,""ÇAVDAR (YEŞİLOT)"":0.0010604855816786377,""ÇİLEK"":9.089876414388324e-05,""ŞEFTALİ"":0.0045072632878611464}",0.0,13.244906666297428,ALGORITHM_SEED,True,0.35177207744552713,cba24092bef97bba82cb4603e3f6b2f0a9aaac9a5ffc167835f9aff672c5372b,not_available,,water_saving,2024,FULL_REFERENCE_PROJECT_EXPERIMENT,b19d396df2cb14a2e811,100.86360269999932,S1,10fc1940ac2a254863395b8b6d7ce4a83754ba02528fd4dd76c98994f119d280,SCN-10fc1940ac2a,211,TURP (KIRMIZI),0.5489224868708868,"[""TURP (KIRMIZI)"",""ELMA"",""MARUL""]",0.841460649998303,784077293.8567475,59198400.83523472,100700080.81,1.0
GA,179,False,134919,DIAGNOSTIC ONLY,"{""ARMUT"":449.0,""ARPA"":89.0,""ARPA_DANE"":35.0,""ARPA_KURU"":42.0,""ARPA_YESILOT"":27.0,""AYCICEGI"":30.0,""AYVA"":55.0,""BADEM"":121.0,""BAG"":5443.0,""BUGDAY"":144.0,""BUGDAY_DANE"":50.0,""BUGDAY_KURU"":31.0,""CEVIZ"":1408.0,""CILEK"":12.0,""ELMA"":26880.0,""ERIK"":210.0,""FASULYE_TAZE"":40.0,""FIG_YESILOT"":82.0,""HIYAR_SOFRALIK"":1.0,""ISPANAK"":65.0,""KABAK_CEREZLIK"":11.0,""KARPUZ"":1.0,""KAVUN"":49.0,""KAYSI"":1502.0,""KIRAZ"":336.0,""KURU_FASULYE"":181.0,""LAHANA_BEYAZ"":137.0,""MARUL"":12.0,""MAYDONOZ"":7.0,""MERCIMEK"":4815.0,""MERCIMEK_KURU"":185.0,""MISIR_DANE"":30.0,""NEKTAR"":2649.0,""NOHUT"":386.0,""NOHUT_KURU"":109.0,""PATATES"":10.0,""SALCALIK_BIBER"":26.0,""SALCALIK_DOMATES"":10.0,""SARIMSAK_KURU"":2.0,""SEFTALI"":746.0,""SIVRI_BIBER"":2.0,""SOFRALIK_DOMATES"":10.0,""SOGAN_KURU"":42.0,""SOGAN_TAZE"":45.0,""SORGUM"":11.0,""TURP_KIRMIZI"":146.0,""VISNE"":2.0,""YONCA_YESILOT"":27.0,""YULAF_DANE"":50.0}",49,"{""ARMUT"":0.00960366179710393,""ARPA"":0.001903621158000556,""ARPA_DANE"":0.0007486150621350501,""ARPA_KURU"":0.0008983380745620602,""ARPA_YESILOT"":0.000577503047932753,""AYCICEGI"":0.0006416700532586144,""AYVA"":0.001176395097640793,""BADEM"":0.0025880692148097448,""BAG"":0.11642033666288794,""BUGDAY"":0.0030800162556413493,""BUGDAY_DANE"":0.0010694500887643574,""BUGDAY_KURU"":0.0006630590550339016,""CEVIZ"":0.030115714499604304,""CILEK"":0.00025666802130344576,""ELMA"":0.5749363677197186,""ERIK"":0.004491690372810301,""FASULYE_TAZE"":0.0008555600710114859,""FIG_YESILOT"":0.001753898145573546,""HIYAR_SOFRALIK"":2.1389001775287147e-05,""ISPANAK"":0.0013902851153936647,""KABAK_CEREZLIK"":0.00023527901952815863,""KARPUZ"":2.1389001775287147e-05,""KAVUN"":0.0010480610869890701,""KAYSI"":0.032126280666481294,""KIRAZ"":0.007186704596496482,""KURU_FASULYE"":0.003871409321326974,""LAHANA_BEYAZ"":0.0029302932432143393,""MARUL"":0.00025666802130344576,""MAYDONOZ"":0.00014972301242701004,""MERCIMEK"":0.10298804354800761,""MERCIMEK_KURU"":0.003956965328428122,""MISIR_DANE"":0.0006416700532586144,""NEKTAR"":0.056659465702735654,""NOHUT"":0.00825615468526084,""NOHUT_KURU"":0.002331401193506299,""PATATES"":0.00021389001775287147,""SALCALIK_BIBER"":0.0005561140461574658,""SALCALIK_DOMATES"":0.00021389001775287147,""SARIMSAK_KURU"":4.277800355057429e-05,""SEFTALI"":0.015956195324364212,""SIVRI_BIBER"":4.277800355057429e-05,""SOFRALIK_DOMATES"":0.00021389001775287147,""SOGAN_KURU"":0.0008983380745620602,""SOGAN_TAZE"":0.0009625050798879216,""SORGUM"":0.00023527901952815863,""TURP_KIRMIZI"":0.0031227942591919235,""VISNE"":4.277800355057429e-05,""YONCA_YESILOT"":0.000577503047932753,""YULAF_DANE"":0.0010694500887643574}",0.0,6.982557996650065,ECONOMIC,False,0.36043871392229526,2e33d528a679dbcbf5ad310baf9c420571d0692129fc45d6bcb871ca60a62a0b,violation,"[1,2,3,4,5,6,7,8,9,10,11,12]",max_profit,2024,FULL_REFERENCE_PROJECT_EXPERIMENT,b1e21d30de36b25f24d3,38.31719879999582,S2,544cc608775c98dd73cd3431a3f18391487bb9d8d07b456a20d311ecd2b9e351,SCN-544cc608775c,101,ELMA,0.5749363677197186,"[""ELMA"",""BAG"",""MERCIMEK""]",0.7943447479306142,220400129.90132663,31564382.2804,10401986.556,1.0
GA,179,True,134919,SAFE WITH LIMITATION,"{""ARMUT"":342.4016523894497,""ARPA (YEŞİLOT)"":491.0,""AYVA"":46.65169764816349,""BADEM"":121.0,""BAĞ"":5413.0,""CEVİZ"":1274.2577200602138,""ELMA"":24677.424483839037,""ERİK"":200.17801464820462,""ISPANAK"":547.0,""KABAK (BAL)"":90.0,""KABAK (SAKIZ)"":2540.0,""KARPUZ"":760.0,""KAYSI"":1400.3550963590642,""KİRAZ"":175.8774914359967,""LAHANA (BEYAZ)"":2095.0,""LAHANA (KIRMIZI)"":4142.0,""MARUL"":1131.0,""NEKTAR"":2331.7033122869616,""PATATES"":209.7735663653725,""SALÇALIK BİBER"":13147.0,""SALÇALIK DOMATES"":55909.305677624405,""SOFRALIK DOMATES"":94.68391296595058,""SOĞAN (KURU)"":3234.5296864128436,""SOĞAN (TAZE)"":803.0,""SİVRİ BİBER"":1956.0,""TURP (KIRMIZI)"":3982.0,""VİŞNE"":1.8416491249842584,""ÇİLEK"":12.0,""ŞEFTALİ"":595.0263456686764}",29,"{""ARMUT"":0.0026807931536670646,""ARPA (YEŞİLOT)"":0.0038442263034215622,""AYVA"":0.00036525393726749474,""BADEM"":0.0009473551582770041,""BAĞ"":0.04238044191531755,""CEVİZ"":0.009976649785730068,""ELMA"":0.1932089700641004,""ERİK"":0.0015672700392613747,""ISPANAK"":0.004282671665929928,""KABAK (BAL)"":0.0007046443326027303,""KABAK (SAKIZ)"":0.019886628942343724,""KARPUZ"":0.00595032991975639,""KAYSI"":0.010963914247564054,""KİRAZ"":0.0013770119730306702,""LAHANA (BEYAZ)"":0.01640255418669689,""LAHANA (KIRMIZI)"":0.03242929806267232,""MARUL"":0.00885503044637431,""NEKTAR"":0.018255794714600242,""PATATES"":0.0016423972741024717,""SALÇALIK BİBER"":0.10293287823031218,""SALÇALIK DOMATES"":0.4377352820610188,""SOFRALIK DOMATES"":0.0007413164740011917,""SOĞAN (KURU)"":0.02532436680184552,""SOĞAN (TAZE)"":0.006286993323111027,""SİVRİ BİBER"":0.015314270161899339,""TURP (KIRMIZI)"":0.031176597026934136,""VİŞNE"":1.4418973539588166e-05,""ÇİLEK"":9.395257768036405e-05,""ŞEFTALİ"":0.004658688246941623}",-0.2,13.008445438225172,ECONOMIC,True,0.2456746789664064,95f133c907ea2041003481a8b3a51826e618e44599809930f8783f40159082a6,not_available,,max_profit,2024,FULL_REFERENCE_PROJECT_EXPERIMENT,b2920608927e8271156a,104.15119490000507,S1,f68b9da414da041bf071fdd367e24061a05ac7492e0cada8722e4fb7cee24b61,SCN-f68b9da414da,101,SALÇALIK DOMATES,0.4377352820610188,"[""SALÇALIK DOMATES"",""ELMA"",""SALÇALIK BİBER""]",0.7338771303554313,1226517731.3804936,94286264.81196477,100700080.81,1.0
ABC,179,True,134919,SAFE WITH LIMITATION,"{""ARMUT"":342.4016523894497,""AYVA"":46.65169764816349,""BADEM"":121.0,""BAĞ"":5413.0,""CEVİZ"":1274.2577200602138,""ELMA"":24677.424483839037,""ERİK"":200.17801464820462,""ISPANAK"":2190.0,""KAYSI"":1400.3550963590642,""KİRAZ"":175.8774914359967,""MARUL"":13942.0,""NEKTAR"":2331.7033122869616,""TURP (KIRMIZI)"":79301.0,""VİŞNE"":1.8416491249842584,""ÇİLEK"":12.0,""ŞEFTALİ"":595.0263456686764}",16,"{""ARMUT"":0.0025934662763752022,""AYVA"":0.0003533557847686729,""BADEM"":0.0009164950497507259,""BAĞ"":0.040999898382650245,""CEVİZ"":0.009651660268940763,""ELMA"":0.18691518495897388,""ERİK"":0.001516216194165354,""ISPANAK"":0.016587802966562728,""KAYSI"":0.010606764576084985,""KİRAZ"":0.0013321557873030303,""MARUL"":0.10560143788119522,""NEKTAR"":0.017661111927259266,""TURP (KIRMIZI)"":0.6006526771924159,""VİŞNE"":1.3949275259717593e-05,""ÇİLEK"":9.089207104965877e-05,""ŞEFTALİ"":0.004506931407244679}",0.0,13.265465710894794,ALGORITHM_SEED,True,0.40937839374717494,cba24092bef97bba82cb4603e3f6b2f0a9aaac9a5ffc167835f9aff672c5372b,not_available,,water_saving,2024,FULL_REFERENCE_PROJECT_EXPERIMENT,b82de3498bd95685900d,100.1003021999968,S1,13d0a7c5b8542edf1e710e2ba0a6b497d541521f54f15a46be7ad3e190fd04f6,SCN-13d0a7c5b854,503,TURP (KIRMIZI),0.6006526771924159,"[""TURP (KIRMIZI)"",""ELMA"",""MARUL""]",0.893169300032585,772411807.8502525,58227266.549404174,100700080.81,1.0
GA,179,True,134919,SAFE WITH LIMITATION,"{""ARMUT"":389.0,""ARPA (YEŞİLOT)"":1458.0,""AYVA"":53.0,""BADEM"":121.0,""BAĞ"":5413.0,""BUĞDAY (YEŞİLOT)"":130.0,""CEVİZ"":1388.0,""ELMA"":26880.0,""ERİK"":210.0,""ISPANAK"":3522.0,""KABAK (BAL)"":390.0,""KABAK (SAKIZ)"":600.0,""KARPUZ"":10.0,""KAYSI"":1502.0,""KURU FASULYE"":50.0,""KİRAZ"":191.0,""LAHANA (BEYAZ)"":5997.0,""LAHANA (KIRMIZI)"":3197.0,""MARUL"":16135.0,""NEKTAR"":2649.0,""SALÇALIK BİBER"":5573.0,""SALÇALIK DOMATES"":9316.0,""SARIMSAK (KURU)"":332.0,""SOĞAN (TAZE)"":11.0,""TRİTİKALE (YEŞİLOT)"":120.0,""TURP (KIRMIZI)"":47781.0,""VİŞNE"":2.0,""YULAF (YEŞİLOT)"":750.0,""ÇAVDAR (YEŞİLOT)"":61.0,""ÇİLEK"":12.0,""ŞEFTALİ"":676.0}",31,"{""ARMUT"":0.0028832114083264773,""ARPA (YEŞİLOT)"":0.010806483890334201,""AYVA"":0.0003928282895663324,""BADEM"":0.000896834396934457,""BAĞ"":0.04012036851740674,""BUĞDAY (YEŞİLOT)"":0.0009635410876155323,""CEVİZ"":0.010287654073925836,""ELMA"":0.1992306495008116,""ERİK"":0.0015564894492250906,""ISPANAK"":0.026104551619860805,""KABAK (BAL)"":0.0028906232628465966,""KABAK (SAKIZ)"":0.004447112712071688,""KARPUZ"":7.411854520119479e-05,""KAYSI"":0.011132605489219457,""KURU FASULYE"":0.00037059272600597397,""KİRAZ"":0.0014156642133428205,""LAHANA (BEYAZ)"":0.04444889155715651,""LAHANA (KIRMIZI)"":0.023695698900821974,""MARUL"":0.1195902726821278,""NEKTAR"":0.0196340026237965,""SALÇALIK BİBER"":0.041306265240625854,""SALÇALIK DOMATES"":0.06904883670943307,""SARIMSAK (KURU)"":0.002460735700679667,""SOĞAN (TAZE)"":8.153039972131428e-05,""TRİTİKALE (YEŞİLOT)"":0.0008894225424143375,""TURP (KIRMIZI)"":0.35414582082582885,""VİŞNE"":1.4823709040238959e-05,""YULAF (YEŞİLOT)"":0.005558890890089609,""ÇAVDAR (YEŞİLOT)"":0.00045212312572728825,""ÇİLEK"":8.894225424143375e-05,""ŞEFTALİ"":0.005010413655600768}",0.0,13.784035345044419,WATER_THRESHOLD,True,0.19155419646032948,8c6a548b2ea52b69db43e3cd20b3d01e1233c3b4aa8aaf62bd8036533bcd7f90,not_available,,water_saving,2024,FULL_REFERENCE_PROJECT_EXPERIMENT,b9be7f4fb3d95534279d,120.34435490000033,S1,e0c9d87631522c66246fbeda7e7a4a82c88242e6008a18b50cf1968049004e7e,SCN-e0c9d8763152,101,TURP (KIRMIZI),0.35414582082582885,"[""TURP (KIRMIZI)"",""ELMA"",""MARUL""]",0.6729667430087682,959280500.489,69593589.72,228817299.54642886,2.272265302131775
GA,179,False,134919,DIAGNOSTIC ONLY,"{""ARMUT"":449.0,""ARPA"":89.0,""ARPA_DANE"":35.0,""ARPA_KURU"":42.0,""ARPA_YESILOT"":27.0,""AYCICEGI"":30.0,""AYVA"":55.0,""BADEM"":121.0,""BAG"":5443.0,""BUGDAY"":144.0,""BUGDAY_DANE"":50.0,""BUGDAY_KURU"":31.0,""CEVIZ"":1408.0,""CILEK"":12.0,""ELMA"":26880.0,""ERIK"":210.0,""FASULYE_TAZE"":40.0,""FIG_YESILOT"":82.0,""HIYAR_SOFRALIK"":1.0,""ISPANAK"":65.0,""KABAK_CEREZLIK"":11.0,""KARPUZ"":1.0,""KAVUN"":49.0,""KAYSI"":1502.0,""KIRAZ"":236.0,""KURU_FASULYE"":181.0,""LAHANA_BEYAZ"":137.0,""MARUL"":12.0,""MAYDONOZ"":7.0,""MERCIMEK"":4775.0,""MERCIMEK_KURU"":185.0,""MISIR_DANE"":30.0,""NEKTAR"":2649.0,""NOHUT"":346.0,""NOHUT_KURU"":109.0,""PATATES"":10.0,""SALCALIK_BIBER"":26.0,""SALCALIK_DOMATES"":10.0,""SARIMSAK_KURU"":2.0,""SEFTALI"":696.0,""SIVRI_BIBER"":2.0,""SOFRALIK_DOMATES"":10.0,""SOGAN_KURU"":2.0,""SOGAN_TAZE"":45.0,""SORGUM"":11.0,""TURP_KIRMIZI"":16.0,""VISNE"":2.0,""YONCA_YESILOT"":27.0,""YULAF_DANE"":50.0}",49,"{""ARMUT"":0.009686535930791966,""ARPA"":0.0019200483248117705,""ARPA_DANE"":0.0007550751839147412,""ARPA_KURU"":0.0009060902206976894,""ARPA_YESILOT"":0.0005824865704485147,""AYCICEGI"":0.0006472073004983496,""AYVA"":0.0011865467175803076,""BADEM"":0.002610402778676677,""BAG"":0.1174249778870839,""BUGDAY"":0.0031065950423920783,""BUGDAY_DANE"":0.0010786788341639161,""BUGDAY_KURU"":0.0006687808771816279,""CEVIZ"":0.030375595970055874,""CILEK"":0.00025888292019933984,""ELMA"":0.5798977412465213,""ERIK"":0.004530451103488447,""FASULYE_TAZE"":0.0008629430673311329,""FIG_YESILOT"":0.0017690332880288223,""HIYAR_SOFRALIK"":2.157357668327832e-05,""ISPANAK"":0.001402282484413091,""KABAK_CEREZLIK"":0.00023730934351606152,""KARPUZ"":2.157357668327832e-05,""KAVUN"":0.0010571052574806377,""KAYSI"":0.032403512178284036,""KIRAZ"":0.0050913640972536835,""KURU_FASULYE"":0.003904817379673376,""LAHANA_BEYAZ"":0.00295558000560913,""MARUL"":0.00025888292019933984,""MAYDONOZ"":0.00015101503678294825,""MERCIMEK"":0.10301382866265398,""MERCIMEK_KURU"":0.003991111686406489,""MISIR_DANE"":0.0006472073004983496,""NEKTAR"":0.05714840463400427,""NOHUT"":0.007464457532414299,""NOHUT_KURU"":0.002351519858477337,""PATATES"":0.00021573576683278322,""SALCALIK_BIBER"":0.0005609129937652363,""SALCALIK_DOMATES"":0.00021573576683278322,""SARIMSAK_KURU"":4.314715336655664e-05,""SEFTALI"":0.015015209371561712,""SIVRI_BIBER"":4.314715336655664e-05,""SOFRALIK_DOMATES"":0.00021573576683278322,""SOGAN_KURU"":4.314715336655664e-05,""SOGAN_TAZE"":0.0009708109507475244,""SORGUM"":0.00023730934351606152,""TURP_KIRMIZI"":0.00034517722693245314,""VISNE"":4.314715336655664e-05,""YONCA_YESILOT"":0.0005824865704485147,""YULAF_DANE"":0.0010786788341639161}",0.0,7.897523368000349,WATER_THRESHOLD,False,0.3664233546719619,e6550ada18ebb3c3a5c6b6b398d2c030fe272592e6c1d602b24aaf664bed0d3d,violation,"[1,2,3,4,5,6,7,8,9,10,11,12]",water_saving,2024,FULL_REFERENCE_PROJECT_EXPERIMENT,be0cabe575251d2b278a,57.474953599998116,S2,0a288e75149647540c080bcc71ce0f88fb8560557ff0e4f9ed5b4a31c7ed3ead,SCN-0a288e751496,101,ELMA,0.5798977412465213,"[""ELMA"",""BAG"",""MERCIMEK""]",0.8003365477962592,188349606.4327036,23849199.0028,20803973.112,2.0
GA,179,True,134919,SAFE WITH LIMITATION,"{""ARMUT"":342.4016523894497,""ARPA (YEŞİLOT)"":491.0,""AYVA"":46.65169764816349,""BADEM"":121.0,""BAĞ"":5413.0,""CEVİZ"":1274.2577200602138,""ELMA"":24677.424483839037,""ERİK"":200.17801464820462,""ISPANAK"":547.0,""KABAK (BAL)"":90.0,""KABAK (SAKIZ)"":2540.0,""KARPUZ"":760.0,""KAYSI"":1400.3550963590642,""KİRAZ"":175.8774914359967,""LAHANA (BEYAZ)"":2095.0,""LAHANA (KIRMIZI)"":4142.0,""MARUL"":1131.0,""NEKTAR"":2331.7033122869616,""PATATES"":209.7735663653725,""SALÇALIK BİBER"":13147.0,""SALÇALIK DOMATES"":55909.305677624405,""SOFRALIK DOMATES"":94.68391296595058,""SOĞAN (KURU)"":3234.5296864128436,""SOĞAN (TAZE)"":803.0,""SİVRİ BİBER"":1956.0,""TURP (KIRMIZI)"":3982.0,""VİŞNE"":1.8416491249842584,""ÇİLEK"":12.0,""ŞEFTALİ"":595.0263456686764}",29,"{""ARMUT"":0.0026807931536670646,""ARPA (YEŞİLOT)"":0.0038442263034215622,""AYVA"":0.00036525393726749474,""BADEM"":0.0009473551582770041,""BAĞ"":0.04238044191531755,""CEVİZ"":0.009976649785730068,""ELMA"":0.1932089700641004,""ERİK"":0.0015672700392613747,""ISPANAK"":0.004282671665929928,""KABAK (BAL)"":0.0007046443326027303,""KABAK (SAKIZ)"":0.019886628942343724,""KARPUZ"":0.00595032991975639,""KAYSI"":0.010963914247564054,""KİRAZ"":0.0013770119730306702,""LAHANA (BEYAZ)"":0.01640255418669689,""LAHANA (KIRMIZI)"":0.03242929806267232,""MARUL"":0.00885503044637431,""NEKTAR"":0.018255794714600242,""PATATES"":0.0016423972741024717,""SALÇALIK BİBER"":0.10293287823031218,""SALÇALIK DOMATES"":0.4377352820610188,""SOFRALIK DOMATES"":0.0007413164740011917,""SOĞAN (KURU)"":0.02532436680184552,""SOĞAN (TAZE)"":0.006286993323111027,""SİVRİ BİBER"":0.015314270161899339,""TURP (KIRMIZI)"":0.031176597026934136,""VİŞNE"":1.4418973539588166e-05,""ÇİLEK"":9.395257768036405e-05,""ŞEFTALİ"":0.004658688246941623}",-0.1,14.634501118003321,ECONOMIC,True,0.2456746789664064,9e877e65d932a5cdc3a3f96c516a26f6ce2acf4618154ebd7fa444c52ebdae86,not_available,,max_profit,2024,FULL_REFERENCE_PROJECT_EXPERIMENT,c33cf81e7ed0ea0026cd,106.13623229999939,S1,2efe9637d069672db7108e93b30431129c2d49408d49669e1e5a1ef81925ac69,SCN-2efe9637d069,101,SALÇALIK DOMATES,0.4377352820610188,"[""SALÇALIK DOMATES"",""ELMA"",""SALÇALIK BİBER""]",0.7338771303554313,1379832447.8030555,94286264.81196477,100700080.81,1.0
GA,179,False,134919,DIAGNOSTIC ONLY,"{""ARMUT"":389.0,""ARPA"":325.0,""ARPA_DANE"":127.0,""ARPA_KURU"":165.0,""ARPA_YESILOT"":32.0,""AYVA"":65.0,""BADEM"":121.0,""BAG"":5413.0,""BARBUNYA_FASULYE_TAZE"":17.0,""BUGDAY"":62.0,""BUGDAY_KURU"":128.0,""BUGDAY_YESILOT"":50.0,""CAVDAR_DANE"":20.0,""CAVDAR_YESILOT"":120.0,""CEVIZ"":1388.0,""CILEK"":12.0,""ELMA"":26889.0,""ERIK"":210.0,""FASULYE_TAZE"":70.0,""FIG_YESILOT"":75.0,""HIYAR_SOFRALIK"":31.0,""KABAK_BAL"":20.0,""KABAK_CEREZLIK"":1.0,""KARPUZ"":11.0,""KAVUN"":34.0,""KAYSI"":1517.0,""KIRAZ"":201.0,""KURU_FASULYE"":120.0,""LAHANA_KIRMIZI"":1.0,""MERCIMEK"":4781.0,""MERCIMEK_KURU"":92.0,""MISIR_DANE"":30.0,""NEKTAR"":2659.0,""NOHUT"":290.0,""NOHUT_KURU"":172.0,""PATATES"":9.0,""SARIMSAK_KURU"":20.0,""SEFTALI"":678.0,""SEKER_PANCARI"":15.0,""SILAJLIK_MISIR"":16.0,""SIVRI_BIBER"":40.0,""SOGAN_KURU"":30.0,""SORGUM"":92.0,""TRTIKALE_DANE"":54.0,""TURP_KIRMIZI"":40.0,""VISNE"":2.0,""YONCA_YESILOT"":34.0,""YULAF_YESILOT"":41.0}",48,"{""ARMUT"":0.008328159455351217,""ARPA"":0.006957973838018369,""ARPA_DANE"":0.0027189620843948705,""ARPA_KURU"":0.0035325097946862487,""ARPA_YESILOT"":0.0006850928086664241,""AYVA"":0.0013915947676036739,""BADEM"":0.0025905071827699157,""BAG"":0.11588773041597979,""BARBUNYA_FASULYE_TAZE"":0.0003639555546040378,""BUGDAY"":0.0013273673167911967,""BUGDAY_KURU"":0.0027403712346656963,""BUGDAY_YESILOT"":0.0010704575135412875,""CAVDAR_DANE"":0.000428183005416515,""CAVDAR_YESILOT"":0.00256909803249909,""CEVIZ"":0.029715900575906142,""CILEK"":0.000256909803249909,""ELMA"":0.5756706416322336,""ERIK"":0.004495921556873408,""FASULYE_TAZE"":0.0014986405189578026,""FIG_YESILOT"":0.0016056862703119313,""HIYAR_SOFRALIK"":0.0006636836583955983,""KABAK_BAL"":0.000428183005416515,""KABAK_CEREZLIK"":2.1409150270825752e-05,""KARPUZ"":0.00023550065297908327,""KAVUN"":0.0007279111092080756,""KAYSI"":0.032477680960842664,""KIRAZ"":0.004303239204435976,""KURU_FASULYE"":0.00256909803249909,""LAHANA_KIRMIZI"":2.1409150270825752e-05,""MERCIMEK"":0.10235714744481791,""MERCIMEK_KURU"":0.001969641824915969,""MISIR_DANE"":0.0006422745081247725,""NEKTAR"":0.05692693057012567,""NOHUT"":0.006208653578539468,""NOHUT_KURU"":0.0036823738465820294,""PATATES"":0.00019268235243743176,""SARIMSAK_KURU"":0.000428183005416515,""SEFTALI"":0.01451540388361986,""SEKER_PANCARI"":0.00032113725406238624,""SILAJLIK_MISIR"":0.00034254640433321204,""SIVRI_BIBER"":0.00085636601083303,""SOGAN_KURU"":0.0006422745081247725,""SORGUM"":0.001969641824915969,""TRTIKALE_DANE"":0.0011560941146245905,""TURP_KIRMIZI"":0.00085636601083303,""VISNE"":4.2818300541651505e-05,""YONCA_YESILOT"":0.0007279111092080756,""YULAF_YESILOT"":0.0008777751611038558}",0.0,7.838792849692344,ALGORITHM_SEED,False,0.3609736086394617,cba24092bef97bba82cb4603e3f6b2f0a9aaac9a5ffc167835f9aff672c5372b,violation,"[1,2,3,4,5,6,7,8,9,10,11,12]",water_saving,2024,FULL_REFERENCE_PROJECT_EXPERIMENT,c475926e9e6e13533ed8,48.408810200002335,S2,9d560fd43ee6d83461ab27ae94416edad3cf87102610251c75f00eebf8d9e5a8,SCN-9d560fd43ee6,211,ELMA,0.5756706416322336,"[""ELMA"",""BAG"",""MERCIMEK""]",0.7939155194930313,188308257.72018975,24022609.262800004,10401986.556,1.0
ACO,179,False,134919,DIAGNOSTIC ONLY,"{""ARMUT"":389.0,""ARPA"":18818.0,""AYVA"":53.0,""BADEM"":121.0,""BAG"":5413.0,""BUGDAY"":2727.0,""CEVIZ"":1388.0,""CILEK"":12.0,""ELMA"":26880.0,""ERIK"":210.0,""KAYSI"":1502.0,""KIRAZ"":191.0,""KURU_FASULYE"":1356.0,""LAHANA_BEYAZ"":30.0,""MERCIMEK"":55237.0,""MERCIMEK_KURU"":6009.0,""NEKTAR"":2649.0,""NOHUT"":59467.0,""NOHUT_KURU"":11902.0,""SEFTALI"":676.0,""VISNE"":2.0}",21,"{""ARMUT"":0.0019945444850075883,""ARPA"":0.09648673038270643,""AYVA"":0.00027175027687764057,""BADEM"":0.0006204110094753682,""BAG"":0.027754419787522046,""BUGDAY"":0.013982320849911809,""CEVIZ"":0.00711678083596538,""CILEK"":6.152836457606957e-05,""ELMA"":0.13782353665039584,""ERIK"":0.0010767463800812175,""KAYSI"":0.007701300299438041,""KIRAZ"":0.0009793264695024406,""KURU_FASULYE"":0.006952705197095861,""LAHANA_BEYAZ"":0.00015382091144017392,""MERCIMEK"":0.2832201895073629,""MERCIMEK_KURU"":0.030810328561466836,""NEKTAR"":0.013582386480167357,""NOHUT"":0.3049089380204274,""NOHUT_KURU"":0.061025882932031664,""SEFTALI"":0.0034660978711185857,""VISNE"":1.0254727429344928e-05}",0.0,11.914156486780568,ALGORITHM_SEED,False,0.20748877721477585,cba24092bef97bba82cb4603e3f6b2f0a9aaac9a5ffc167835f9aff672c5372b,violation,"[1,2,3,4,5,6,7,8,9,10,11,12]",water_saving,2024,FULL_REFERENCE_PROJECT_EXPERIMENT,c568cd6739edbed0f4c7,30.668346800001018,S2,7e178dc4724e96f9ea47f481522bd8695812f7929000b4f9fe4e395375adfc5c,SCN-7e178dc4724e,101,NOHUT,0.3049089380204274,"[""NOHUT"",""MERCIMEK"",""ELMA""]",0.725952664178186,514275405.09070003,43165070.53280001,10401986.556,1.0
GA,179,True,134919,SAFE WITH LIMITATION,"{""ARMUT"":389.0,""ARPA (YEŞİLOT)"":3521.0,""AYVA"":53.0,""BADEM"":121.0,""BAĞ"":5413.0,""BUĞDAY (YEŞİLOT)"":3527.0,""CEVİZ"":1388.0,""ELMA"":26880.0,""ERİK"":210.0,""ISPANAK"":6296.0,""KABAK (BAL)"":350.0,""KARPUZ"":10.0,""KAYSI"":1502.0,""KİRAZ"":191.0,""LAHANA (BEYAZ)"":1945.0,""LAHANA (KIRMIZI)"":2020.0,""MARUL"":13220.0,""MISIR (Dane)"":9.0,""NEKTAR"":2649.0,""SALÇALIK BİBER"":3506.0,""SALÇALIK DOMATES"":12821.0,""SARIMSAK (KURU)"":382.0,""SOĞAN (TAZE)"":141.0,""TRİTİKALE (YEŞİLOT)"":185.0,""TURP (KIRMIZI)"":44982.0,""VİŞNE"":2.0,""YULAF (YEŞİLOT)"":2487.0,""ÇAVDAR (YEŞİLOT)"":31.0,""ÇİLEK"":12.0,""ŞEFTALİ"":676.0}",30,"{""ARMUT"":0.0028832114083264773,""ARPA (YEŞİLOT)"":0.026097139765340685,""AYVA"":0.0003928282895663324,""BADEM"":0.000896834396934457,""BAĞ"":0.04012036851740674,""BUĞDAY (YEŞİLOT)"":0.026141610892461403,""CEVİZ"":0.010287654073925836,""ELMA"":0.1992306495008116,""ERİK"":0.0015564894492250906,""ISPANAK"":0.04666503605867224,""KABAK (BAL)"":0.002594149082041818,""KARPUZ"":7.411854520119479e-05,""KAYSI"":0.011132605489219457,""KİRAZ"":0.0014156642133428205,""LAHANA (BEYAZ)"":0.014416057041632386,""LAHANA (KIRMIZI)"":0.014971946130641348,""MARUL"":0.09798471675597951,""MISIR (Dane)"":6.670669068107532e-05,""NEKTAR"":0.0196340026237965,""SALÇALIK BİBER"":0.025985961947538893,""SALÇALIK DOMATES"":0.09502738680245185,""SARIMSAK (KURU)"":0.002831328426685641,""SOĞAN (TAZE)"":0.0010450714873368465,""TRİTİKALE (YEŞİLOT)"":0.0013711930862221036,""TURP (KIRMIZI)"":0.3334000400240144,""VİŞNE"":1.4823709040238959e-05,""YULAF (YEŞİLOT)"":0.018433282191537146,""ÇAVDAR (YEŞİLOT)"":0.00022976749012370385,""ÇİLEK"":8.894225424143375e-05,""ŞEFTALİ"":0.005010413655600768}",0.0,13.779715921301728,WATER_THRESHOLD,True,0.17675025599122632,a91a89d37b5f020cf210e932da3e6c38f80ac435f4c0aded270489f386e04bb6,not_available,,water_saving,2024,FULL_REFERENCE_PROJECT_EXPERIMENT,c5f2f308852443079ae6,118.66219140000248,S1,5856ef7d044a3ddffde63cd26c5fe80f30997e14aff9074f002775e3e532fd6c,SCN-5856ef7d044a,101,TURP (KIRMIZI),0.3334000400240144,"[""TURP (KIRMIZI)"",""ELMA"",""MARUL""]",0.6306154062808056,976945793.7210001,70897382.73999998,207025175.78010225,2.05585908288113
ACO,179,False,134919,DIAGNOSTIC ONLY,"{""ARMUT"":389.0,""ARPA"":2794.0,""ARPA_KURU"":935.0,""AYVA"":53.0,""BADEM"":121.0,""BAG"":5413.0,""BUGDAY"":8104.0,""BUGDAY_KURU"":640.0,""CEVIZ"":1388.0,""CILEK"":12.0,""ELMA"":26880.0,""ERIK"":210.0,""KAYSI"":1502.0,""KIRAZ"":191.0,""KURU_FASULYE"":848.0,""MERCIMEK"":59767.0,""MERCIMEK_KURU"":4733.0,""NEKTAR"":2649.0,""NOHUT"":62596.0,""NOHUT_KURU"":7468.0,""SEFTALI"":676.0,""TURP_KIRMIZI"":570.0,""VISNE"":2.0}",23,"{""ARMUT"":0.002069798500593271,""ARPA"":0.014866367636651927,""ARPA_KURU"":0.00497496554769848,""AYVA"":0.0002820033946823737,""BADEM"":0.0006438190708786268,""BAG"":0.028801591988975264,""BUGDAY"":0.04311991529256522,""BUGDAY_KURU"":0.0034053240112588527,""CEVIZ"":0.007385296449417636,""CILEK"":6.384982521110349e-05,""ELMA"":0.1430236084728718,""ERIK"":0.0011173719411943109,""KAYSI"":0.00799186978892312,""KIRAZ"":0.0010162763846100638,""KURU_FASULYE"":0.004512054314917979,""MERCIMEK"":0.3180093752826685,""MERCIMEK_KURU"":0.025183435227012732,""NEKTAR"":0.014094848915351094,""NOHUT"":0.33306197157618617,""NOHUT_KURU"":0.039735874556376734,""SEFTALI"":0.003596873486892163,""TURP_KIRMIZI"":0.0030328666975274155,""VISNE"":1.0641637535183915e-05}",0.0,12.166503103217506,ALGORITHM_SEED,False,0.23804198697982695,cba24092bef97bba82cb4603e3f6b2f0a9aaac9a5ffc167835f9aff672c5372b,violation,"[1,2,3,4,5,6,7,8,9,10,11,12]",water_saving,2024,FULL_REFERENCE_PROJECT_EXPERIMENT,c7f842e9e7cb61a7f34a,32.02303970000139,S2,758905d0c0ebab15e60df242febe2289a8f91caf418731c40784cebb810fd43a,SCN-758905d0c0eb,503,NOHUT,0.33306197157618617,"[""NOHUT"",""MERCIMEK"",""ELMA""]",0.7940949553317265,507730216.95000005,41731811.73280001,10401986.556,1.0
ACO,179,True,134919,SAFE WITH LIMITATION,"{""ARMUT"":342.4016523894497,""AYVA"":46.65169764816349,""BADEM"":121.0,""BAĞ"":5413.0,""CEVİZ"":1274.2577200602138,""ELMA"":24677.424483839037,""ERİK"":200.17801464820462,""KAYSI"":1400.3550963590642,""KİRAZ"":175.8774914359967,""MARUL"":13942.0,""NEKTAR"":2331.7033122869616,""TURP (KIRMIZI)"":81491.0,""VİŞNE"":1.8416491249842584,""ÇİLEK"":12.0,""ŞEFTALİ"":595.0263456686764}",15,"{""ARMUT"":0.0025934662763752022,""AYVA"":0.0003533557847686729,""BADEM"":0.0009164950497507259,""BAĞ"":0.040999898382650245,""CEVİZ"":0.009651660268940763,""ELMA"":0.18691518495897388,""ERİK"":0.001516216194165354,""KAYSI"":0.010606764576084985,""KİRAZ"":0.0013321557873030303,""MARUL"":0.10560143788119522,""NEKTAR"":0.017661111927259266,""TURP (KIRMIZI)"":0.6172404801589786,""VİŞNE"":1.3949275259717593e-05,""ÇİLEK"":9.089207104965877e-05,""ŞEFTALİ"":0.004506931407244679}",0.0,13.338455141065523,ALGORITHM_SEED,True,0.42930541026838737,cba24092bef97bba82cb4603e3f6b2f0a9aaac9a5ffc167835f9aff672c5372b,not_available,,water_saving,2024,FULL_REFERENCE_PROJECT_EXPERIMENT,c87b227111f707be64b2,145.16401969999788,S1,8890968cf4324400ca616294925489175992c053b37beef04d2018b6a0c56826,SCN-8890968cf432,503,TURP (KIRMIZI),0.6172404801589786,"[""TURP (KIRMIZI)"",""ELMA"",""MARUL""]",0.9097571029991477,774601807.8502525,58072827.74940416,100700080.81,1.0
ABC,179,True,134919,SAFE WITH LIMITATION,"{""ARMUT"":342.4016523894497,""AYVA"":46.65169764816349,""BADEM"":121.0,""BAĞ"":5413.0,""CEVİZ"":1274.2577200602138,""ELMA"":24677.424483839037,""ERİK"":200.17801464820462,""KAYSI"":1400.3550963590642,""KİRAZ"":175.8774914359967,""MARUL"":13942.0,""NEKTAR"":2331.7033122869616,""TURP (KIRMIZI)"":81491.0,""VİŞNE"":1.8416491249842584,""ÇİLEK"":12.0,""ŞEFTALİ"":595.0263456686764}",15,"{""ARMUT"":0.0025934662763752022,""AYVA"":0.0003533557847686729,""BADEM"":0.0009164950497507259,""BAĞ"":0.040999898382650245,""CEVİZ"":0.009651660268940763,""ELMA"":0.18691518495897388,""ERİK"":0.001516216194165354,""KAYSI"":0.010606764576084985,""KİRAZ"":0.0013321557873030303,""MARUL"":0.10560143788119522,""NEKTAR"":0.017661111927259266,""TURP (KIRMIZI)"":0.6172404801589786,""VİŞNE"":1.3949275259717593e-05,""ÇİLEK"":9.089207104965877e-05,""ŞEFTALİ"":0.004506931407244679}",0.0,13.338455141065523,ALGORITHM_SEED,True,0.42930541026838737,cba24092bef97bba82cb4603e3f6b2f0a9aaac9a5ffc167835f9aff672c5372b,not_available,,water_saving,2024,FULL_REFERENCE_PROJECT_EXPERIMENT,ccbdf5cd11eeb1a8b793,95.39478840000083,S1,e576c5082163f5082f364b9e58aa070ff5c06be47a8ee9723e243b8c2781d3e6,SCN-e576c5082163,401,TURP (KIRMIZI),0.6172404801589786,"[""TURP (KIRMIZI)"",""ELMA"",""MARUL""]",0.9097571029991477,774601807.8502525,58072827.74940416,100700080.81,1.0
ABC,179,False,134919,DIAGNOSTIC ONLY,"{""ARMUT"":406.0,""ARPA"":14183.0,""ARPA_DANE"":615.0,""ARPA_KURU"":70.0,""AYCICEGI"":106.0,""AYVA"":53.0,""BADEM"":121.0,""BAG"":5443.0,""BARBUNYA_FASULYE_TAZE"":80.0,""BUGDAY"":12.0,""BUGDAY_DANE"":1575.0,""BUGDAY_KURU"":5836.0,""BUGDAY_YESILOT"":125.0,""CAVDAR_DANE"":1020.0,""CAVDAR_YESILOT"":2555.0,""CEVIZ"":4450.0,""CILEK"":12.0,""ELMA"":27470.0,""ERIK"":1210.0,""FASULYE_TAZE"":350.0,""FIG_YESILOT"":265.0,""HIYAR_SOFRALIK"":163.0,""ISPANAK"":5400.0,""KABAK_BAL"":1002.0,""KAVUN"":570.0,""KAYSI"":1513.0,""KIRAZ"":407.0,""KURU_FASULYE"":40.0,""LAHANA_BEYAZ"":9.0,""LAHANA_KIRMIZI"":361.0,""LAVANTA"":1190.0,""MAYDONOZ"":4.0,""MERCIMEK"":1687.0,""MERCIMEK_KURU"":3413.0,""MISIR_DANE"":7.0,""NEKTAR"":6403.0,""NOHUT"":1850.0,""NOHUT_KURU"":4004.0,""PATATES"":7876.0,""PIRASA"":307.0,""SALCALIK_BIBER"":582.0,""SALCALIK_DOMATES"":120.0,""SEFTALI"":3637.0,""SILAJLIK_MISIR"":7101.0,""SIVRI_BIBER"":5691.0,""SOFRALIK_DOMATES"":50.0,""SOGAN_TAZE"":492.0,""SORGUM"":30.0,""TRITIKALE_YESILOT"":3640.0,""TRTIKALE_DANE"":4968.0,""TURP_KIRMIZI"":70.0,""VISNE"":2.0,""YONCA_YESILOT"":845.0}",53,"{""ARMUT"":0.0031377761977262717,""ARPA"":0.1096134970747579,""ARPA_DANE"":0.004753035373403096,""ARPA_KURU"":0.000540995896159702,""AYCICEGI"":0.0008192223570418344,""AYVA"":0.0004096111785209172,""BADEM"":0.0009351500490760563,""BAG"":0.04206629518281797,""BARBUNYA_FASULYE_TAZE"":0.0006182810241825166,""BUGDAY"":9.274215362737749e-05,""BUGDAY_DANE"":0.012172407663593295,""BUGDAY_KURU"":0.04510360071411458,""BUGDAY_YESILOT"":0.0009660641002851822,""CAVDAR_DANE"":0.007883083058327085,""CAVDAR_YESILOT"":0.019746350209829122,""CEVIZ"":0.034391881970152485,""CILEK"":9.274215362737749e-05,""ELMA"":0.21230224667867162,""ERIK"":0.009351500490760563,""FASULYE_TAZE"":0.00270497948079851,""FIG_YESILOT"":0.002048055892604586,""HIYAR_SOFRALIK"":0.0012597475867718775,""ISPANAK"":0.041733969132319866,""KABAK_BAL"":0.00774396982788602,""KAVUN"":0.00440525229730043,""KAYSI"":0.011693239869851844,""KIRAZ"":0.003145504710528553,""KURU_FASULYE"":0.0003091405120912583,""LAHANA_BEYAZ"":6.955661522053311e-05,""LAHANA_KIRMIZI"":0.002789993121623606,""LAVANTA"":0.009196930234714934,""MAYDONOZ"":3.091405120912583e-05,""MERCIMEK"":0.013038001097448819,""MERCIMEK_KURU"":0.026377414194186613,""MISIR_DANE"":5.40995896159702e-05,""NEKTAR"":0.04948566747300817,""NOHUT"":0.014297748684220695,""NOHUT_KURU"":0.030944965260334953,""PATATES"":0.06086976683076876,""PIRASA"":0.0023726534303004075,""SALCALIK_BIBER"":0.004497994450927808,""SALCALIK_DOMATES"":0.0009274215362737748,""SEFTALI"":0.028108601061897658,""SILAJLIK_MISIR"":0.054880169409000625,""SIVRI_BIBER"":0.04398296635778377,""SOFRALIK_DOMATES"":0.00038642564011407283,""SOGAN_TAZE"":0.003802428298722477,""SORGUM"":0.0002318553840684437,""TRITIKALE_YESILOT"":0.028131786600304503,""TRTIKALE_DANE"":0.03839525160173428,""TURP_KIRMIZI"":0.000540995896159702,""VISNE"":1.5457025604562915e-05,""YONCA_YESILOT"":0.006530593317927831}",0.0,5.255656473184618,ALGORITHM_SEED,False,0.08113890224283597,cba24092bef97bba82cb4603e3f6b2f0a9aaac9a5ffc167835f9aff672c5372b,violation,"[1,2,3,4,5,6,7,8,9,10,11,12]",water_saving,2024,FULL_REFERENCE_PROJECT_EXPERIMENT,d14ef1e4ec9bfb15e327,36.64194600000337,S2,92423593e371dce27b02d34261123c0797955bcdce93fc3bffb44155c107b34a,SCN-92423593e371,101,ELMA,0.21230224667867162,"[""ELMA"",""ARPA"",""PATATES""]",0.3827855105841983,366223851.31485724,69681847.20279999,10401986.556,1.0
GA,179,True,134919,SAFE WITH LIMITATION,"{""ARMUT"":342.4016523894497,""AYVA"":46.65169764816349,""BADEM"":121.0,""BAĞ"":5413.0,""BUĞDAY (YEŞİLOT)"":611.0,""CEVİZ"":1274.2577200602138,""ELMA"":24677.424483839037,""ERİK"":200.17801464820462,""KABAK (BAL)"":151.0,""KAYSI"":1400.3550963590642,""KİRAZ"":175.8774914359967,""LAHANA (BEYAZ)"":6170.0,""LAHANA (KIRMIZI)"":471.0,""MARUL"":19722.0,""NEKTAR"":2331.7033122869616,""SALÇALIK BİBER"":60.0,""SALÇALIK DOMATES"":359.8079982095225,""SOĞAN (KURU)"":22.30202238430265,""TRİTİKALE (YEŞİLOT)"":235.0,""TURP (KIRMIZI)"":67138.0,""VİŞNE"":1.8416491249842584,""YULAF (YEŞİLOT)"":155.0,""ÇAVDAR (YEŞİLOT)"":310.0,""ÇİLEK"":12.0,""ŞEFTALİ"":595.0263456686764}",25,"{""ARMUT"":0.0025940142571291144,""AYVA"":0.0003534304463021968,""BADEM"":0.0009166886985569179,""BAĞ"":0.041008561366021455,""BUĞDAY (YEŞİLOT)"":0.0046288991307295605,""CEVİZ"":0.009653699595273577,""ELMA"":0.1869546787919589,""ERİK"":0.0015165365597319862,""KABAK (BAL)"":0.0011439668882817736,""KAYSI"":0.010609005709082131,""KİRAZ"":0.001332437262230738,""LAHANA (BEYAZ)"":0.04674354768674532,""LAHANA (KIRMIZI)"":0.003568267578680234,""MARUL"":0.1494126819251201,""NEKTAR"":0.01766484359306768,""SALÇALIK BİBER"":0.00045455637944971135,""SALÇALIK DOMATES"":0.0027258836827194796,""SOĞAN (KURU)"":0.00016895877582358385,""TRİTİKALE (YEŞİLOT)"":0.0017803458195113694,""TURP (KIRMIZI)"":0.508633436724912,""VİŞNE"":1.3952222641159557e-05,""YULAF (YEŞİLOT)"":0.0011742706469117542,""ÇAVDAR (YEŞİLOT)"":0.0023485412938235085,""ÇİLEK"":9.091127588994226e-05,""ŞEFTALİ"":0.004507883689405767}",0.0,13.285717665126413,ALGORITHM_SEED,True,0.32045392395831923,cba24092bef97bba82cb4603e3f6b2f0a9aaac9a5ffc167835f9aff672c5372b,not_available,,water_saving,2024,FULL_REFERENCE_PROJECT_EXPERIMENT,d3099ee59b3d7c456c2a,106.49412809999922,S1,d2547c89caa12e5b9b00b083a4252ce5d68fb3b86c9d13757bcb5dc787641e53,SCN-d2547c89caa1,401,TURP (KIRMIZI),0.508633436724912,"[""TURP (KIRMIZI)"",""ELMA"",""MARUL""]",0.8450007974419911,791625180.5450103,59584675.852546655,100700080.81,1.0
GA,179,False,134919,DIAGNOSTIC ONLY,"{""ARMUT"":419.0,""ARPA"":273.0,""ARPA_DANE"":70.0,""ARPA_KURU"":77.0,""ARPA_YESILOT"":12.0,""AYCICEGI"":40.0,""AYVA"":53.0,""BADEM"":141.0,""BAG"":5413.0,""BUGDAY"":162.0,""BUGDAY_DANE"":40.0,""BUGDAY_KURU"":237.0,""BUGDAY_YESILOT"":50.0,""CAVDAR_YESILOT"":35.0,""CEVIZ"":1388.0,""CILEK"":22.0,""ELMA"":26897.0,""ERIK"":240.0,""FASULYE_TAZE"":10.0,""FIG_YESILOT"":12.0,""ISPANAK"":65.0,""KABAK_CEREZLIK"":10.0,""KABAK_SAKIZ"":5.0,""KAVUN"":1.0,""KAYSI"":1524.0,""KIRAZ"":231.0,""KURU_FASULYE"":53.0,""LAHANA_BEYAZ"":59.0,""LAVANTA"":12.0,""MARUL"":30.0,""MERCIMEK"":4842.0,""MERCIMEK_KURU"":32.0,""NEKTAR"":2653.0,""NOHUT"":439.0,""NOHUT_KURU"":134.0,""PIRASA"":40.0,""SALCALIK_DOMATES"":90.0,""SARIMSAK_KURU"":1.0,""SEFTALI"":698.0,""SILAJLIK_MISIR"":51.0,""SIVRI_BIBER"":25.0,""SORGUM"":15.0,""VISNE"":11.0,""YONCA_YESILOT"":36.0,""YULAF_YESILOT"":80.0}",45,"{""ARMUT"":0.008966786509159391,""ARPA"":0.005842321520287622,""ARPA_DANE"":0.0014980311590481082,""ARPA_KURU"":0.001647834274952919,""ARPA_YESILOT"":0.00025680534155110427,""AYCICEGI"":0.0008560178051703475,""AYVA"":0.0011342235918507105,""BADEM"":0.0030174627632254753,""BAG"":0.11584060948467728,""BUGDAY"":0.0034668721109399076,""BUGDAY_DANE"":0.0008560178051703475,""BUGDAY_KURU"":0.0050719054956343095,""BUGDAY_YESILOT"":0.0010700222564629343,""CAVDAR_YESILOT"":0.0007490155795240541,""CEVIZ"":0.02970381783941106,""CILEK"":0.00047080979284369113,""ELMA"":0.575607772641671,""ERIK"":0.005136106831022085,""FASULYE_TAZE"":0.00021400445129258688,""FIG_YESILOT"":0.00025680534155110427,""ISPANAK"":0.0013910289334018147,""KABAK_CEREZLIK"":0.00021400445129258688,""KABAK_SAKIZ"":0.00010700222564629344,""KAVUN"":2.1400445129258687e-05,""KAYSI"":0.03261427837699024,""KIRAZ"":0.0049435028248587575,""KURU_FASULYE"":0.0011342235918507105,""LAHANA_BEYAZ"":0.0012626262626262627,""LAVANTA"":0.00025680534155110427,""MARUL"":0.0006420133538777606,""MERCIMEK"":0.10362095531587057,""MERCIMEK_KURU"":0.000684814244136278,""NEKTAR"":0.0567753809279233,""NOHUT"":0.009394795411744565,""NOHUT_KURU"":0.0028676596473206644,""PIRASA"":0.0008560178051703475,""SALCALIK_DOMATES"":0.001926040061633282,""SARIMSAK_KURU"":2.1400445129258687e-05,""SEFTALI"":0.014937510700222565,""SILAJLIK_MISIR"":0.001091422701592193,""SIVRI_BIBER"":0.0005350111282314672,""SORGUM"":0.0003210066769388803,""VISNE"":0.00023540489642184556,""YONCA_YESILOT"":0.0007704160246533128,""YULAF_YESILOT"":0.001712035610340695}",0.0,7.904777065094291,ALGORITHM_SEED,False,0.361207166721463,cba24092bef97bba82cb4603e3f6b2f0a9aaac9a5ffc167835f9aff672c5372b,violation,"[1,2,3,4,5,6,7,8,9,10,11,12]",water_saving,2024,FULL_REFERENCE_PROJECT_EXPERIMENT,e34baae3e90a1f48c82d,44.05757960000119,S2,86c05ca8e96d244e2cb6d5552f10cd6e8baac23a493d6e93a39367d0c964b835,SCN-86c05ca8e96d,401,ELMA,0.575607772641671,"[""ELMA"",""BAG"",""MERCIMEK""]",0.7950693374422187,189324993.7170872,23950706.282800004,10401986.556,1.0
GA,179,False,134919,DIAGNOSTIC ONLY,"{""ARMUT"":449.0,""ARPA"":89.0,""ARPA_DANE"":35.0,""ARPA_KURU"":42.0,""ARPA_YESILOT"":27.0,""AYCICEGI"":30.0,""AYVA"":55.0,""BADEM"":121.0,""BAG"":5443.0,""BUGDAY"":144.0,""BUGDAY_DANE"":50.0,""BUGDAY_KURU"":31.0,""CEVIZ"":1408.0,""CILEK"":12.0,""ELMA"":26880.0,""ERIK"":210.0,""FASULYE_TAZE"":40.0,""FIG_YESILOT"":82.0,""HIYAR_SOFRALIK"":1.0,""ISPANAK"":65.0,""KABAK_CEREZLIK"":11.0,""KARPUZ"":1.0,""KAVUN"":49.0,""KAYSI"":1502.0,""KIRAZ"":236.0,""KURU_FASULYE"":181.0,""LAHANA_BEYAZ"":137.0,""MARUL"":12.0,""MAYDONOZ"":7.0,""MERCIMEK"":4775.0,""MERCIMEK_KURU"":185.0,""MISIR_DANE"":30.0,""NEKTAR"":2649.0,""NOHUT"":346.0,""NOHUT_KURU"":109.0,""PATATES"":10.0,""SALCALIK_BIBER"":26.0,""SALCALIK_DOMATES"":10.0,""SARIMSAK_KURU"":2.0,""SEFTALI"":696.0,""SIVRI_BIBER"":2.0,""SOFRALIK_DOMATES"":10.0,""SOGAN_KURU"":2.0,""SOGAN_TAZE"":45.0,""SORGUM"":11.0,""TURP_KIRMIZI"":16.0,""VISNE"":2.0,""YONCA_YESILOT"":27.0,""YULAF_DANE"":50.0}",49,"{""ARMUT"":0.009686535930791966,""ARPA"":0.0019200483248117705,""ARPA_DANE"":0.0007550751839147412,""ARPA_KURU"":0.0009060902206976894,""ARPA_YESILOT"":0.0005824865704485147,""AYCICEGI"":0.0006472073004983496,""AYVA"":0.0011865467175803076,""BADEM"":0.002610402778676677,""BAG"":0.1174249778870839,""BUGDAY"":0.0031065950423920783,""BUGDAY_DANE"":0.0010786788341639161,""BUGDAY_KURU"":0.0006687808771816279,""CEVIZ"":0.030375595970055874,""CILEK"":0.00025888292019933984,""ELMA"":0.5798977412465213,""ERIK"":0.004530451103488447,""FASULYE_TAZE"":0.0008629430673311329,""FIG_YESILOT"":0.0017690332880288223,""HIYAR_SOFRALIK"":2.157357668327832e-05,""ISPANAK"":0.001402282484413091,""KABAK_CEREZLIK"":0.00023730934351606152,""KARPUZ"":2.157357668327832e-05,""KAVUN"":0.0010571052574806377,""KAYSI"":0.032403512178284036,""KIRAZ"":0.0050913640972536835,""KURU_FASULYE"":0.003904817379673376,""LAHANA_BEYAZ"":0.00295558000560913,""MARUL"":0.00025888292019933984,""MAYDONOZ"":0.00015101503678294825,""MERCIMEK"":0.10301382866265398,""MERCIMEK_KURU"":0.003991111686406489,""MISIR_DANE"":0.0006472073004983496,""NEKTAR"":0.05714840463400427,""NOHUT"":0.007464457532414299,""NOHUT_KURU"":0.002351519858477337,""PATATES"":0.00021573576683278322,""SALCALIK_BIBER"":0.0005609129937652363,""SALCALIK_DOMATES"":0.00021573576683278322,""SARIMSAK_KURU"":4.314715336655664e-05,""SEFTALI"":0.015015209371561712,""SIVRI_BIBER"":4.314715336655664e-05,""SOFRALIK_DOMATES"":0.00021573576683278322,""SOGAN_KURU"":4.314715336655664e-05,""SOGAN_TAZE"":0.0009708109507475244,""SORGUM"":0.00023730934351606152,""TURP_KIRMIZI"":0.00034517722693245314,""VISNE"":4.314715336655664e-05,""YONCA_YESILOT"":0.0005824865704485147,""YULAF_DANE"":0.0010786788341639161}",0.0,7.897523368000349,WATER_THRESHOLD,False,0.3664233546719619,ed2468d973f1c35b90977efdfc18888454ab05208c6edde127eca1c70f825b13,violation,"[1,2,3,4,5,6,7,8,9,10,11,12]",water_saving,2024,FULL_REFERENCE_PROJECT_EXPERIMENT,ec1f2537b6ff0ca3ca88,48.15947099999903,S2,e5c40a71d3dc136018ab62df6b3fb34fb43434c41eb6c0cf5dca043e246fbbd8,SCN-e5c40a71d3dc,101,ELMA,0.5798977412465213,"[""ELMA"",""BAG"",""MERCIMEK""]",0.8003365477962592,188349606.4327036,23849199.0028,22510545.8328,2.1640621925064525
GA,179,False,134919,DIAGNOSTIC ONLY,"{""ARMUT"":449.0,""ARPA"":89.0,""ARPA_DANE"":35.0,""ARPA_KURU"":42.0,""ARPA_YESILOT"":27.0,""AYCICEGI"":30.0,""AYVA"":55.0,""BADEM"":121.0,""BAG"":5443.0,""BUGDAY"":144.0,""BUGDAY_DANE"":50.0,""BUGDAY_KURU"":31.0,""CEVIZ"":1408.0,""CILEK"":12.0,""ELMA"":26880.0,""ERIK"":210.0,""FASULYE_TAZE"":40.0,""FIG_YESILOT"":82.0,""HIYAR_SOFRALIK"":1.0,""ISPANAK"":65.0,""KABAK_CEREZLIK"":11.0,""KARPUZ"":1.0,""KAVUN"":49.0,""KAYSI"":1502.0,""KIRAZ"":236.0,""KURU_FASULYE"":181.0,""LAHANA_BEYAZ"":137.0,""MARUL"":12.0,""MAYDONOZ"":7.0,""MERCIMEK"":4775.0,""MERCIMEK_KURU"":185.0,""MISIR_DANE"":30.0,""NEKTAR"":2649.0,""NOHUT"":346.0,""NOHUT_KURU"":109.0,""PATATES"":10.0,""SALCALIK_BIBER"":26.0,""SALCALIK_DOMATES"":10.0,""SARIMSAK_KURU"":2.0,""SEFTALI"":696.0,""SIVRI_BIBER"":2.0,""SOFRALIK_DOMATES"":10.0,""SOGAN_KURU"":2.0,""SOGAN_TAZE"":45.0,""SORGUM"":11.0,""TURP_KIRMIZI"":16.0,""VISNE"":2.0,""YONCA_YESILOT"":27.0,""YULAF_DANE"":50.0}",49,"{""ARMUT"":0.009686535930791966,""ARPA"":0.0019200483248117705,""ARPA_DANE"":0.0007550751839147412,""ARPA_KURU"":0.0009060902206976894,""ARPA_YESILOT"":0.0005824865704485147,""AYCICEGI"":0.0006472073004983496,""AYVA"":0.0011865467175803076,""BADEM"":0.002610402778676677,""BAG"":0.1174249778870839,""BUGDAY"":0.0031065950423920783,""BUGDAY_DANE"":0.0010786788341639161,""BUGDAY_KURU"":0.0006687808771816279,""CEVIZ"":0.030375595970055874,""CILEK"":0.00025888292019933984,""ELMA"":0.5798977412465213,""ERIK"":0.004530451103488447,""FASULYE_TAZE"":0.0008629430673311329,""FIG_YESILOT"":0.0017690332880288223,""HIYAR_SOFRALIK"":2.157357668327832e-05,""ISPANAK"":0.001402282484413091,""KABAK_CEREZLIK"":0.00023730934351606152,""KARPUZ"":2.157357668327832e-05,""KAVUN"":0.0010571052574806377,""KAYSI"":0.032403512178284036,""KIRAZ"":0.0050913640972536835,""KURU_FASULYE"":0.003904817379673376,""LAHANA_BEYAZ"":0.00295558000560913,""MARUL"":0.00025888292019933984,""MAYDONOZ"":0.00015101503678294825,""MERCIMEK"":0.10301382866265398,""MERCIMEK_KURU"":0.003991111686406489,""MISIR_DANE"":0.0006472073004983496,""NEKTAR"":0.05714840463400427,""NOHUT"":0.007464457532414299,""NOHUT_KURU"":0.002351519858477337,""PATATES"":0.00021573576683278322,""SALCALIK_BIBER"":0.0005609129937652363,""SALCALIK_DOMATES"":0.00021573576683278322,""SARIMSAK_KURU"":4.314715336655664e-05,""SEFTALI"":0.015015209371561712,""SIVRI_BIBER"":4.314715336655664e-05,""SOFRALIK_DOMATES"":0.00021573576683278322,""SOGAN_KURU"":4.314715336655664e-05,""SOGAN_TAZE"":0.0009708109507475244,""SORGUM"":0.00023730934351606152,""TURP_KIRMIZI"":0.00034517722693245314,""VISNE"":4.314715336655664e-05,""YONCA_YESILOT"":0.0005824865704485147,""YULAF_DANE"":0.0010786788341639161}",0.0,7.897523368000349,WATER_THRESHOLD,False,0.3664233546719619,b0328341aed77ced6f6f4d2cec29297779964e63697a5ffe93dd85c11b86ff4c,violation,"[1,2,3,4,5,6,7,8,9,10,11,12]",water_saving,2024,FULL_REFERENCE_PROJECT_EXPERIMENT,ee16e710749f37178b1e,59.54166549999718,S2,cb18f3a27a440d9c4c9965765bd9774bb9c254bac0617cff6ead40ccdcb19d6c,SCN-cb18f3a27a44,101,ELMA,0.5798977412465213,"[""ELMA"",""BAG"",""MERCIMEK""]",0.8003365477962592,188349606.4327036,23849199.0028,15602979.833999999,1.5
ABC,179,True,134919,SAFE WITH LIMITATION,"{""ARMUT"":342.4016523894497,""AYVA"":46.65169764816349,""BADEM"":121.0,""BAĞ"":5413.0,""CEVİZ"":1274.2577200602138,""ELMA"":24677.424483839037,""ERİK"":200.17801464820462,""KAYSI"":1400.3550963590642,""KİRAZ"":175.8774914359967,""MARUL"":13942.0,""NEKTAR"":2331.7033122869616,""TURP (KIRMIZI)"":81491.0,""VİŞNE"":1.8416491249842584,""ÇİLEK"":12.0,""ŞEFTALİ"":595.0263456686764}",15,"{""ARMUT"":0.0025934662763752022,""AYVA"":0.0003533557847686729,""BADEM"":0.0009164950497507259,""BAĞ"":0.040999898382650245,""CEVİZ"":0.009651660268940763,""ELMA"":0.18691518495897388,""ERİK"":0.001516216194165354,""KAYSI"":0.010606764576084985,""KİRAZ"":0.0013321557873030303,""MARUL"":0.10560143788119522,""NEKTAR"":0.017661111927259266,""TURP (KIRMIZI)"":0.6172404801589786,""VİŞNE"":1.3949275259717593e-05,""ÇİLEK"":9.089207104965877e-05,""ŞEFTALİ"":0.004506931407244679}",0.0,13.338455141065523,ALGORITHM_SEED,True,0.42930541026838737,cba24092bef97bba82cb4603e3f6b2f0a9aaac9a5ffc167835f9aff672c5372b,not_available,,water_saving,2024,FULL_REFERENCE_PROJECT_EXPERIMENT,ee7621de364dc55e6ff6,146.6707368999996,S1,8fcdd63343bba0891c1e98bfa9a01d63a6063f1c95a31e419ee197caff8cb45d,SCN-8fcdd63343bb,211,TURP (KIRMIZI),0.6172404801589786,"[""TURP (KIRMIZI)"",""ELMA"",""MARUL""]",0.9097571029991477,774601807.8502525,58072827.74940416,100700080.81,1.0
ABC,179,False,134919,DIAGNOSTIC ONLY,"{""ARMUT"":564.0,""ARPA_DANE"":200.0,""ARPA_KURU"":2672.0,""AYVA"":53.0,""BADEM"":2821.0,""BAG"":6870.0,""BARBUNYA_FASULYE_TAZE"":2320.0,""BUGDAY"":5550.0,""BUGDAY_DANE"":7356.0,""BUGDAY_KURU"":3129.0,""BUGDAY_YESILOT"":380.0,""CAVDAR_DANE"":40.0,""CAVDAR_YESILOT"":110.0,""CEVIZ"":2238.0,""CILEK"":72.0,""ELMA"":26880.0,""ERIK"":5610.0,""FASULYE_TAZE"":10.0,""FIG_YESILOT"":1091.0,""ISPANAK"":536.0,""KABAK_BAL"":9.0,""KABAK_CEREZLIK"":170.0,""KABAK_SAKIZ"":150.0,""KARPUZ"":42.0,""KAVUN"":130.0,""KAYSI"":1513.0,""KIRAZ"":252.0,""KURU_FASULYE"":10.0,""LAHANA_BEYAZ"":6809.0,""LAHANA_KIRMIZI"":90.0,""MARUL"":250.0,""MAYDONOZ"":5161.0,""MERCIMEK"":2865.0,""MERCIMEK_KURU"":4718.0,""MISIR_DANE"":180.0,""NEKTAR"":7999.0,""NOHUT"":3325.0,""NOHUT_KURU"":8310.0,""PATATES"":140.0,""PIRASA"":5.0,""SALCALIK_BIBER"":11.0,""SARIMSAK_KURU"":650.0,""SEFTALI"":1579.0,""SILAJLIK_MISIR"":4315.0,""SIVRI_BIBER"":7239.0,""SOFRALIK_DOMATES"":700.0,""SOGAN_KURU"":2.0,""SORGUM"":1053.0,""TRITIKALE_YESILOT"":450.0,""TRTIKALE_DANE"":9496.0,""VISNE"":480.0,""YONCA_YESILOT"":882.0,""YULAF_DANE"":967.0}",53,"{""ARMUT"":0.004073555115778526,""ARPA_DANE"":0.001444523090701605,""ARPA_KURU"":0.019298828491773442,""AYVA"":0.0003827986190359253,""BADEM"":0.020374998194346138,""BAG"":0.04961936816560013,""BARBUNYA_FASULYE_TAZE"":0.016756467852138617,""BUGDAY"":0.04008551576696953,""BUGDAY_DANE"":0.053129559276005024,""BUGDAY_KURU"":0.022599563754026608,""BUGDAY_YESILOT"":0.002744593872333049,""CAVDAR_DANE"":0.000288904618140321,""CAVDAR_YESILOT"":0.0007944876998858827,""CEVIZ"":0.016164213384950957,""CILEK"":0.0005200283126525777,""ELMA"":0.1941439033902957,""ERIK"":0.040518872694180016,""FASULYE_TAZE"":7.222615453508024e-05,""FIG_YESILOT"":0.007879873459777255,""ISPANAK"":0.003871321883080301,""KABAK_BAL"":6.500353908157222e-05,""KABAK_CEREZLIK"":0.001227844627096364,""KABAK_SAKIZ"":0.0010833923180262035,""KARPUZ"":0.000303349849047337,""KAVUN"":0.0009389400089560431,""KAYSI"":0.01092781718115764,""KIRAZ"":0.0018200990942840221,""KURU_FASULYE"":7.222615453508024e-05,""LAHANA_BEYAZ"":0.049178788622936134,""LAHANA_KIRMIZI"":0.0006500353908157222,""MARUL"":0.0018056538633770061,""MAYDONOZ"":0.03727591835555492,""MERCIMEK"":0.02069279327430049,""MERCIMEK_KURU"":0.034076299709650856,""MISIR_DANE"":0.0013000707816314444,""NEKTAR"":0.05777370101261069,""NOHUT"":0.024015196382914182,""NOHUT_KURU"":0.06001993441865168,""PATATES"":0.0010111661634911234,""PIRASA"":3.611307726754012e-05,""SALCALIK_BIBER"":7.944876998858827e-05,""SARIMSAK_KURU"":0.0046947000447802156,""SEFTALI"":0.01140450980108917,""SILAJLIK_MISIR"":0.031165585681887126,""SIVRI_BIBER"":0.05228451326794459,""SOFRALIK_DOMATES"":0.005055830817455617,""SOGAN_KURU"":1.4445230907016049e-05,""SORGUM"":0.00760541407254395,""TRITIKALE_YESILOT"":0.003250176954078611,""TRTIKALE_DANE"":0.0685859563465122,""VISNE"":0.0034668554176838515,""YONCA_YESILOT"":0.006370346829994078,""YULAF_DANE"":0.006984269143542259}",0.0,5.417708193260768,ALGORITHM_SEED,False,0.06997373296881594,cba24092bef97bba82cb4603e3f6b2f0a9aaac9a5ffc167835f9aff672c5372b,violation,"[1,2,3,4,5,6,7,8,9,10,11,12]",water_saving,2024,FULL_REFERENCE_PROJECT_EXPERIMENT,f5053363cf7600152719,37.03701870000077,S2,9693ea56aca6f382285751ea0a87bffa5827be5b7236c064b2a55ff968a0ab96,SCN-9693ea56aca6,307,ELMA,0.1941439033902957,"[""ELMA"",""TRTIKALE_DANE"",""NOHUT_KURU""]",0.32274979415545957,397901763.9329097,73444665.11279999,10401986.556,1.0
ABC,179,False,134919,DIAGNOSTIC ONLY,"{""ARMUT"":639.0,""ARPA"":4944.0,""ARPA_DANE"":80.0,""ARPA_KURU"":860.0,""ARPA_YESILOT"":5010.0,""AYCICEGI"":5062.0,""AYVA"":53.0,""BADEM"":2181.0,""BAG"":5954.0,""BARBUNYA_FASULYE_TAZE"":50.0,""BUGDAY"":1465.0,""BUGDAY_DANE"":100.0,""BUGDAY_KURU"":11650.0,""BUGDAY_YESILOT"":106.0,""CAVDAR_DANE"":20.0,""CAVDAR_YESILOT"":5362.0,""CEVIZ"":2326.0,""CILEK"":33.0,""ELMA"":29750.0,""ERIK"":460.0,""FASULYE_TAZE"":90.0,""FIG_YESILOT"":5.0,""HIYAR_SOFRALIK"":175.0,""KABAK_CEREZLIK"":812.0,""KABAK_SAKIZ"":1175.0,""KARPUZ"":551.0,""KAVUN"":51.0,""KAYSI"":1732.0,""KIRAZ"":5591.0,""KURU_FASULYE"":1500.0,""LAHANA_BEYAZ"":50.0,""LAHANA_KIRMIZI"":20.0,""LAVANTA"":5.0,""MARUL"":65.0,""MERCIMEK"":413.0,""MERCIMEK_KURU"":8082.0,""MISIR_DANE"":5540.0,""NEKTAR"":3424.0,""NOHUT"":2914.0,""NOHUT_KURU"":172.0,""PATATES"":7.0,""PIRASA"":350.0,""SALCALIK_DOMATES"":210.0,""SARIMSAK_KURU"":36.0,""SEFTALI"":3676.0,""SEKER_PANCARI"":4.0,""SILAJLIK_MISIR"":7804.0,""SIVRI_BIBER"":3540.0,""SOFRALIK_DOMATES"":8272.0,""SOGAN_KURU"":857.0,""SOGAN_TAZE"":630.0,""SORGUM"":685.0,""TRITIKALE_YESILOT"":3380.0,""TRTIKALE_DANE"":2540.0,""TURP_KIRMIZI"":5.0,""VISNE"":2.0,""YONCA_YESILOT"":3132.0,""YULAF_DANE"":30.0,""YULAF_YESILOT"":700.0}",59,"{""ARMUT"":0.004427292630878807,""ARPA"":0.03425435800792617,""ARPA_DANE"":0.0005542776376687082,""ARPA_KURU"":0.005958484604938614,""ARPA_YESILOT"":0.034711637059002855,""AYCICEGI"":0.03507191752348752,""AYVA"":0.0003672089349555192,""BADEM"":0.01511099409694316,""BAG"":0.04125211318349361,""BARBUNYA_FASULYE_TAZE"":0.00034642352354294267,""BUGDAY"":0.01015020923980822,""BUGDAY_DANE"":0.0006928470470858853,""BUGDAY_KURU"":0.08071668098550563,""BUGDAY_YESILOT"":0.0007344178699110384,""CAVDAR_DANE"":0.00013856940941717706,""CAVDAR_YESILOT"":0.03715045866474517,""CEVIZ"":0.016115622315217692,""CILEK"":0.00022863952553834216,""ELMA"":0.20612199650805088,""ERIK"":0.0031870964165950726,""FASULYE_TAZE"":0.0006235623423772968,""FIG_YESILOT"":3.4642352354294265e-05,""HIYAR_SOFRALIK"":0.0012124823324002993,""KABAK_CEREZLIK"":0.005625918022337389,""KABAK_SAKIZ"":0.008140952803259152,""KARPUZ"":0.003817587229443228,""KAVUN"":0.0003533519940138015,""KAYSI"":0.012000110855527534,""KIRAZ"":0.038737078402571845,""KURU_FASULYE"":0.01039270570628828,""LAHANA_BEYAZ"":0.00034642352354294267,""LAHANA_KIRMIZI"":0.00013856940941717706,""LAVANTA"":3.4642352354294265e-05,""MARUL"":0.00045035058060582543,""MERCIMEK"":0.0028614583044647064,""MERCIMEK_KURU"":0.05599589834548125,""MISIR_DANE"":0.03838372640855805,""NEKTAR"":0.023723082892220713,""NOHUT"":0.0201895629520827,""NOHUT_KURU"":0.0011916969209877228,""PATATES"":4.849929329601197e-05,""PIRASA"":0.0024249646648005986,""SALCALIK_DOMATES"":0.0014549787988803592,""SARIMSAK_KURU"":0.0002494249369509187,""SEFTALI"":0.025469057450877144,""SEKER_PANCARI"":2.7713881883435412e-05,""SILAJLIK_MISIR"":0.05406978355458249,""SIVRI_BIBER"":0.02452678546684034,""SOFRALIK_DOMATES"":0.05731230773494443,""SOGAN_KURU"":0.0059376991935260375,""SOGAN_TAZE"":0.0043649363966410774,""SORGUM"":0.004746002272538315,""TRITIKALE_YESILOT"":0.023418230191502923,""TRTIKALE_DANE"":0.01759831499598149,""TURP_KIRMIZI"":3.4642352354294265e-05,""VISNE"":1.3856940941717706e-05,""YONCA_YESILOT"":0.02169996951472993,""YULAF_DANE"":0.0002078541141257656,""YULAF_YESILOT"":0.004849929329601197}",0.0,5.205301972390084,ALGORITHM_SEED,False,0.07270185531985131,cba24092bef97bba82cb4603e3f6b2f0a9aaac9a5ffc167835f9aff672c5372b,violation,"[1,2,3,4,5,6,7,8,9,10,11,12]",water_saving,2024,FULL_REFERENCE_PROJECT_EXPERIMENT,f8775ef3b29eb52da748,35.65424409999832,S2,6442e44cc36f8cdc57b07d4f34a03d8587ae49b25bd54e9cc8591e43dd074230,SCN-6442e44cc36f,211,ELMA,0.20612199650805088,"[""ELMA"",""BUGDAY_KURU"",""SOFRALIK_DOMATES""]",0.34415098522850096,435824777.31246054,83727088.19280003,10401986.556,1.0
GA,179,True,134919,DIAGNOSTIC ONLY,"{""ARMUT"":389.0,""ARPA"":250.0,""ARPA_DANE"":37.0,""ARPA_KURU"":275.0,""ARPA_YESILOT"":60.0,""AYVA"":53.0,""BADEM"":131.0,""BAG"":5417.0,""BUGDAY"":266.0,""BUGDAY_KURU"":349.0,""BUGDAY_YESILOT"":106.0,""CAVDAR_DANE"":172.0,""CAVDAR_YESILOT"":171.0,""CEVIZ"":1397.0,""CILEK"":12.0,""ELMA"":26881.0,""ERIK"":240.0,""FASULYE_TAZE"":12.0,""FIG_YESILOT"":247.0,""HIYAR_SOFRALIK"":160.0,""ISPANAK"":183.0,""KABAK_BAL"":57.0,""KABAK_CEREZLIK"":40.0,""KABAK_SAKIZ"":2.0,""KARPUZ"":1.0,""KAVUN"":57.0,""KAYSI"":1522.0,""KIRAZ"":191.0,""KURU_FASULYE"":324.0,""LAHANA_BEYAZ"":73.0,""MAYDONOZ"":180.0,""MERCIMEK"":12143.0,""MERCIMEK_KURU"":810.0,""MISIR_DANE"":52.0,""NEKTAR"":2649.0,""NOHUT"":824.0,""NOHUT_KURU"":158.0,""SALCALIK_BIBER"":20.0,""SALCALIK_DOMATES"":20.0,""SARIMSAK_KURU"":20.0,""SEFTALI"":676.0,""SEKER_PANCARI"":30.0,""SILAJLIK_MISIR"":157.0,""SOGAN_TAZE"":11.0,""TRTIKALE_DANE"":70.0,""TURP_KIRMIZI"":20.0,""VISNE"":2.0,""YONCA_YESILOT"":87.0,""YULAF_DANE"":80.0}",49,"{""ARMUT"":0.006814518954523159,""ARPA"":0.00437951089622311,""ARPA_DANE"":0.0006481676126410202,""ARPA_KURU"":0.00481746198584542,""ARPA_YESILOT"":0.0010510826150935463,""AYVA"":0.0009284563099992993,""BADEM"":0.0022948637096209096,""BAG"":0.09489524209936234,""BUGDAY"":0.004659799593581389,""BUGDAY_KURU"":0.006113797211127462,""BUGDAY_YESILOT"":0.0018569126199985985,""CAVDAR_DANE"":0.0030131034966014996,""CAVDAR_YESILOT"":0.002995585453016607,""CEVIZ"":0.024472706888094737,""CILEK"":0.00021021652301870928,""ELMA"":0.47090252960549367,""ERIK"":0.004204330460374185,""FASULYE_TAZE"":0.00021021652301870928,""FIG_YESILOT"":0.004326956765468432,""HIYAR_SOFRALIK"":0.0028028869735827904,""ISPANAK"":0.0032058019760353162,""KABAK_BAL"":0.000998528484338869,""KABAK_CEREZLIK"":0.0007007217433956976,""KABAK_SAKIZ"":3.503608716978488e-05,""KARPUZ"":1.751804358489244e-05,""KAVUN"":0.000998528484338869,""KAYSI"":0.026662462336206293,""KIRAZ"":0.003345946324714456,""KURU_FASULYE"":0.005675846121505151,""LAHANA_BEYAZ"":0.001278817181697148,""MAYDONOZ"":0.003153247845280639,""MERCIMEK"":0.2127216032513489,""MERCIMEK_KURU"":0.014189615303762875,""MISIR_DANE"":0.0009109382664144068,""NEKTAR"":0.04640529745638007,""NOHUT"":0.01443486791395137,""NOHUT_KURU"":0.0027678508864130056,""SALCALIK_BIBER"":0.0003503608716978488,""SALCALIK_DOMATES"":0.0003503608716978488,""SARIMSAK_KURU"":0.0003503608716978488,""SEFTALI"":0.011842197463387289,""SEKER_PANCARI"":0.0005255413075467731,""SILAJLIK_MISIR"":0.002750332842828113,""SOGAN_TAZE"":0.00019269847943381683,""TRTIKALE_DANE"":0.0012262630509424707,""TURP_KIRMIZI"":0.0003503608716978488,""VISNE"":3.503608716978488e-05,""YONCA_YESILOT"":0.0015240697918856422,""YULAF_DANE"":0.0014014434867913952}",0.0,8.205662547772356,WATER_THRESHOLD,False,0.28032979927211665,7262f928914849712a1c03b8962f6481acd2f8458cfc73d51aeadad9e421e2f4,violation,"[1,2,3,4,5,6,7,8,9,10,11,12]",water_saving,2024,FULL_REFERENCE_PROJECT_EXPERIMENT,fdc9e8dd293c962431bc,30.95997069999794,S2,c204bb1d0a3a4f3079e4ebb9874cd2b8526d9a9b39d1237edf75c2d474d332cb,SCN-c204bb1d0a3a,101,ELMA,0.47090252960549367,"[""ELMA"",""MERCIMEK"",""BAG""]",0.7785193749562049,211478669.46899,25772284.472800005,26004966.39,2.5
