month,storage_m3,fill_pct,capacity_m3_est,surface_area_m2_est,et0_mm_proxy,evap_m3_est,irrigation_m3_baseline,irrig_gross_m3_sen1,irrig_net_m3_sen1,total_demand_m3_sen1,demand_pct_of_storage_sen1,demand_pct_of_capacity_sen1,irrig_gross_m3_sen2,irrig_net_m3_sen2,total_demand_m3_sen2,demand_pct_of_storage_sen2,demand_pct_of_capacity_sen2
2000-01-01,21036298.335226428,15.6092865403003,134767840.16306308,576560.1273637824,69.91947187288741,936701.0756503663,353574.25989492546,274240.49067228654,218886.05812129125,1210941.5663226529,5.756438452362436,0.8985389725452808,328081.9682851892,251751.50991608863,1264783.0439355555,6.012384041053493,0.9384902528713264
2000-02-01,19120742.108328857,14.18791165992838,134767840.16306302,563667.9107014143,106.06488463906892,1389163.0081805675,334409.3502759479,522184.7050302962,416755.9976578257,1911347.7132108638,9.996200473716415,1.418252092560227,624841.7125199323,479419.12882936787,2014004.7207004998,10.53308867035665,1.494425315612126
2000-03-01,13887345.17168979,10.30464327015015,134767840.16306305,524705.9234282349,190.01613676876195,2316672.9398561837,935535.5187249947,1008659.005026396,803255.6448229755,3325331.9448825796,23.945051439071843,2.4674521316503086,1411256.8755187364,1056098.8427832318,3727929.8153749206,26.844078326608717,2.7661865107167203
2000-04-01,6738392.008153152,5.0,134767840.16306305,456524.7584249853,280.3547868491421,2973928.9307552227,1107162.488239888,233902.1869851155,172687.63064456213,3207831.117740338,47.605290904106,2.3802645452053,780153.4727242184,539452.7775469719,3754082.403479441,55.71184340325066,2.785592170162533
2000-05-01,6738392.008153152,5.0,134767840.16306305,456524.7584249853,367.0025461005727,3893065.2897916096,1206787.857727744,955079.4114218428,715853.8859040738,4848144.701213453,71.94809526289677,3.5974047631448385,1178090.3430019433,846610.2467236335,5071155.632793554,75.2576523695517,3.7628826184775854
2000-06-01,6738392.008153152,5.0,134767840.16306305,456524.7584249853,399.32308180495215,4235912.926776964,1076050.6384526116,1449051.2926557646,1072612.2795311743,5684964.21943273,84.36677789826086,4.218338894913043,1407526.8339974403,1017246.5627585537,5643439.760774405,83.75054098880113,4.187527049440057
2000-07-01,6738392.008153152,5.0,134767840.16306305,456524.7584249853,387.62815333431865,4111856.2394886366,1111918.9930676983,1967137.7227344126,1440917.2223238356,6078993.96222305,90.2143115875084,4.510715579375421,1669328.8699343468,1198532.7464129447,5781185.109422984,85.79472821450592,4.289736410725296
2000-08-01,6738392.008153152,5.0,134767840.16306305,456524.7584249853,305.3278862460943,3238836.9197427104,901388.6760573934,1423540.9217381408,1025732.6621214387,4662377.841480851,69.19125268817224,3.459562634408612,1160363.8931138716,818668.4574433931,4399200.812856582,65.28561721451864,3.264280860725932
2000-09-01,6738392.008153152,5.0,134767840.16306305,456524.7584249853,207.4887131013709,2200985.0219870624,902103.9575085852,1242168.7808198219,834622.8821902537,3443153.8028068845,51.09755856650701,2.5548779283253507,839167.533287392,584387.8135968745,3040152.555274454,45.11688473445899,2.255844236722949
2000-10-01,6738392.008153152,5.0,134767840.16306305,456524.7584249853,125.71570331768908,1333558.7073385473,945119.5704637705,1189215.6578810257,792835.6345976704,2522774.365219573,37.43881867019801,1.8719409335099009,632573.7155306161,470897.99965224456,1966132.4228691636,29.17806533799505,1.4589032668997528
2000-11-01,16198136.928456854,12.019289549241,134767840.16306308,542681.9292639666,74.33531580084235,937343.6157872486,505059.2333845432,500764.0301061999,341712.4155737361,1438107.6458934485,8.878228726212233,1.0671000174473395,260107.08475484513,199554.61514991432,1197450.7005420937,7.392521163581564,0.8885285236397883
2000-12-01,23560510.326251816,17.48229421629423,134767840.16306302,592682.8345835158,57.52144900761654,792155.4996395417,273007.75240349356,159715.84633086534,127526.68595454784,951871.345970407,4.040113447414608,0.7063045195490893,144036.94430767497,115965.40061323243,936192.4439472166,3.973566068745478,0.6946705110169206
2001-01-01,27453669.083547633,20.37108337592258,134767840.16306296,615940.3559883109,67.81880511248214,970615.155292254,273007.75240349356,223600.08940216133,180423.91644237458,1194215.244694415,4.349929479590331,0.8861277610811811,213071.7229220157,171559.92095041022,1183686.8782142699,4.311579900712167,0.8783155363935949
2001-02-01,27271803.94481181,20.23613638967141,134767840.16306305,614892.1534579576,100.1072365430674,1430285.377553276,249885.92123229126,303310.49266928755,244728.06635688263,1733595.8702225636,6.356733400294054,1.2863572408113022,289614.39481938124,233054.16926526377,1719899.7723726574,6.306512674603806,1.2761945062647408
2001-03-01,23381285.867605187,17.34930665900328,134767840.16306302,591567.4924080461,188.57278121581083,2592039.299917433,451982.9720645031,563806.4452063937,454867.36549264047,3155845.745123827,13.497314745619944,2.341690525948472,611853.9619012249,479042.1287635771,3203893.261818658,13.702810358508374,2.377342589999284
2001-04-01,17632834.565861464,13.08385928313946,134767840.16306296,553201.3240237564,278.1393347979798,3575229.270355577,445433.7374427692,14672.94104673541,11308.050502118145,3589902.211402313,20.359189544899618,2.663767711242305,217313.72747144254,136221.22665316015,3792542.99782702,21.50841365669974,2.814130576878143
2001-05-01,11824523.689624839,8.773995098027612,134767840.16306305,507346.5118595809,369.2448191069688,4352886.707749,460281.5286908615,24792.453087322203,19231.911532068243,4377679.160836323,37.02203383192017,3.2483114336028,364264.5139060654,228899.4326703594,4717151.221655067,39.89294914089456,3.5002054020807374
2001-06-01,8113584.335896937,6.020415795103538,134767840.16306305,471755.7492371284,395.8782749363126,4339474.547308587,2180884.3960118587,1811767.323557832,1288010.9683068332,6151241.870866418,75.81411144827167,4.564324740549148,1853050.3360760973,1312434.5265457882,6192524.883384683,76.3229249492988,4.594957428932604
2001-07-01,7871859.622668193,5.841051999604353,134767840.16306305,469177.8791629134,378.2161115854325,4123213.544535604,2250277.5242334534,3344307.558101628,2374968.8860444576,7467521.102637231,94.86349427692274,5.541026029356757,3028726.928292355,2178115.265683435,7151940.472827959,90.8545225099401,5.306859903797843
2001-08-01,11765018.379964015,8.7298411592327,134767840.16306305,506824.1322482467,304.47259149531857,3585615.890641987,1610849.036423828,1715945.3434396426,1218818.6882946286,5301561.234081629,45.06207353751575,3.933847442881757,1771200.1020495847,1251830.3756708952,5356815.992691572,45.531726510638535,3.9748474014349897
2001-09-01,19187251.352251887,14.23726263553395,134767840.16306302,564126.0814726867,205.5789572552573,2694716.692957314,634234.8729817703,518633.26000501856,324271.6047599598,3213349.952962334,16.7473177578674,2.384359613594997,561994.3582991106,353742.21345332137,3256711.0512564247,16.97330686645852,2.416534276512817
2001-10-01,28587136.698062684,21.21213537552693,134767840.16306305,622396.4381628339,127.30806794121708,1841116.628893585,839560.7188180605,1290554.0415853835,860088.204358361,3131670.670478969,10.954824554678812,2.3237522146899345,803822.6614875818,564754.3115428098,2644939.2903811666,9.252200800370506,1.962589358990178
2001-11-01,38474139.59720684,28.54845751824387,134767840.163063,674015.2962639295,72.74911705986081,1139346.3204025456,472828.0757471946,543061.6846952033,369966.4661180542,1682408.005097749,4.372828145635488,1.248374985502558,334753.42019864207,242630.02566177523,1474099.7406011878,3.8314040444668063,1.0938067559868834
2001-12-01,46292956.90374515,34.35015122875959,134767840.163063,710263.0144442976,56.67701607256999,935372.1875376562,273627.61927217676,163493.27643744575,130951.63120192166,1098865.4639751017,2.373720620741343,0.815376622972902,153263.44128073586,123007.34017901412,1088635.628818392,2.35162258285195,0.8077859135393071
2002-01-01,50746832.56723367,37.65500174658306,134767840.16306308,729545.7001976124,71.44267276949921,1211067.8373290196,273627.61927217676,233471.22076328658,187224.684451921,1444539.0580923061,2.846560041315799,1.071872233275,220244.68904257708,176764.92346066216,1431312.5263715966,2.82049628314294,1.0620579246797848
2002-02-01,51223383.050235935,38.00861020571224,134767840.16306305,731557.864032148,100.22740352677394,1703701.232814495,250445.8009846503,346375.50502067886,277857.7027746662,2050076.737835174,4.002228310114967,1.5211913579342615,328075.406254793,263190.63834968634,2031776.639069288,3.966502245813555,1.507612377412096
2002-03-01,48016899.8807374,35.62934586073288,134767840.16306305,717832.2566743635,185.48205663639905,3093735.2623474733,525697.2636170423,733715.2838315314,551656.8895332984,3827450.5461790045,7.971048850895173,2.840032563813415,528199.0855636412,412858.55098720716,3621934.347911114,7.543040797942266,2.6875360943150355
2002-04-01,43060323.12808401,31.95148269496859,134767840.16306302,695679.4980856932,279.19449208026856,4513093.444447938,699527.6225025624,580979.2413595521,391190.9517047357,5094072.685807491,11.830084671345928,3.779887456565225,352360.9564848327,243693.79567084965,4865454.400932772,11.299159057539711,3.610248850946777
2002-05-01,38024223.37306787,28.21461212635023,134767840.163063,671821.9996438029,357.61259496069897,5582455.913763911,1167831.5040840677,1361258.1805875348,958813.2213091985,6943714.094351446,18.261291036044145,5.1523524350838175,1009761.3653118073,735916.4706515145,6592217.279075719,17.336888683819677,4.891535896916825
2002-06-01,35056309.2106576,26.01236998993308,134767840.16306305,657016.2642663105,381.8852967681303,5829983.597224629,1130781.2077197805,941416.2950353527,743961.5169095492,6771399.892259981,19.315780938517577,5.024492404172161,1364530.0788767918,985996.540595986,7194513.67610142,20.52273567325276,5.338449935382493
2002-07-01,35453336.69129715,26.3069710462082,134767840.16306308,659032.2522092133,379.1862256528562,5806540.992549888,1168473.914643773,1103814.8107523636,865830.2606793677,6910355.803302252,19.49141166450085,5.127600023077488,1792336.9870695344,1296735.3448046702,7598877.979619422,21.43346350101017,5.63849503741035
2002-08-01,39907212.354785636,29.61182156403166,134767840.1630631,680917.2162868924,308.9979698236253,4888866.922952727,1133070.8074829618,784991.2974256781,575479.3788296042,5673858.220378405,14.217626051993586,4.210098057157621,1474254.1430311666,1065303.3361254523,6363121.065983894,15.944789652091131,4.721542660537413
2002-09-01,47805552.6636867,35.47252267740146,134767840.16306305,716911.6946300105,209.9341140035233,3497091.182356534,1279137.525599035,1183532.0846951958,774709.6873487679,4680623.267051729,9.790961522775474,3.473101046502182,1225894.251634218,863906.5141580709,4722985.433990751,9.879575009240195,3.504534485583617
2002-10-01,57613032.5604681,42.74983741726432,134767840.16306305,757683.5187600654,128.38725421580045,2260310.102050588,1278535.6705228186,1393640.9151621086,928525.7114021342,3653951.017212697,6.342229969196068,2.711293000460332,977384.0257631304,701830.6728472756,3237694.1278137187,5.61972523216093,2.402423400045778
2002-11-01,63346108.43707625,47.00387596954162,134767840.16306305,779915.609509374,74.17768840740709,1344247.3301388419,741285.312559732,596831.8694608172,406491.4887606286,1941079.199599659,3.064243798855925,1.4403133546186095,370898.55593646556,272116.55217643885,1715145.8860753074,2.7075789316703136,1.2726670428197542
2002-12-01,67081657.7779019,49.77571629606597,134767840.16306302,793863.3513946172,59.02179329540553,1088720.5707929847,390555.31178412907,314499.265710644,233230.9108995595,1403219.8365036289,2.0918085255875694,1.041212677153389,213667.30475534132,165321.58428831573,1302387.875548326,1.941496257979122,0.9663936692704248
2003-01-01,67184878.32948843,49.85230767829901,134767840.16306305,794243.166491622,71.5869579992217,1321130.3500477637,390555.31178412907,213535.3635428545,172683.2652153613,1534665.713590618,2.28424275186494,1.138747724778954,250315.8152410489,193858.94683813956,1571446.1652888127,2.338987885908073,1.1660394374410343
2003-02-01,63166758.74389687,46.87079548612483,134767840.16306305,779235.7435354876,102.04853141314096,1847710.3828605574,356057.91035028454,336311.95664839906,272032.1256438014,2184022.3395089563,3.4575501148695165,1.6205812431707651,398815.48984117375,308155.6479189865,2246525.872701731,3.5565001551053763,1.6669599141631533
2003-03-01,55768884.50029234,41.38144859546201,134767840.16306305,750298.8986415177,179.95552963454907,3137312.499261448,738265.1762928258,547412.2589266978,435452.6803157351,3684724.7581881457,6.607133693285242,2.7341276329202837,730329.3516693598,546903.7360991368,3867641.8509308086,6.935124999515696,2.8698551867056232
2003-04-01,46120909.589679174,34.22248923324359,134767840.16306302,709499.9355835036,276.2643722919069,4554445.56731328,736533.5976955505,417378.25933899323,317483.54567712673,4971823.826652274,10.779977825426185,3.689176750652522,555915.4825368932,359512.3111049279,5110361.049850172,11.08035616668271,3.791973696148032
2003-05-01,36536078.21187254,27.11038343247583,134767840.16306302,664473.4267667967,367.17460403670464,5669027.026848884,737534.9338897659,778875.3023054949,600140.947817776,6447902.32915438,17.648041729500974,4.784451781191053,740114.8536275869,480858.2306357722,6409141.880476473,17.54195358163481,4.755690877528124
2003-06-01,28948773.369848385,21.48047585746101,134767840.16306296,624429.2398991787,390.8179712566697,5670430.502963992,1715714.5092144392,1163687.802301099,907608.7884294142,6834118.305265092,23.60762654069196,5.071030519592891,1688730.6504313299,1197681.3203248326,7359161.153395322,25.42132289812411,5.460621127778754
2003-07-01,24993797.317063406,18.5458172267375,134767840.16306305,601453.9839030391,382.50689288321706,5345642.9327317225,1727765.81312243,1298365.3811291102,1008475.1733843469,6644008.313860834,26.582628600116443,4.929965714240045,2444618.499217423,1785389.5390997832,7790261.431949145,31.16877892992551,5.780504772149854
2003-08-01,25097017.868649926,18.62240860897055,134767840.16306308,602075.8219122407,312.56469656283474,4372697.013012258,1292499.091490207,960694.8058758043,744459.6547910289,5333391.818888062,21.25109782684698,3.957466271207506,1502970.3081939332,1073299.6095484286,5875667.321206192,23.411814710248155,4.359843798117487
2003-09-01,28769423.676669035,21.34739537404423,134767840.16306302,623422.6914315331,210.5206665340313,3049549.0059864675,721746.9014710054,980267.0307686825,655401.3852808968,4029816.03675515,14.007288022329018,2.9901911553077154,711508.7537673278,455391.21863316087,3761057.7597537953,13.073107761987869,2.790768001626415
2003-10-01,34565643.08608372,25.64828748777219,134767840.16306302,654508.9684198182,127.00004209933456,1931424.5239120955,872886.6695419635,1350859.336916198,911819.0068864936,3282283.8608282935,9.495798624819324,2.4355097305535782,687722.6298105437,488485.72993938706,2619147.153722639,7.577313539921147,1.9434511605688636
2003-11-01,41052457.374940425,30.46161259634998,134767840.16306305,686344.2787490387,78.8341171470549,1257229.3206119437,443823.2431213002,590105.3033806654,405381.02200032584,1847334.623992609,4.499936768999057,1.370753305653201,294513.733693558,218281.58447214746,1551743.0543055015,3.779902966911621,1.151419398298557
2003-12-01,45680140.697886035,33.89543131552388,134767840.16306305,707538.4809389992,59.298967609859154,974889.6775041887,284587.29131856636,204013.83980744705,157166.36374726775,1178903.517311636,2.5807790853984667,0.8747662022966426,167088.50067246333,133467.41006886843,1141978.1781766522,2.499944528913196,0.8473669807239692
2004-01-01,47042471.99911229,34.90630401302937,134767840.16306305,713570.9004074682,68.30020404311796,1132445.7517734303,284587.29131856636,243255.39641750278,187792.98882894104,1375701.148190933,2.9243810746529078,1.0207933484178395,201185.42662251386,160703.20734517425,1333631.178395944,2.8349513146781704,0.9895767245229352
2004-02-01,44653421.390870675,33.13358835226715,134767840.16306308,702932.4793636138,103.39369016803418,1688752.1737835158,269873.1538658055,397286.9562148638,305168.7529753017,2086039.1299983799,4.671622162473013,1.5478760566870895,321764.88044897997,256895.11189330387,2010517.0542324958,4.502492735402227,1.4918374085389072
2004-03-01,39048698.72737818,28.97479003902638,134767840.16306302,676797.6528472932,195.8313108302022,3079635.01990279,507339.4921880007,959003.7810775088,718773.539826077,4038638.800980298,10.342569490410932,2.996737794486968,624208.4239142066,482846.55523936823,3703843.443816996,9.485190453273988,2.748314018637912
2004-04-01,31535165.13150611,23.39962196719186,134767840.16306305,638612.0902142157,282.3546934295615,4189772.3102683756,900323.7466217931,851319.7679180221,598849.9166859431,5041092.078186397,15.98562131247554,3.7405749562261295,420681.0287753406,292517.4098074137,4610453.339043714,14.62003867687856,3.421033781846821
2004-05-01,24038191.52445688,17.83674168508729,134767840.16306305,595634.9679197773,371.4616504479927,5141057.3037034,950315.8264850874,1433195.648759891,1024582.3170437434,6574252.952463292,27.349199484389374,4.878206064969759,741191.0628793462,530342.4444781728,5882248.366582746,24.47042807108864,4.3647270442751696
2004-06-01,18400348.883318726,13.65336779238662,134767840.16306302,558653.2469981663,392.16704098081885,5090631.884601728,1073796.1728750067,1623740.1970175407,1149848.4857556033,6714372.081619268,36.49046072004832,4.982176811244567,1317249.3632627812,941252.581287268,6407881.247864508,34.82478125006492,4.754755466965457
2004-07-01,16027858.263899945,11.89293992135435,134767840.16306305,541402.9942122432,383.90183316513696,4829466.01093614,1106764.1926650906,1970273.6433945685,1358867.1297056503,6799739.654330709,42.424505772215234,5.045520983421066,1713261.319644671,1209090.3394444385,6542727.330580811,40.82097073017675,4.854813524253564
2004-08-01,17390189.565126188,12.90381261885984,134767840.16306305,551453.1404306043,303.762676848584,3892255.1351009207,1047070.1311859726,635159.541847187,409033.6228426821,4527414.676948107,26.03430319142272,3.3594177004470347,1215202.3805586367,853545.167419259,5107457.515659558,29.369763317025097,3.789819225031553
2004-09-01,22001312.899248965,16.32534354830378,134767840.16306305,582832.4298709193,206.8952356919269,2801898.981929228,690348.7345441128,1143784.8906657894,717393.2220505645,3945683.8725950173,17.933856450583484,2.9277636770173925,625336.7985334025,406308.681186655,3427235.7804626306,15.577414839546336,2.543066488500394
2004-10-01,28504687.176928513,21.15095644661153,134767840.16306308,621931.1830009583,123.90644590547372,1790583.206980739,890138.5451606938,1579647.826155631,1041198.0793949821,3370231.0331363697,11.82342753743395,2.5007680089393296,773445.9613065792,546781.3603148913,2564029.168287318,8.99511421533026,1.9025526900074663
2004-11-01,38315555.035071865,28.43078511068499,134767840.163063,673243.6831914994,74.05644942195796,1158493.0914926787,604459.0431835258,755328.208668933,502537.3610405714,1913821.3001616118,4.99489384509714,1.4200875356063984,354658.24546683347,260060.49792698343,1513151.3369595124,3.9491828725290814,1.12278369611672
2004-12-01,45906991.681119815,34.06375855365375,134767840.16306308,708549.1609499443,57.334772599876416,943944.2757052478,430251.8114684811,394284.3583138222,274783.0678586872,1338228.63401907,2.915086754790434,0.9929881137813542,200877.38185598544,158866.3273495533,1144821.6575612333,2.493784967469486,0.8494768901661186
2005-01-01,49807338.97522457,36.95788172828171,134767840.16306305,725550.9610711511,68.20230447591402,1149807.7871938066,430251.8114684811,421468.81427226047,297686.0266889686,1571276.6014660671,3.154708992278547,1.1659136182377732,238315.72656797894,188634.09464811752,1388123.5137617856,2.786985898709171,1.0300109522288246
2005-02-01,49380884.91727243,36.64144565760182,134767840.16306305,723725.2455568926,98.73549855437172,1660371.6921329643,391912.8132909898,657629.6350973238,466048.5311294631,2318001.327230288,4.694126747857242,1.7199959014150632,389878.9829035509,307966.9981102884,2050250.6750365149,4.151911571595548,1.521320422257865
2005-03-01,45039219.363109216,33.41985692477804,134767840.16306302,704669.3698952422,178.97806595163055,2930511.835699638,701569.1677796232,1012151.637190425,713671.4783943831,3942663.4728900627,8.753845045812282,2.925522489727235,670828.0198626446,517961.1676346621,3601339.8555622823,7.996008604252303,2.672254635234061
2005-04-01,38702244.74111848,28.71771536465266,134767840.16306302,675122.3870776016,271.4234970752968,4257829.1006531,790730.746321325,913174.2451444956,601842.3414348022,5171003.345797594,13.360990765230104,3.836971297856308,598952.3059223213,415789.16145114275,4856781.40657542,12.549094862746871,3.603813343523895
2005-05-01,32309239.5830608,23.97399820607651,134767840.16306308,642742.747858762,360.042978745881,5377120.957165704,946809.6626683128,1067475.0166631322,760051.5649150203,6444595.973828836,19.946603686728768,4.781998410029548,1031680.1372271848,721147.2559399103,6408801.094392889,19.835815318144835,4.7554380085326935
2005-06-01,28135665.63709852,20.87713626860505,134767840.16306305,619840.5348234723,396.5491545079872,5711303.992195236,1909241.9245609972,1010505.1001363519,784028.4259734305,6721809.092331588,23.89070576481578,4.987695198052073,1886348.3172808387,1345287.6516485228,7597652.309476074,27.0036344882423,5.637585569586376
2005-07-01,27653181.043079406,20.5191245994744,134767840.16306305,617086.282480691,396.8528218079093,5690280.034567997,1888422.0797006877,1358527.5594320854,1041195.0167543597,7048807.594000082,25.49004247655676,5.230333576223631,2769374.69884451,1986221.91674546,8459654.733412508,30.59197681537493,6.277205840189103
2005-08-01,31553528.33718416,23.41324777410235,134767840.163063,638710.6642742467,314.39127576273404,4665873.156685948,1409695.8569401032,1108453.9975371943,843691.7725946516,5774327.154223142,18.30009973058513,4.284647692829733,1740918.9157825257,1232730.3440581404,6406792.072468474,20.30451873402192,4.753947280535581
2005-09-01,39200995.51929909,29.08779681552189,134767840.16306305,677531.7263437038,207.3142517324423,3263751.389081347,871024.234018249,630864.5888905419,454847.1271756423,3894615.9779718886,9.934992533683298,2.8898704418350687,761702.837203022,510850.2684086779,4025454.2262843684,10.26875509909587,2.9869546187085505
2005-10-01,48955832.84137546,36.32604988114457,134767840.16306305,721897.6705524793,133.28550678661253,2235717.0701019457,1142448.0919568047,825871.7168618782,613994.0057059202,3061588.7869638246,6.253777352504347,2.271750280526452,1016435.4674906834,722534.7264541807,3252152.53759263,6.643033830371371,2.413151782842013
2005-11-01,54042427.538567685,40.10038854461033,134767840.16306302,743274.0730841254,74.43214513373572,1285487.3113985492,659010.3642029373,363072.65282044094,273612.7440407308,1648559.9642189902,3.0504920657801438,1.2232591709003473,426201.53840428626,309514.717521622,1711688.8498028356,3.1673056296023696,1.2701018638658663
2005-12-01,57338242.11573766,42.54593829385479,134767840.16306305,756590.7331953732,58.58431130777166,1029913.1927655155,355516.97560863395,145712.3089845296,117554.35579772161,1175625.5017500452,2.0503340499644835,0.872333859715783,182022.26438682055,139673.3991873094,1211935.4571523361,2.113659945671225,0.8992764562272043
2006-01-01,57372358.00921994,42.57125285958577,134767840.16306302,756726.5473037125,69.9260370232795,1229521.5938171428,355516.97560863395,221859.06034777968,178994.4053044001,1451380.6541649224,2.5297559740035096,1.0769488124235107,277344.6748624789,212824.35437013864,1506866.2686796214,2.62646738075061,1.1181200699338811
2006-02-01,53707802.71422176,39.85209130697481,134767840.16306305,741899.5897307177,99.82230858169912,1720802.4478163968,324410.38090145035,322956.2551886865,260537.50603222818,2043758.7030050831,3.805329206781901,1.516503270017704,403280.17733009224,309409.63574101916,2124082.625146489,3.954886474221808,1.5761049687940718
2006-03-01,47015770.63240787,34.88649115064907,134767840.16306302,713453.5120641503,184.8503017713693,3064390.580952782,784978.3478339132,495125.39737670345,399378.87916632014,3559515.9783294853,7.570897872034281,2.641220616151918,797424.2125367431,589447.2771635682,3861814.793489525,8.213871093772065,2.865531412254513
2006-04-01,38298736.533699736,28.41830550030333,134767840.16306302,673161.7570859671,280.10087266146087,4381190.84950669,909142.6223426021,23973.883259128816,18638.189901032772,4405164.73276582,11.502115034237846,3.2687061894260294,630485.4728655006,418163.13639068673,5011676.322372192,13.085748450114872,3.718747971554852
2006-05-01,29640257.909209628,21.99356899490728,134767840.16306302,628281.1113589171,367.1093916325146,5359296.35486928,856235.858475786,39917.49089443045,31872.77597954764,5399213.84576371,18.2158126366576,4.006307320226327,687399.7415871726,464199.8619039621,6046696.096456452,20.40028165401915,4.486750020732114
2006-06-01,22772559.404741753,16.89762140373251,134767840.16306302,587747.0154116099,397.2527577394805,5425198.436563995,887722.2213161354,1286090.9714476867,967115.2048785966,6711289.408011683,29.47094917497171,4.979889415673148,1119007.9324258969,770350.0025807945,6544206.368989892,28.737245790770636,4.855910995584478
2006-07-01,19166559.583961558,14.22190899607123,134767840.16306302,563983.6246450697,386.12019892099016,5059962.407677015,917312.962026673,2433741.0971881263,1828068.8873727843,7493703.5048651425,39.09780194008225,5.560453811382669,1418872.36409225,970335.9182947509,6478834.771769266,33.8028050542295,4.807404172931885
2006-08-01,19200675.477443848,14.2472235618022,134767840.16306305,564218.4616048447,308.5216637148741,4044745.7915468463,866095.9984484229,1700584.422096788,1206137.150540711,5745330.213643635,29.92254215427477,4.263131476094031,1031959.5004933301,696395.3256183038,5076705.292040177,26.44024319875661,3.767000558811057
2006-09-01,22437934.58039583,16.649324166097,134767840.16306302,585625.0836566621,210.53978525658283,2864917.502292518,547764.8105113857,1311558.5214864789,817254.3625193303,4176476.023778997,18.613460204256107,3.0990153279340595,441452.7947514942,275842.5536071363,3306370.297044012,14.735626780607562,2.453382270609556
2006-10-01,27583084.75180605,20.46711197451242,134767840.1630631,616684.1465484353,131.9501988541545,1890736.9331339484,704233.0343185086,1845091.7784690403,1194747.9881233845,3735828.711602988,13.543911949001204,2.7720476243314454,575013.5509653911,417277.5718309793,2465750.4840993397,8.939357241172564,1.8296282563524744
2006-11-01,34848855.81359603,25.85843608640643,134767840.16306302,655958.3357970305,73.55142152579182,1121051.5947330547,533624.6729638244,756740.2770747091,493703.379813577,1877791.871807764,5.388388880977714,1.3933530948746526,241752.6603275881,182582.16746741673,1362804.255060643,3.910614059612696,1.0112236371909729
2006-12-01,40020073.18839887,29.69556619737794,134767840.16306302,681455.4683933,59.22840957942946,937833.6827936664,466945.9750168754,428035.45836254716,290528.5751036842,1365869.1411562134,3.4129601280993045,1.0134978341298435,191750.89782209255,150556.6763506424,1129584.5806157587,2.822545014593341,0.8381707232593564
2007-01-01,41508189.94094314,30.79977381155629,134767840.16306305,688482.8074402082,73.1856379189116,1170785.235657205,466945.9750168754,349555.24563725933,263146.6570604056,1520340.4812944643,3.6627482033246177,1.1281181619108245,308323.2159955379,242036.8211504557,1479108.451652743,3.5634135185301585,1.0975233036777086
2007-02-01,38766770.19055022,28.76559433144003,134767840.16306305,675434.9640404528,98.711202762018,1549202.740621101,425055.9287540557,466624.38047935086,352179.4652667319,2015827.1211004518,5.199884104845622,1.4957775673049236,428186.2158167408,336170.67667639966,1977388.956437842,5.100731752267176,1.4672558037921288
2007-03-01,32423108.07582443,24.05849053942983,134767840.16306302,643346.186294833,187.72690519087035,2806270.468955955,788278.2316942248,848882.8215662522,640385.3513697304,3655153.2905222075,11.273297063237411,2.712185107440793,919232.4939882547,701641.5119484304,3725502.962944209,11.490270933408905,2.764385745469036
2007-04-01,23904034.01618581,17.73719456159792,134767840.1630631,594808.8420516418,271.26055274263456,3749059.499231409,1115778.3415091548,369660.89751877665,249149.80136817638,4118720.3967501856,17.230231491309514,3.056159683027285,740486.7440207303,530930.3053794104,4489546.243252139,18.78154222928312,3.331318686876624
2007-05-01,15405174.521028584,11.43089812999082,134767840.16306296,536667.2787627284,366.6653877853202,4572285.1472635195,1219864.9153744082,633461.4630655518,452494.45143256226,5205746.610329071,33.792194974636935,3.862751383438624,1121006.7675295586,814085.3562065461,5693291.914793078,36.95701017227388,4.22451818468297
2007-06-01,9000868.712858517,6.678795699306207,134767840.16306305,480903.5625038943,385.0818847907166,4302980.300369089,1622291.6704334489,839772.2074631235,610500.634439195,5142752.507832211,57.13617953881881,3.816008701786504,1872342.3070373975,1374974.9782854293,6175322.607406487,68.60807333612706,4.582193051350103
2007-07-01,6738392.008153152,5.0,134767840.16306305,456524.7584249853,388.5087186111441,4121197.041483142,1599047.3398259298,1352968.0382443534,971199.9536242094,5474165.079727496,81.23844788347134,4.061922394173567,2411224.570254527,1752100.7962571501,6532421.611737669,96.94333015701272,4.847166507850636
2007-08-01,7767780.279491294,5.763823379593106,134767840.16306305,468055.7483694212,311.93747594688176,3392527.773510979,1375525.014523951,1074238.1158364112,762571.524347208,4466765.88934739,57.50376206109573,3.3144152818230257,1585905.7317177488,1124306.9578189668,4978433.505228728,64.09081264016856,3.694081243125249
2007-09-01,12918783.089812713,9.58595394433981,134767840.16306305,516728.342233463,216.54776609159677,2600005.4935578294,696304.0679617377,750633.2522091503,487592.3386960255,3350638.74576698,25.936179301664826,2.4862302027789847,631747.3228278642,403242.50444155425,3231752.8163856943,25.015922892413435,2.398014847218312
2007-10-01,20204768.71608413,14.99227760245862,134767840.16306302,571039.0382436581,131.95854617474788,1750901.021204101,688587.4549895899,949019.4961613076,640481.8766957057,2699920.517365408,13.362788534253898,2.0033863524848554,601101.7691714308,429284.2299079484,2352002.790375532,11.640830060594586,1.7452255579147922
2007-11-01,28485976.995310046,21.13707317772793,134767840.16306305,621825.5095092165,74.64264863389118,1078484.3581949326,403142.212387587,429436.69008542463,299669.61262724904,1507921.0482803572,5.293555662593642,1.1189027341061788,257572.22463586743,191945.69415177475,1336056.5828308,4.690225590825863,0.9913764153333848
2007-12-01,34698570.691604696,25.74692200277231,134767840.16306305,655189.9742582613,58.49301261497616,890490.9450285627,275782.3179236108,156850.45682728887,125922.7134959514,1047341.4018558518,3.018399262506958,0.7771449038499212,132389.82211209185,106980.92633568979,1022880.7671406546,2.947904616106104,0.7589947022249631
2008-01-01,37384430.323464245,27.73987494214551,134767840.16306308,668680.6032550575,68.83470292396662,1069508.997984598,275782.3179236108,241174.5382927395,193676.75938438726,1310683.5362773372,3.505960970748536,0.972549188806075,204880.2225070865,165541.7801812189,1274389.2204916843,3.408876929420045,0.9456181971527706
2008-02-01,35974210.4593898,26.69346812701207,134767840.16306302,661660.0528429414,106.3921539537602,1635696.7525010065,261636.24327052437,341258.620380492,273881.17363958876,1976955.3728814984,5.495479532798152,1.4669340775139463,286525.871057009,231447.8972410549,1922222.6235580156,5.343335125389213,1.4263214586152102
2008-03-01,30975532.02598743,22.98436480729262,134767840.16306305,635594.0815266769,193.54992914151663,2858453.52754198,599997.1411344844,689859.6079060237,552175.1968364168,3548313.135448004,11.455212883740264,2.632907918650848,692534.2623605507,545606.2255653111,3550987.789902531,11.46384761663939,2.634892557160518
2008-04-01,23969963.51454662,17.78611535626307,134767840.16306302,595215.1168989979,283.9786696107807,3927515.8610086814,852937.1632989806,327120.82641269325,256022.62095269383,4254636.687421375,17.749867182064623,3.157011852585495,550030.9956184969,400962.6525883149,4477546.856627179,18.679823412788657,3.322414940544828
2008-05-01,16943820.16814155,12.57259903226192,134767840.16306302,548205.0266575667,373.1607396240439,4753321.978022984,1068593.3221176455,804401.821303827,635151.4890226217,5557723.799326812,32.800889906614245,4.12392436697228,997674.0497532744,738629.1187654777,5750996.027776258,33.94155491917644,4.267335605303024
2008-06-01,11986291.404667731,8.894029458485686,134767840.16306305,508760.016158698,399.3827750466826,4721288.914202652,1560025.684565385,1563089.3709583755,1151917.779895594,6284378.285161027,52.4297138538927,4.663114195164967,1747873.0028775292,1243667.401020663,6469161.917080182,53.971338579011565,4.800226752356338
2008-07-01,10555496.705629023,7.832355770380637,134767840.16306305,495904.4238266842,392.9931036812599,4528362.513643611,1606539.5530217388,2248383.297190475,1607900.1228380152,6776745.810834086,64.20110772447298,5.028459165506049,2338823.36173436,1631123.0656874147,6867185.875377971,65.05791311285091,5.0955672117836
2008-08-01,13241356.33748857,9.825308709753845,134767840.16306305,519417.43932010926,309.0936514450207,3730481.466026116,1177781.1662237197,1517088.4269584545,1101660.0484617827,5247569.89298457,39.63015388482367,3.8937849613344304,1429982.1912159089,985396.2583500524,5160463.657242024,38.97231919234633,3.829150671998672
2008-09-01,19474524.86874749,14.45042440776983,134767840.16306305,566095.9969598794,202.0986146960909,2658347.1557310913,990403.8082716645,1507056.903749497,1011347.3925806348,4165404.059480588,21.388989397965663,3.090799744538932,807840.1343614415,556944.8222923863,3466187.2900925325,17.798571792912046,2.5719691625973984
2008-10-01,27735158.313009135,20.57995311006753,134767840.16306305,617555.9324580962,130.33522973096814,1870235.9229174138,1214102.4711223892,1831523.8098012677,1218742.052833321,3701759.732718681,13.346813062835036,2.746767870019819,959485.1279846228,685797.8526226692,2829721.0509020365,10.202649716171836,2.0997005275726024
2008-11-01,38910155.18343083,28.87198840342865,134767840.16306305,676128.6258406829,73.76585988708625,1158892.113658738,672812.9256282222,846067.9702329133,563705.5872688539,2004960.0838916511,5.152793851476148,1.4877140432507785,381117.14528281236,277647.6073925787,1540009.2589415503,3.9578594628616,1.1427127251414049
2008-12-01,47969112.414621525,35.5938867585776,134767840.16306305,717624.2870296581,58.12334936291853,969183.553300535,309497.74903218774,468679.0747539905,322554.1178758165,1437862.6280545255,2.9974759916888702,1.0669182100972876,185077.79196884643,145593.46021335246,1154261.3452693813,2.4062595432087868,0.8564812969272023
2009-01-01,53691396.22298685,39.83991741503216,134767840.16306302,741832.0895245812,72.8422071976707,1255587.5113275428,309497.74903218774,427534.3804468717,299447.3065106301,1683121.8917744143,3.134807455526405,1.2489047014019907,207245.29196986047,163040.4086025054,1462832.8032974028,2.724519953293973,1.0854464993483914
2009-02-01,55422017.030832514,41.12406710961187,134767840.16306305,748896.345314927,99.99650139531572,1740062.2745233225,282844.6278646602,757201.1315577317,531920.0803995158,2497263.4060810544,4.505904945126356,1.8530113735290832,375484.9150632753,295219.48477851675,2115547.189586598,3.817160224265514,1.5697715323083614
2009-03-01,53335131.85996826,39.57556327639823,134767840.16306308,740363.7814970156,183.0789764424746,3149502.195156363,1006264.7029885945,1259088.7121585598,891978.7859527776,4408590.907314923,8.265829207828169,3.2712484684630443,893829.873638295,669207.9968824713,4043332.0687946575,7.580991979940077,3.000220277999861
2009-04-01,49613039.60575755,36.8137083340714,134767840.16306302,724720.1088210327,268.6833615089622,4524487.156173255,1349244.1346063137,948142.6085435034,621469.4775949293,5472629.764716758,11.0306278514765,4.060783164659404,754358.8361828966,525438.0612585819,5278845.99235615,10.640037446412668,3.916992352158337
2009-05-01,45770739.21257574,33.96265693446982,134767840.16306305,707942.4211563467,362.9053076413179,5969659.103118598,1366772.4788099835,1064630.5354000407,744411.867367386,7034289.638518639,15.368529675365023,5.219561009516413,1375269.1436727913,978618.1179177153,7344928.24679139,16.04721351053324,5.450060072124296
2009-06-01,44044478.4586249,32.68174247308041,134767840.16306305,700175.6340884513,390.7648481424179,6357417.854020681,1118341.537934628,1271277.0534597063,955282.9157053488,7628694.907480388,17.320434193917713,5.660619698475548,1501018.1346643239,1093288.1109786092,7858435.988685005,17.842045731264975,5.831091437821256
2009-07-01,45654891.1274994,33.87669571038538,134767840.16306305,707425.8324908821,391.46356073165305,6434733.002428849,1152316.5708869817,1729614.7772960856,1297338.2504233888,8164347.779724934,17.882745042419533,6.058083122684492,1751796.749847047,1254328.641087735,8186529.752275896,17.931331233303254,6.074542518727438
2009-08-01,51377174.93586478,38.12272636683996,134767840.16306305,732205.2281006279,311.66003399016233,5302396.668995797,788931.1085004078,651705.4585088517,477554.88236281474,5954102.127504649,11.589002577384376,4.418043741222277,962265.0746346944,657104.1851535297,6264661.743630491,12.19347259060235,4.648484190330966
2009-09-01,60556340.306026585,44.93382117926364,134767840.16306305,769228.8607688063,208.24961804659367,3722185.889757341,618414.3808687575,271860.65799473296,181133.30926357035,3994046.5477520735,6.595587724700373,2.963649593938329,544639.6986827821,347690.9965875984,4266825.588440123,7.046042688308704,3.1660562217792134
2009-10-01,71611129.03747714,53.13666001535002,134767840.16306305,810264.2786588289,133.62013252314082,2515688.50801789,755088.7693450681,671965.4556748983,481707.09029680764,3187653.9636927885,4.451338788450821,2.365292758150513,687471.6201537325,488364.19344083866,3203160.1281716228,4.472992077104766,2.376798592524702
2009-11-01,74946343.65717675,55.61144525763345,134767840.16306305,822011.5724410752,76.32180718385148,1457756.0470014666,439070.3837841596,337882.6623805313,247451.9745312633,1795638.7093819976,2.395899014894838,1.332394069096422,304662.98830409354,224721.50363617364,1762419.0353055599,2.3515744055070966,1.3077445132110983
2009-12-01,76523132.08769359,56.78144874556424,134767840.16306305,827474.2636880635,59.34488949415379,1141027.4574219922,285942.2891190476,180064.23202329475,141589.0169047174,1321091.689445287,1.7263952133210507,0.9802722131977668,155628.48049512407,124433.73885548557,1296655.9379171163,1.6944627102183707,0.962140475315343
2010-01-01,74730882.82609545,55.45156970362844,134767840.16306305,821260.6752362768,70.67647765505838,1348696.4044894087,285942.2891190476,219035.7465138387,175735.84326098932,1567732.1510032471,2.0978370543962144,1.1632835764870622,211555.02714899936,169142.28578954638,1560251.4316384078,2.087826842979005,1.1577327571255678
2010-02-01,69185069.4894131,51.33648309990147,134767840.16306305,801546.375911059,99.91388817037712,1860856.0960549181,261568.72858827555,346069.72689081874,277789.67924417515,2206925.822945737,3.189887412461798,1.637576012404336,335777.4347740206,268357.10467296845,2196633.5308289384,3.175010948229334,1.629938958857774
2010-03-01,60743641.854053184,45.0728020724797,134767840.163063,769953.9659957669,187.35960239244324,3351961.263669742,655489.8960189612,633218.5178675426,491093.021778186,3985179.781537284,6.560653362062729,2.9570703045440183,677808.6136462986,514636.0189372959,4029769.877316041,6.634060379517976,2.990156904228932
2010-04-01,50070364.636073105,37.1530511845335,134767840.16306305,726673.1193832278,275.0036394168296,4643396.946039686,665252.4785073624,390263.0116542691,278250.035872781,5033659.957693955,10.053172159380408,3.7350601980438745,402899.29323710094,259153.88828623615,5046296.239276786,10.07840920663316,3.744436531127155
2010-05-01,39515443.26645238,29.32112232313025,134767840.16306308,679042.8727510099,370.5350599291576,5846349.5362532,667013.417871837,734211.2265257868,538377.6451166274,6580560.762778986,16.653136644340055,4.882886566124977,660206.8217527679,423640.41792519944,6506556.358005968,16.46585694137935,4.827974055333473
2010-06-01,30718948.086014383,22.79397521607963,134767840.16306296,634201.254573932,386.90736114789286,5701542.474748785,1244452.4766347443,1192325.41737382,864070.6044283572,6893867.892122606,22.44174466137147,5.115365716168884,1260041.9343018406,883041.7825818943,6961584.409050626,22.66218357984749,5.165612508612902
2010-07-01,25291490.597691394,18.76671063889561,134767840.1630631,603243.931729208,380.2469832193275,5329874.876793046,1283201.2168244557,1715048.187422895,1197116.7927252965,7044923.064215941,27.85491443062277,5.2274511899069545,1831707.447379343,1316927.5732857985,7161582.324172388,28.31617336475256,5.314014319371147
2010-08-01,23499241.33609327,17.43683159695981,134767840.16306305,592302.026720827,310.2485958733154,4269837.2142250035,1010717.8933951346,1036760.7582689121,738089.4582392847,5306597.972493915,22.58199699555123,3.937584787344792,1187444.909067612,825923.9329098858,5457282.123292614,23.223226849075303,4.049394957053217
2010-09-01,24957673.91825074,18.51901305834766,134767840.163063,601236.0602349982,203.15766383227773,2838157.5829855446,715683.2585426901,1026445.4298774105,644256.2080587035,3864603.012862955,15.48462819700876,2.8676003178406355,636673.3007016602,402469.0926664885,3474830.883687205,13.922895599441956,2.578382854160767
2010-10-01,28411244.38630971,21.08162032717404,134767840.163063,621403.0796416749,134.2373505606527,1938228.8243095318,946267.711445601,1493480.574496821,978828.1226057133,3431709.3988063526,12.07870148925952,2.546385988418408,765759.303607254,537556.457811101,2703988.1279167864,9.51731677483206,2.00640458780454
2010-11-01,38405010.12818035,28.49716229162091,134767840.16306305,673679.1340561344,72.47730773057849,1134523.3098774317,531217.4983333289,666310.9483946471,442369.408015884,1800834.2582720786,4.6890607560358,1.3362492536002284,295925.5739014723,216841.49936728692,1430448.883778904,3.7246413397748,1.061417087376428
2010-12-01,46268827.718974955,34.33224696855848,134767840.16306305,710156.0802254875,60.21412963439335,993597.5173262677,354568.8817899443,394000.13257361925,276595.0671136752,1387597.649899887,2.998990288510876,1.0296207524146384,184017.4079252445,148417.20987996913,1177614.925251512,2.5451583351193694,0.8738100453540333
2011-01-01,50648330.11060424,37.58191127001964,134767840.16306305,729128.611517685,68.0683358671485,1153207.7395278777,354568.8817899443,443879.40604598407,316492.27362741396,1597087.145573862,3.153286874584399,1.1850654752954843,235357.03185975133,189825.85078982,1388564.771387629,2.7415805582441206,1.0303383727954143
2011-02-01,50917906.482785024,37.78194146405896,134767840.16306305,730269.1171509861,100.2654051433376,1701344.739365323,323554.03809747274,561063.8378823679,401723.710919292,2262408.5772476904,4.443247441865259,1.6787451475888298,305979.59212579107,246702.63942369437,2007324.3314911139,3.942275851757133,1.4894683546626122
2011-03-01,47403227.09039341,35.17399034742831,134767840.16306305,715153.6495111162,186.0756192340725,3092054.263399129,732577.9605155872,1161854.4617413504,833871.7793688223,4253908.725140478,8.97388002092913,3.15647169235141,776464.1723337676,613967.2415735843,3868518.4357328964,8.160875689657168,2.870505627345636
2011-04-01,42058540.11233284,31.20814287848192,134767840.16306302,691049.7412153105,272.7384233247903,4379392.889815668,982843.5620820492,725095.7785623529,467698.57767673134,5104488.668378021,12.13662826799171,3.7876162905050776,606639.1221013209,451454.92137291824,4986032.011916988,11.854981172907928,3.6997194626582375
2011-05-01,36638867.99292053,27.18665517573714,134767840.16306302,664985.7673404703,366.44010187578897,5662048.956375462,1112888.888595805,626531.8979173382,430017.76843749295,6288580.8542928,17.163687632237707,4.666232572017107,1117656.6133013165,837346.0727723386,6779705.569676778,18.504134928477523,5.030655356258317
2011-06-01,33349144.024584245,24.74562476050167,134767840.16306305,648214.8206588258,392.7747726514112,5915899.901977853,1541051.3966962828,1439614.4749981384,1084505.9118046167,7355514.376975993,22.05608147409622,5.457915158450377,1825640.6083859226,1321272.057790856,7741540.510363777,23.21361083407984,5.744353030364559
2011-07-01,33543735.255413253,24.8900147207426,134767840.16306305,649229.2544040931,396.85550080837766,5986717.429712296,1547020.6914939212,2523868.654324595,1893276.1812556619,8510586.084036892,25.37161117935864,6.31499775743194,2280320.182209417,1605933.5361730815,8267037.611921716,24.64554871117876,6.134280702220182
2011-08-01,37923237.64704254,28.13967902220377,134767840.163063,671327.9240897435,311.88576495126426,4865063.801511559,983066.7057962196,1204711.9378117677,903509.409452097,6069775.739323326,16.005426002430678,4.503875503220331,1222452.461992314,827758.5450893557,6087516.263503874,16.052206091055123,4.517039270005553
2011-09-01,45862040.379188925,34.03040393293972,134767840.16306305,708349.0899602993,211.61628230643996,3483009.791740427,835963.9067390682,390668.14817507175,261182.26372189508,3873677.9399154987,8.44637069761353,2.8743340660713432,820032.2828048791,547766.0081780445,4303042.074545307,9.382578792761086,3.192929462502937
2011-10-01,55780820.979707785,41.3903056635882,134767840.16306305,750347.0858699789,131.93177731472065,2300222.7156416317,1061223.7454238094,748134.9389640724,531210.9253914579,3048357.6546057044,5.464884885281001,2.261932558181038,834497.6723820283,594961.540534213,3134720.38802366,5.619710023923857,2.3260151563093903
2011-11-01,58529650.29217742,43.42998316316354,134767840.163063,761310.0015168772,73.66157921066993,1303049.2641275665,603743.6393366429,270038.45065138495,197839.70871873613,1573087.7147789516,2.687676599682669,1.1672574947224694,277248.6633797332,204000.59134059932,1580297.9275072997,2.6999955058991856,1.1726075936181883
2011-12-01,59428385.51571884,44.09685978777516,134767840.16306302,764838.2653785059,57.684441913416016,1025148.021429812,304674.3123623227,170057.84674945948,136159.86272305518,1195205.8681792715,2.011170012120115,0.8868628203383878,164213.37576927934,131017.06339368795,1189361.3971990915,2.001335534993635,0.8825261247490629
2012-01-01,56706281.163687445,42.07701265752674,134767840.16306305,754067.5742903044,68.92978976584763,1207745.6854194405,304674.3123623227,222919.5915328579,178700.63316692275,1430665.2769522984,2.522939694850669,1.0615776547440825,216038.52822928393,172453.38716607928,1423784.2136487241,2.510805124989332,1.0564717902475913
2012-02-01,49979175.40440222,37.08538724367006,134767840.163063,726284.409161282,107.71294398985204,1817744.7218199181,288664.2380680291,360422.426547387,289030.5071779245,2178167.1483673053,4.358149430723599,1.616236593041649,353249.9030083258,281488.90881397034,2170994.6248282436,4.343798406559985,1.6109144601571397
2012-03-01,40088449.91364017,29.74630287547455,134767840.16306305,681781.1992356686,188.89101350195992,2992365.179901062,487874.1106801596,602157.3458200712,481709.3647594292,3594522.525721133,8.966479206516015,2.667196062036701,610023.3337467982,471891.83246830787,3602388.5136478604,8.986100788152802,2.6730327571393384
2012-04-01,27890410.489853892,20.6951528317941,134767840.16306305,618443.4783062625,271.6898139206885,3904196.2964536953,901114.9339441424,323349.88367726054,254388.6830428112,4227546.180130956,15.157705124737667,3.136910241357148,431397.05857040867,300392.5697230407,4335593.355024104,15.545104137500331,3.2170830591172423
2012-05-01,15844777.68076627,11.75709105495406,134767840.16306305,540020.3036604922,380.8309154306889,4778598.694439943,945863.5707929528,675319.737699258,537759.6645345864,5453918.432139201,34.42092115157683,4.046899041744829,806572.1916178326,570710.054493254,5585170.886057776,35.24928527610412,4.144290566132076
2012-06-01,6738392.008153152,5.0,134767840.16306305,456524.7584249853,383.51256362695824,4068199.159702717,1519833.2466157484,1236532.5448688506,904936.4374788878,5304731.7045715675,78.72399970427783,3.936199985213891,1650525.0045254799,1189587.360453056,5718724.164228197,84.86778681484837,4.243389340742419
2012-07-01,6738392.008153152,5.0,134767840.16306305,456524.7584249853,379.2488461273267,4022970.779737354,1550095.37001079,1831279.7277769868,1287712.719332522,5854250.507514342,86.87904325588302,4.343952162794151,2263350.29590743,1633939.8363592215,6286321.075644785,93.29111556642324,4.664555778321162
2012-08-01,6738392.008153152,5.0,134767840.16306305,456524.7584249853,311.5482345037184,3304820.7178102466,1311918.069342102,1378192.476842864,955189.1633974777,4683013.19465311,69.49748825813154,3.474874412906577,1495315.0775641229,1066963.2027556296,4800135.795374369,71.23562697994448,3.5617813489972243
2012-09-01,6738392.008153152,5.0,134767840.16306305,456524.7584249853,195.46170561525156,2073405.728922855,675385.3245574456,1332457.564986589,893719.0395129248,3405863.2939094445,50.544154893162975,2.5272077446581487,600847.3928024644,383417.78065983875,2674253.12172532,39.68681427986964,1.9843407139934817
2012-10-01,6738392.008153152,5.0,134767840.16306305,456524.7584249853,129.97737232223713,1378765.357413504,907299.3383161249,1749605.539737843,1181739.9097907157,3128370.8971513472,46.42607454962784,2.3213037274813924,788419.5251181549,553155.2464439465,2167184.882531659,32.161751348236535,1.608087567411827
2012-11-01,13908765.044352315,10.32053717528109,134767840.16306296,524879.1501204087,74.30962252416545,906280.533084637,562536.2837544903,839018.910247476,568625.9510887171,1745299.4433321126,12.548198476045114,1.2950414885482906,351742.65857536456,252500.8285467536,1258023.1916600014,9.044823085647169,0.9334743289926216
2012-12-01,19157842.41607201,14.21544071114584,134767840.163063,563923.5864499696,56.64628598621169,742249.6046051928,360059.81509752246,311837.04203350656,223510.86253546295,1054086.6466386993,5.502115654497705,0.7821499887237948,145026.84385050542,114233.47110077387,887276.4484556981,4.631400703616493,0.6583740211181937
2013-01-01,21079138.080551475,15.64107435056217,134767840.16306305,576841.5870452896,69.92887898817354,937284.4328292211,360059.81509752246,241718.92639819632,188680.17495169796,1179003.3592274175,5.593223758590097,0.8748402866743848,218622.23202157745,172357.601779912,1155906.664850799,5.483652417065801,0.8577021516796615
2013-02-01,19157842.416072007,14.21544071114583,134767840.16306308,563923.5864499696,99.49284900971244,1303678.194480018,328513.590762382,400717.07893361937,313177.4886210787,1704395.2734136374,8.896593031706828,1.2646899077342155,370394.49253101496,291350.7901193078,1674072.687011033,8.738315362729,1.2421900395416892
2013-03-01,13908765.044352315,10.32053717528109,134767840.16306296,524879.1501204087,180.9415360895752,2206763.8915954097,819052.8028650458,693692.0025268672,538173.4139073967,2900455.894122277,20.853439430986818,2.152186968799719,820575.427930243,616135.2191996926,3027339.3195256526,21.76569458087805,2.24633660067766
2013-04-01,6738392.008153152,5.0,134767840.16306305,456524.7584249853,275.64531580993105,2923972.1159297284,813695.5877466521,320163.3991114183,227136.65350901405,3244135.515041147,48.14406035024214,2.407203017512107,624872.3024415311,407021.39669906785,3548844.4183712592,52.6660427899908,2.63330213949954
2013-05-01,6738392.008153152,5.0,134767840.16306305,456524.7584249853,361.789508437634,3837766.7743028337,1152023.5747195478,802883.2303722342,617485.3001825074,4640650.004675068,68.86880429426026,3.443440214713013,1142094.7325896816,776906.0843764937,4979861.506892514,73.90281688668611,3.6951408443343055
2013-06-01,6738392.008153152,5.0,134767840.16306305,456524.7584249853,392.3439660416944,4161880.3250414706,889542.8126359589,1210598.1724749706,944135.446742689,5372478.497516442,79.72938485941428,3.986469242970714,1147040.924166566,788044.7883334493,5308921.249208037,78.78617395343697,3.939308697671848
2013-07-01,6738392.008153152,5.0,134767840.16306305,456524.7584249853,388.1878090612439,4117792.91842418,874584.0741365489,1632854.698745657,1273450.2439609675,5750647.6171698375,85.3415415756728,4.2670770787836405,1391657.6556888241,963284.2648812751,5509450.574113004,81.76209646821995,4.088104823410998
2013-08-01,6738392.008153152,5.0,134767840.16306305,456524.7584249853,310.7006961674854,3295830.2568076896,806779.3374944567,1160312.1325810628,905210.631153543,4456142.389388753,66.1306493299443,3.306532466497215,1017812.6853094669,703505.0282830431,4313642.942117156,64.01590968435559,3.20079548421778
2013-09-01,6738392.008153152,5.0,134767840.16306305,456524.7584249853,208.45403103259645,2211224.857572938,979947.0721030448,1053095.6594932969,712804.13132135,3264320.5170662343,48.44361255795972,2.422180627897986,841150.2080684846,570038.7435933367,3052375.0656414223,45.29827089234621,2.2649135446173103
2013-10-01,7816534.729457656,5.8,134767840.16306305,468582.3241030921,133.43911368065446,1452871.904329044,988456.1801790298,1393210.9285399772,925320.2997613886,2846082.832869021,36.41105593944562,2.1118412444878456,889466.5990219091,626533.8478285323,2342338.503350953,29.96645680500257,1.738054494690149
2013-11-01,18396499.54663637,13.65051151994232,134767840.163063,558626.1905680037,74.99739188419737,973477.0750876464,644977.3639048914,580780.3015964288,391249.42755075824,1554257.3766840752,8.448658250141163,1.1532850677160764,359990.35575784696,263133.9716080849,1333467.4308454932,7.248484568844542,0.9894552210913652
2013-12-01,26732374.002239756,19.83587031586675,134767840.163063,611762.3526786822,59.95546091054829,852255.4125693534,455457.6998889185,301966.4605994229,220966.7563139076,1154221.8731687763,4.31769312022969,0.8564520079658617,222614.81932278772,174995.5675791731,1074870.231892141,4.020855879848471,0.7975717579146452
2014-01-01,31402285.48675022,23.30102303988463,134767840.16306308,637897.9326593087,69.61767254558096,1031879.4636229713,455457.6998889185,342930.61528616445,252689.08494649592,1374810.0789091357,4.378057385311075,1.0201321600507045,265559.05416367564,208735.81938370003,1297438.517786647,4.131669073367555,0.962721162717162
2014-02-01,31745737.6563057,23.55587031586675,134767840.163063,639740.7313640021,99.9720142386205,1486074.9705662986,414679.4221868689,474618.3369418713,349504.6167438371,1960693.3075081701,6.176241134276226,1.4548673519853248,375045.03429268464,294761.7884538725,1861120.0048589832,5.862582325250541,1.3809822896969424
2014-03-01,28099784.0383769,20.85051151994232,134767840.163063,619636.5223933544,192.3317748901045,2769148.9838357666,780931.5929658316,1043752.7929036414,765619.5673068333,3812901.7767394087,13.569149754076363,2.829237132631916,908507.6982872607,690796.6377048207,3677656.6821230273,13.087846785940837,2.728883001814994
2014-04-01,22533182.875264138,16.72,134767840.16306305,586230.6762036522,278.746972346733,3796968.323610885,988571.6911871415,762094.9468222882,507113.8653723237,4559063.2704331735,20.23266440285228,3.3829014881569006,820747.9443248813,593787.5127668546,4617716.267935766,20.49296050849912,3.426422997021053
2014-05-01,16885721.008053534,12.52948848005768,134767840.16306305,547779.1225109224,369.7433799654145,4706132.577739383,1329897.9089495428,1058528.7677103789,731450.7022755926,5764661.345449762,34.139266796486474,4.2774755004419305,1191901.542025633,875454.0629468905,5898034.119765015,34.9291221674928,4.376440338161284
2014-06-01,13482349.502418237,10.00412968413325,134767840.16306296,521405.1387214238,393.515147813649,4767547.583779989,1360584.1265325847,1440739.4840273827,1027059.6612318647,6208287.067807372,46.04751617434212,4.606653234403418,1804558.337945064,1313671.4847083262,6572105.921725052,48.74599876339253,4.876612932115777
2014-07-01,13744940.967875902,10.19897696011537,134767840.16306296,523550.8602187997,380.72655950424377,4631592.33442644,1330922.6938532805,1712806.8061396696,1240615.0833075359,6344399.140566109,46.15806757842011,4.707650677557547,2089008.9301609742,1500228.9902336942,6720601.2645874135,48.89509005745838,4.986798969587839
2014-08-01,18414852.45238635,13.66412968413325,134767840.16306305,558755.1650735748,314.6351544347307,4084953.0605578935,1228786.448440874,1044875.7686126437,748102.8008232077,5129828.829170537,27.85701836294524,3.8064191152456512,1640163.7768828054,1167770.0592172947,5725116.837440699,31.089669885998955,4.24813281159182
2014-09-01,26831587.612087592,19.90948848005768,134767840.16306308,612340.3489020953,211.49046323204144,3009136.859501268,1194161.5943672908,698562.4265571719,450590.83633111446,3707699.2860584394,13.818411864634228,2.7511751183162763,1064763.2041494397,749636.813182078,4073900.0636507072,15.183224051250033,3.0229022433849733
2014-10-01,37330691.72516846,27.7,134767840.16306305,668415.5262743415,130.53522471043192,2027367.7099279696,1330565.429987709,973048.8168716542,653425.8043165881,3000416.526799624,8.037398687623927,2.2263594364718275,963554.008233871,704235.3268000061,2990921.7181618405,8.011964364821432,2.2193141290555367
2014-11-01,45658932.54249558,33.8796945081633,134767840.16306308,707443.8649556527,74.66981003316131,1227425.9641753123,750034.8826049877,414796.3115201286,288084.0093354264,1642222.2756954408,3.596716314309353,1.2185564996132798,396069.8940700077,294077.600177106,1623495.85824532,3.555702614673052,1.2046611834700052
2014-12-01,51968748.555269234,38.56168392428741,134767840.16306305,734686.3826128078,56.94002938433043,972026.1571648179,355516.97560863395,153599.1474533447,122733.08906112716,1125625.3046181626,2.165965769641441,0.8352328739973918,183856.8906152154,141082.68842708797,1155883.0477800334,2.2241887286370603,0.8576846274166497
2015-01-01,54862241.25348421,40.70870408481976,134767840.16306305,746623.6111264348,68.49973936379868,1188362.4312710434,355516.97560863395,245063.62607712028,196088.05547041845,1433426.0573481636,2.6127734204754693,1.0636262001481824,295544.52369988844,226792.44450425368,1483906.9549709316,2.704787338371254,1.1010838737012263
2015-02-01,53777222.20216973,39.90360173250659,134767840.16306305,742185.0839742136,97.6112809924967,1683334.8272606228,324410.38090145035,306248.9245276233,245078.95859367852,1989583.7517882462,3.6996774290583816,1.4763045466788955,369805.59368448576,283726.03885556513,2053140.4209451084,3.817862538951056,1.5234646622375936
2015-03-01,49159204.11714171,36.47695478213591,134767840.16306305,722773.0814899004,189.66662360318816,3185305.9831901244,928615.0306153547,853559.3380849217,631655.0728883923,4038865.321275046,8.215888344430503,2.99690587634869,941635.1800376797,697819.5626733988,4126941.163227804,8.395052843804581,3.0622596297710127
2015-04-01,42639436.94671509,31.63917808219178,134767840.16306302,693740.9968529309,280.94977903475547,4528812.385523007,932187.221638909,756888.6196529635,496927.8169706603,5285701.005175971,12.39627298967694,3.922078886758525,647754.4311526188,436669.4562016625,5176566.816675628,12.140326391140176,3.8410994866521664
2015-05-01,36090500.846499756,26.77975754663121,134767840.16306302,662244.1331181126,367.8898630600758,5661013.825855247,863706.946281169,1404616.5747041297,955616.2494089002,7065630.400559378,19.577534904851948,5.242816381126447,909524.9799199958,626228.2355016432,6570538.805775244,18.20572907458692,4.875450105770922
2015-06-01,31559989.550837882,23.41804210310985,134767840.163063,638745.3413779121,387.1544180880707,5746061.104583073,1437134.9798498298,928565.3575307049,728152.6301158598,6674626.462113778,21.149013536148573,4.952684894287673,1455121.0083886064,1050750.139215992,7201182.11297168,22.81744137263346,5.343398027495709
2015-07-01,30445801.56973467,22.59129591518023,134767840.163063,632712.1127707602,388.6879620720837,5714332.589835658,1485039.4791781576,1414668.076064144,1102645.0075366513,7129000.6658998,23.41538175492329,5.28983818192384,2107832.360732205,1537153.0872489042,7822164.950567862,25.69209725896545,5.804177718588792
2015-08-01,33339294.267949667,24.73831607571259,134767840.16306305,648163.3937837114,309.8107101619348,4665940.557908773,1012541.0157388957,872770.8267350921,685252.3150272177,5538711.384643866,16.613163254533674,4.109816836080681,1143460.5123799313,799208.2650890296,5809401.070288705,17.42508711671651,4.310673127401604
2015-09-01,39678279.21051206,29.44194932745313,134767840.16306305,679823.0531504379,208.3807885290977,3291636.272685568,578802.0625388884,1028140.6611961505,702824.317773481,4319776.93388172,10.887006744831996,3.205347009089841,530028.7285527098,337011.4887590924,3821665.001238278,9.631629892421836,2.835739592334666
2015-10-01,47977351.09805044,35.6,134767840.16306302,717660.1489249363,132.43305697527165,2208378.4964623204,636404.8751064345,1299398.2076119946,887811.9729549759,3507776.7040743153,7.311317994412688,2.602829206010917,483327.21007489983,352490.48985977744,2691705.7065372206,5.6103674857668375,1.997290824932994
2015-11-01,54391150.819279306,40.35914707356626,134767840.16306302,744701.9458698991,74.12416206218315,1282627.538800223,350786.1463322346,426941.4480088865,299125.88881330646,1709568.9868091093,3.1431013336881657,1.2685288899344294,179121.5965201913,137425.71494403994,1461749.135320414,2.6874760200923853,1.084642399515911
2015-12-01,58785057.96311694,43.61949994300544,134767840.16306305,762315.42232628,58.07820819497131,1028741.3343937375,265151.2792629483,158422.34841780484,127679.78763397249,1187163.6828115424,2.01949904269278,0.8808953837763726,149496.7129914191,120582.30035168347,1178238.0473851566,2.004315532229992,0.8742724124387106
2016-01-01,59567737.58163416,44.20026136024727,134767840.16306305,765382.9398089402,72.33392913883408,1286409.1152990395,265151.2792629483,245107.8834344309,197563.5625316202,1531516.9987334702,2.571051144312161,1.1364113254916035,231398.17365504548,186644.04221833797,1517807.288954085,2.5480358169957644,1.1262384906648395
2016-02-01,56228151.181443974,41.72223218344259,134767840.16306308,752149.2427272976,113.33760424777702,1980780.379551883,251691.07807184008,325314.4739196521,262158.34552300023,2306094.8534715357,4.10131723170115,1.711161097989894,307562.3433200974,247952.8640186036,2288342.7228719806,4.069745625261041,1.6979887190469094
2016-03-01,49401058.55182076,36.65641483312911,134767840.163063,723811.7892205603,194.38463342011616,3269232.8721012697,448351.0775807851,541918.9342416098,436845.08365050267,3811151.80634288,7.714716886774916,2.827938625217676,575805.5203915049,452121.44110215624,3845038.392492774,7.783311745150973,2.853083041058201
2016-04-01,40430352.04891891,30.0,134767840.16306305,683405.7902536162,275.40788224173355,4373340.525305343,876034.7059352845,24865.352196439726,20015.93452936179,4398205.877501783,10.878475339962788,3.263542601988836,498075.442786247,357016.74124703504,4871415.968091589,12.048908112888542,3.6146724338665615
2016-05-01,31500885.977979526,23.37418625976708,134767840.16306296,638428.0021996682,367.9182680117767,5457849.479877061,1124017.737399859,197717.05526541133,153915.36261136638,5655566.535142473,17.95367450647565,4.196525319615935,879475.4482625104,643089.322122664,6337324.928139571,20.11792599284234,4.702401493169062
2016-06-01,24591312.484431386,18.24716672366123,134767840.163063,599016.9174912015,390.17591849826937,5430725.1553820865,1533475.7322056075,1190439.3888789418,901962.3431850467,6621164.544261028,26.924811550635404,4.913015253676037,1788776.075429836,1274399.1398673248,7219501.230811923,29.35793376373281,5.356991120490356
2016-07-01,21292966.51620366,15.79973863975273,134767840.163063,578242.1954606964,385.7841011452378,5183372.020868216,1584591.5899457948,2054126.6853060822,1550789.13234051,7237498.706174296,33.990091050331834,5.370345549366412,2299869.124889772,1616178.8592929929,7483241.145757987,35.1441925203956,5.552690565274031
2016-08-01,22075646.134720884,16.38050005699456,134767840.16306305,583309.8132420996,308.8819447169917,4186490.2145771603,1434625.2234183173,1673621.8896678116,1196115.2469263137,5860112.104244971,26.545597209171177,4.348301565977832,1717585.0747099642,1212772.4041509912,5904075.289287125,26.74474510624227,4.380922987371066
2016-09-01,26428312.84659605,19.61025183353757,134767840.16306305,609984.2479616248,207.77096174790697,2944840.280222218,1027948.7235889977,1352981.1546318633,847763.216269665,4297821.434854081,16.26218616300222,3.189055660203436,939725.8227032953,644753.9015333444,3884566.1029255134,14.69850204011734,2.882413265824668
2016-10-01,32883352.999787383,24.4,134767840.16306305,645774.4929863971,130.3424680259538,1955802.9726929206,1264512.304633854,1633544.9776512713,1054648.845804526,3589347.950344192,10.9153952468515,2.663356440231766,963169.0817134723,683184.5759984461,2918972.054406393,8.876747010638686,2.1659262705958398
2016-11-01,38316972.87342963,28.43183717055034,134767840.16306308,673250.5889288009,73.3780144509938,1147891.850523164,722510.1025498752,743975.7225277679,484507.90744037076,1891867.573050932,4.93741397395936,1.4037975015121242,375991.37942047726,272533.8701455798,1523883.2299436412,3.977044937702677,1.1307469408872406
2016-12-01,41822556.10205654,31.03303878095332,134767840.16306305,689951.1379989438,58.30020525502795,934645.0145651391,367211.7785868218,400463.8897229922,272967.58956749947,1335108.9042881313,3.1923178034124984,0.990673221944278,198655.3476707596,152426.76004576377,1133300.3622358986,2.709782633730918,0.8409278956052542
2017-01-01,41812151.21047987,31.02531817671712,134767840.16306305,689902.627672492,70.53263137940021,1130670.757737037,367211.7785868218,252954.96857769936,201323.1416478731,1383625.7263147363,3.309147427860497,1.02667351843037,306410.3839526229,235117.55219422496,1437081.1416896598,3.436994031843708,1.0663383340942885
2017-02-01,37816443.59309973,28.06043604122729,134767840.16306305,670804.714913408,104.55561413854122,1629677.7588375877,334973.4287527168,321121.33190826466,255714.97030489435,1950799.090745852,5.158600083435158,1.4475256770350202,391267.9988783885,300161.46589592966,2020945.7577159759,5.344092584329459,1.4995756816097388
2017-03-01,30563206.727061633,22.6784125130161,134767840.16306305,633352.998057283,186.0712539215686,2738314.9009673186,988400.0452966125,622095.8820283298,493865.7542829398,3360410.782995648,10.994954858647846,2.493481218464065,1047611.7353846043,777944.2791681108,3785926.636351923,12.387203575074286,2.8092211255824253
2017-04-01,21123474.34446256,15.67397260273972,134767840.16306305,577132.5779359486,278.33725411297314,3732546.2965754494,1021658.8624496511,341766.3568943687,262775.9994489057,4074312.653469818,19.288080109500942,3.023208391957668,765822.3374855286,527447.2887026657,4498368.634060978,21.29559068127544,3.3378650489747064
2017-05-01,11748356.679749906,8.717477897942805,134767840.16306305,506677.6274779632,367.2024239885264,4323102.596700637,951333.7351351985,636318.5077202169,493009.04606747674,4959421.104420854,42.21374307582247,3.679973722529185,828763.8178024656,590471.8589068981,5151866.414503102,43.85180459649419,3.822771373548448
2017-06-01,6738392.008153152,5.0,134767840.16306305,456524.7584249853,390.3588887392366,4140823.1535698753,1430698.4497273776,1585122.0804764112,1142096.3970909705,5725945.234046287,84.97494991562009,4.248747495781004,1494442.9693774846,1075521.1038057555,5635266.12294736,83.62924145892582,4.181462072946292
2017-07-01,6738392.008153152,5.0,134767840.16306305,456524.7584249853,387.7708741401855,4113370.1837959853,1472352.370708043,2470178.080223257,1722773.826493672,6583548.2640192425,97.70206684404,4.885103342202,2079435.7932859543,1489950.6191524968,6192805.97708194,91.90332010350426,4.595166005175213
2017-08-01,6738392.008153152,5.0,134767840.16306305,456524.7584249853,318.09679102903715,3374286.0617917315,898325.1120681255,1647042.5643007664,1170718.952913245,5021328.626092497,74.51820285933077,3.7259101429665376,1105012.7943774078,753352.7256509356,4479298.856169138,66.47429907238089,3.3237149536190445
2017-09-01,6738392.008153152,5.0,134767840.16306305,456524.7584249853,207.8740630778904,2205072.7119334936,529654.6251877468,1043107.2358733796,710608.1420307568,3248179.947806874,48.2040810905142,2.41020405452571,494501.3911169711,315290.46716198284,2699574.1030504648,40.062586144945286,2.003129307247264
2017-10-01,9298980.971251352,6.9,134767840.16306305,483874.9575118918,129.45790376302722,1455526.079523335,611786.6344617619,1237798.950858636,846454.3130126169,2693325.030381971,28.96365783206387,1.998492390412408,479742.66664537386,349567.589782577,1935268.746168709,20.811621748143896,1.4360019006219291
2017-11-01,17804790.584912077,13.21145353622131,134767840.16306305,554432.9426931278,74.11712788761581,954829.6205362224,377677.98110022134,528917.0070978695,368635.3103223541,1483746.6276340918,8.333412406947547,1.1009649081255772,229760.70737987987,174163.00620165854,1184590.3279161023,6.653211236979859,0.8789859112402492
2017-12-01,24216187.448443912,17.96881764903512,134767840.16306305,596727.4953223447,56.74686522842296,786821.4653892419,299440.78002222645,145959.52903430496,117845.34831170487,932780.9944235468,3.8518903787370777,0.6921391581959937,152255.445148183,120995.33370308981,939076.910537425,3.877889170360582,0.6968108336537738
2018-01-01,27069023.37146512,20.0856697997926,134767840.16306305,613719.2726291833,70.04866955972668,998913.6033688025,299440.78002222645,195159.53756975208,157569.95143533722,1194073.1409385547,4.411216188158786,0.8860223177085718,203423.2279744175,161660.97172412297,1202336.8313432198,4.441744405934742,0.8921541147268118
2018-02-01,25783595.339088,19.13186061889172,134767840.16306305,606179.8769229772,100.47945851101578,1415262.7492223352,273760.91392017924,351906.38359788206,284130.15344966965,1767169.132820217,6.853850712360443,1.3112691653157176,368238.81412506883,292508.99265889765,1783501.563347404,6.9171949834459685,1.323388102969853
2018-03-01,20838483.276481282,15.46250444562119,134767840.16306302,575256.737943949,184.7098019731658,2468936.565018876,630251.1468638176,683278.1982062273,535672.6080099194,3152214.763225103,15.126891537172256,2.3389962764195555,702124.9505317366,536550.3203984653,3171061.515550612,15.217333591305726,2.3529808830606544
2018-04-01,13900081.553464627,10.31409387925647,134767840.16306305,524808.9411219151,273.73602776165967,3338039.4192492054,694851.2778708822,325865.34739002615,231308.94141513322,3663904.7666392317,26.358872446514496,2.718678849646972,452263.8286322248,304712.24827001785,3790303.2478814297,27.26820870296756,2.812468644815657
2018-05-01,6936399.058018243,5.146924555313428,134767840.163063,458807.8408676215,361.6663808413541,3855646.8272182527,1394442.4209310676,732219.0174905368,509586.52599303285,4587865.844708789,66.14189590786839,3.404273481831925,1174899.649662179,841202.0794495195,5030546.476880432,72.52389077968763,3.732749943008433
2018-06-01,6738392.008153152,5.0,134767840.16306305,456524.7584249853,395.5869937539495,4196281.4995143935,1378854.1281977291,1275265.1817313035,933324.5088933195,5471546.681245697,81.19958997080269,4.059979498540135,1620186.8513024084,1165365.1706606036,5816468.350816801,86.31834336410134,4.315917168205067
2018-07-01,6738392.008153152,5.0,134767840.16306305,456524.7584249853,390.2096364843608,4139239.925390524,1418738.9099919342,1968358.6889689781,1436213.9603839903,6107598.614359502,90.63881423000592,4.5319407115002965,2136193.4181772675,1541627.0028319096,6275433.343567791,93.12953796654747,4.656476898327375
2018-08-01,6738392.008153152,5.0,134767840.16306305,456524.7584249853,305.4597514553123,3240235.7107712524,1381367.501661565,1028267.6521009979,718710.1763252392,4268503.362872249,63.3460231715156,3.16730115857578,1632955.539068159,1177239.4666819996,4873191.249839411,72.31979445456822,3.6159897227284112
2018-09-01,10045934.06687667,7.454251737448296,134767840.16306305,491117.32918157015,211.8330310329869,2417337.079221265,1383895.9161693957,847371.5892414742,532555.5851258532,3264708.6684627384,32.49781102214373,2.422468642750813,1180076.8027418775,833829.9789913887,3597413.8819631417,35.80965053139748,2.66934149691086
2018-10-01,18526462.908107653,13.74694651609128,134767840.16306302,559538.1242300392,131.5633758077013,1710499.5564361652,978908.1388110329,1171634.2412643023,781177.7143552658,2882133.797700468,15.556848665587276,2.1385916656475423,751288.2341110121,538659.8799980119,2461787.7905471777,13.287953576231953,1.8266878712076449
2018-11-01,27064510.14774638,20.08232091202139,134767840.16306308,613693.1183002025,72.88140747568822,1039264.9463546285,536857.7314622896,506988.81658217916,347214.5346548838,1546253.7629368077,5.713215404586075,1.1473462519440172,311877.9348649497,230607.98297433095,1351142.8812195782,4.992304955248141,1.0025707020196777
2018-12-01,33633293.10629981,24.95646814967505,134767840.16306305,649695.1442805687,59.20976033960543,893842.9083424233,266608.1544237339,169564.38133928765,136174.08988258636,1063407.2896817112,3.161769756891648,0.7890660623447224,151302.49696744134,122038.92767125198,1045145.4053098646,3.1074727116569494,0.7755154375445102
2019-01-01,36910304.67784996,27.38806575306851,134767840.16306302,666335.2592776672,71.65049421705719,1109354.2709169243,266608.1544237339,251674.7336363981,202329.92518406187,1361029.0045533224,3.687395746072186,1.009906371510101,226232.07070260058,182477.23033934628,1335586.3416195249,3.618464689675174,0.9910274884598028
2019-02-01,36335970.83992724,26.96190040291686,134767840.16306305,663473.9495126063,101.83896172867792,1569987.2053826263,244105.63918605668,350554.4914255496,282004.27489771426,1920541.6968081759,5.285510892962895,1.4250741827459774,315481.477255076,254349.85810268307,1885468.6826377022,5.188986668180289,1.3990494173954036
2019-03-01,32295499.30960593,23.96380269248942,134767840.163063,642669.8603513272,188.7782918459196,2819020.666998129,664095.349795664,568818.2857209722,455701.06800670276,3387838.952719101,10.490127185342594,2.5138333808866924,646715.8974366257,496107.75590643537,3465736.5644347547,10.731329871106562,2.571634716592155
2019-04-01,26460129.803594664,19.63386054980112,134767840.16306305,610170.7863323455,284.5567559073341,4034396.574909111,820017.195104751,176519.84355766725,137048.0995361763,4210916.418466778,15.914194109110968,3.1245706790075123,549927.2486348138,373121.32363554474,4584323.823543926,17.325401869045763,3.401645242661082
2019-05-01,20581168.721234564,15.27157272560892,134767840.16306305,573552.0176410398,370.3005202736048,4934980.13475024,1061681.1878324773,295579.2809980128,234854.4876237461,5230559.4157482525,25.414297344307947,3.881162901638485,987033.7781792853,683270.383696121,5922013.9129295265,28.77394375966368,4.394233747282849
2019-06-01,16671471.919959737,12.37051205969318,134767840.163063,546202.1711774626,384.9067752734404,4885030.196507262,951720.8739063275,645848.8068024354,484801.74929189886,5530879.003309699,33.17570895877474,4.104005077633939,1165001.586153876,815642.9332249757,6050031.782661139,36.2897278159213,4.489225155898375
2019-07-01,16053546.505688185,11.91200102803763,134767840.1630631,541596.3680136446,383.9006197738608,4831175.689431571,983444.9030365386,1018908.8915309379,743484.3998403056,5850084.58096251,36.44107287377076,4.340860975351516,1544921.1876665016,1078976.9401789892,6376096.877098073,39.71768403224084,4.731170930233268
2019-08-01,19330558.077238347,14.34359863143109,134767840.16306305,565110.6057742925,314.27890137467017,4126738.588835619,940940.1038855759,731945.9046772802,531877.8893753343,4858684.4935129,25.134734724673987,3.6052254659821728,1245460.3676383456,867810.3428280388,5372198.956473964,27.79122534904829,3.98626181882402
2019-09-01,25942932.612140622,19.25009155058865,134767840.16306308,607124.4838789061,208.61131589891903,2942889.0195664484,1020265.6938506204,940812.9265991162,624119.6056792064,3883701.9461655645,14.970173203734465,2.8817720470005748,918753.1697508718,628943.9972341611,3861642.18931732,14.885141348708478,2.865403337060909
2019-10-01,34437388.2754305,25.55312026501486,134767840.16306305,653850.6595988947,129.6530644174615,1969788.6327385756,1225578.350043951,1576915.8234608895,1065890.5752286972,3546704.4561994653,10.298993721105951,2.631714251640534,988950.2419585793,714322.2763606015,2958738.874697155,8.591647110498446,2.195433918891342
2019-11-01,41395064.24643538,30.71583264697959,134767840.16306302,687953.064133021,76.26498911433521,1219108.3240891255,709528.3883250714,651954.8442501428,446726.3851199804,1871063.1683392685,4.520015133206104,1.3883602839337383,358663.9737903004,265812.9059762572,1577772.297879426,3.811498608835452,1.1707335340318523
2019-12-01,46290668.64405597,34.34845330165293,134767840.16306305,710252.8746737789,58.27090562265354,961663.3006021244,347437.0604855988,278390.00697707984,206137.06608022534,1240053.3075792044,2.6788407769919638,0.9201403733107212,152491.5455297189,122887.31466044695,1114154.8461318433,2.406867039875666,0.8267216012245694
2020-01-01,47540710.05209837,35.27600501319621,134767840.16306305,715755.245985738,69.63928901580827,1158182.8853611215,347437.0604855988,348431.7722532804,264993.3318806483,1506614.6576144015,3.1691042392159265,1.1179333702992238,233212.6482220288,187946.6118775703,1391395.5335831498,2.9267453768746057,1.0324388458697742
2020-02-01,44612472.96901602,33.10320393577351,134767840.16306302,702747.6868776408,105.82779998809386,1728054.6274893894,328668.0992156099,482516.64295487653,366330.70449417934,2210571.270444266,4.95505208146506,1.6402809956511686,319992.90130968,257732.4457108196,2048047.5287990696,4.590750954831549,1.5196856507613568
2020-03-01,38119875.91288973,28.28558791679557,134767840.16306305,672289.3777591543,185.61433310272096,2899519.4972974155,635518.5164238722,954231.6892669353,720675.6017018206,3853751.1865643505,10.109558581383672,2.859548080537229,745069.6223710708,577353.123621286,3644589.1196684856,9.56086302063779,2.7043463153068985
2020-04-01,29484004.266844917,21.87762616895142,134767840.1630631,627414.6732018313,273.275959901984,3983954.542327059,935105.9197652031,517825.7115259838,355861.1329744566,4501780.253853043,15.268551086581352,3.3403965281376404,509150.7434910955,357144.48865566694,4493105.285818155,15.23912846149836,3.333959556212891
2020-05-01,20875200.292978156,15.48974908829889,134767840.16306302,575499.1298219734,378.2892436735668,5058560.385747456,1020004.0410535119,991889.4116201072,699128.0980097812,6050449.797367563,28.983912549106257,4.489535329828533,927860.8791707932,657331.9180244915,5986421.26491825,28.67719198331197,4.442025083784787
2020-06-01,14328467.892495701,10.63196373493773,134767840.163063,528246.8451067721,393.30129985396064,4827480.9472229015,1612308.7432608483,1667867.3716713875,1209884.1390415286,6495348.3188942885,45.33177146103751,4.819657502142357,1840848.8179806788,1341135.618627986,6668329.76520358,46.53902856352149,4.948012639465914
2020-07-01,11427298.48159144,8.479247324706638,134767840.16306305,503834.0302576156,391.9595985709931,4588672.646323775,1623582.2874051647,2016358.359956377,1485182.5957923606,6605031.006280152,57.80045928545914,4.901043897630444,2395884.6350318342,1753519.9065043072,6984557.281355609,61.12168411989264,5.182658765551639
2020-08-01,12677339.88963384,9.406799036249916,134767840.16306305,514693.538043474,302.1392559681299,3613384.238502525,1345519.6591074774,1492009.4144225556,1074680.965178125,5105393.65292508,40.271805421101945,3.788287804232659,1538707.8789525225,1101195.1737827202,5152092.117455048,40.64016711950645,3.822938848928088
2020-09-01,17545876.61507636,13.01933502373165,134767840.16306308,552576.2095215721,205.3969177024934,2637207.9709841977,835114.8113200202,1147638.5381703835,746254.253178843,3784846.509154581,21.571145131058525,2.808419653067888,796375.2710731034,514351.6384085835,3433583.242057301,19.56917466926094,2.5477764115703123
2020-10-01,24530620.258259308,18.20213207288798,134767840.16306305,598647.6973913428,131.8131146810809,1833530.8156330956,984742.8521033392,1411758.3176525212,941083.3778469316,3245289.133285617,13.229543725837704,2.4080590216174445,852000.4952219685,598830.8325536773,2685531.310855064,10.947669820745206,1.9927093196757413
2020-11-01,31830194.511167485,23.61853872010887,134767840.16306308,640192.3569519655,74.37813370048607,1106404.762366013,472190.1549928233,542362.2124710811,369665.2935058774,1648766.9748370938,5.1798834413614125,1.223412776254453,275025.9809576299,201578.26531424065,1381430.7433236428,4.340000947336258,1.0250448041997062
2020-12-01,37152177.93623741,27.56753977156934,134767840.16306308,667533.5969414087,57.29277151238309,888651.0019242128,266608.1544237339,272435.10286274744,202194.8840560801,1161086.1047869602,3.125216795579735,0.8615453830692086,148332.23974224218,119643.12851321232,1036983.2416664549,2.791177527859018,0.7694589750876409
2021-01-01,39040768.459070496,28.96890564680188,134767840.16306305,676759.3896233102,69.11915387339039,1086903.4763889406,266608.1544237339,269526.92296231893,217333.14114685857,1356430.3993512595,3.474394723488376,1.0064941292448106,249132.468740864,200948.47548888356,1336035.9451298045,3.422155858767165,0.9913611018127624
2021-02-01,36968243.972560085,27.43105768247838,134767840.16306305,666622.6706631002,98.4847391698728,1525482.7214393197,244105.63918605668,275856.561031111,222404.7673007735,1801339.2824704307,4.872666615724259,1.3366239900341883,254635.26518205018,205290.3944226069,1780117.98662137,4.815262493784324,1.3208774322327248
2021-03-01,31474193.291146856,23.35437983799733,134767840.163063,638284.5861197151,185.69791560658047,2754099.716289545,758689.1234950704,591616.5603925786,476722.9409617257,3345716.2766821235,10.630030278244543,2.4825776480753547,632907.6159553502,501106.521469198,3387007.332244895,10.761220473274532,2.513216304532868
2021-04-01,23990685.07456138,17.80149110168548,134767840.16306305,595342.6931519703,280.7512147701646,3883711.370176788,982133.3363668337,380797.02794943115,305013.1845738495,4264508.39812622,17.775684124369203,3.164336827663303,602638.2824534748,442863.41465940105,4486349.652630263,18.700381580129957,3.328946762968065
2021-05-01,16510143.534809392,12.25080368939122,134767840.16306305,545008.0367620968,365.2777877091728,4625774.365304284,1075741.9722028237,671426.9283769068,537309.9762635238,5297201.293681189,32.0845259916291,3.930612293906183,1021897.8993258601,754682.7104565497,5647672.2646301435,34.20728749403538,4.190667638359948
2021-06-01,11007192.82289566,8.167521872857389,134767840.16306305,500052.13614705845,396.2638404592154,4604240.554446562,1519512.6946570089,1306695.1048071817,1001768.8183401509,5910935.6592537435,53.700664232560925,4.386013497064119,1768014.5178959651,1256146.4661199204,6372255.072342527,57.89173656600102,4.728320246605113
2021-07-01,8937635.013218747,6.631875232551483,134767840.16306305,480266.9926511847,380.88857260408247,4250489.598659669,1570163.1178122426,1565027.3366677559,1170157.2782251164,5815516.935327426,65.06773801711846,4.315211201938765,2105632.6718325135,1458018.545769509,6356122.270492183,71.11637766692742,4.7163494367807335
2021-08-01,10826225.536051847,8.033241107784026,134767840.16306302,498400.8100491067,296.9532017741831,3438943.387525903,858236.7927450456,1192694.2135822298,809768.5453502437,4631637.601108133,42.78164708175124,3.436752859958325,1005987.172914051,644360.4233966653,4444930.560439954,41.057065970389424,3.298213101183329
2021-09-01,16145242.284288263,11.98004083522689,134767840.1630631,542285.3691261851,207.2674385463907,2611663.6374590285,694476.3869859932,1445047.1749130692,896886.0700806315,4056710.8123720973,25.126354507048088,3.010147530348234,712964.2321560025,453679.374592198,3324627.869615031,20.591997388917424,2.4669296959811637
2021-10-01,23447783.214029938,17.39864880646538,134767840.16306305,591981.8130495123,130.78575569462765,1798983.1073962736,858694.558008467,1691912.3742254935,1099556.805420971,3490895.481621767,14.887955290941944,2.59030305553457,747674.0198648779,525572.1916933322,2546657.1272611516,10.860971819874912,1.889662343909208
2021-11-01,31802466.317320652,23.59796393474963,134767840.16306308,640044.1490163788,74.5368614884181,1108509.217080256,490300.73676053033,764846.2373984274,501180.97814558324,1873355.4544786836,5.890598030311861,1.3900611987340656,287541.0718992377,210168.5990452342,1396050.2889794938,4.389754791499172,1.0358927525219188
2021-12-01,38079711.97454339,28.25578560023568,134767840.16306302,672093.1999394167,58.41101031084896,912184.0921199874,285322.4222503644,395120.7473743632,270641.6538604847,1307304.8394943506,3.4330743897650664,0.9700421390686164,148442.34821651393,119040.57935975741,1060626.440336501,2.7852795762886515,0.787002625443274
2022-01-01,40819004.48067503,30.28838662939606,134767840.16306296,685244.2011037164,71.79481310390135,1143132.8705829347,285322.4222503644,248469.0477197291,200611.12313325497,1391601.9183026638,3.4092010229242384,1.0325919867966185,246740.04282749465,197875.47502911472,1389872.9134104294,3.4049652388471108,1.0313090361385515
2022-02-01,39447545.76534171,29.27074123738419,134767840.16306305,678717.0871022095,107.8811557277979,1701346.014408035,261008.84883591675,381129.3909387756,307725.3918583162,2082475.4053468108,5.279100042711546,1.5452317131647348,380147.6593642849,304700.8767085756,2081493.67377232,5.276611341436363,1.5445032518543047
2022-03-01,34449886.55757545,25.56239420019838,134767840.16306305,653914.8648770945,185.884143272644,2824371.553755683,507991.6808625352,465496.6819092133,373304.9979631789,3289868.2356648957,9.549721535850637,2.441137464015378,511975.0166131456,399854.43369792704,3336346.570368828,9.684637320337336,2.4756251686841595
2022-04-01,27463037.245083068,20.37803470906266,134767840.163063,615994.2563946487,275.9562504342908,3949800.612255425,905714.8615622384,51117.97837676678,36902.42386436963,4000918.5906321923,14.56837623212454,2.968748765129173,367910.0336674271,258639.678789494,4317710.645922852,15.721897790805668,3.2038137887337337
2022-05-01,20454126.097255237,15.17730496571486,134767840.16306305,572706.4251755041,371.27758868209634,4940706.606756837,1049737.7145997104,608667.3540647153,480420.64100451383,5549373.960821552,27.13082893121613,4.117728646617071,896073.2463832801,634671.0720655562,5836779.853140118,28.53595321250788,4.330988643936028
2022-06-01,15522652.395495338,11.51806868516526,134767840.16306308,537567.9619757466,396.9223807520928,4957894.030895554,1677128.5749325727,1404337.8604091073,1022911.0204523725,6362231.8913046615,40.98675747677618,4.720882877997189,1761566.785114007,1267825.5124155313,6719460.8160095615,43.28809693605936,4.985952737596236
2022-07-01,14129131.844826559,10.48405304094133,134767840.16306302,526653.6121499336,390.33383076069606,4776607.274684642,1726996.833420078,2494078.3703872273,1777029.7399012987,7270685.645071869,51.4588279373588,5.394970815199431,2564973.8221166185,1840099.5603400061,7341581.096801261,51.96059586272041,5.447576430636773
2022-08-01,16868424.3509582,12.51665407010171,134767840.16306305,547652.1854203964,310.7226563168482,3953994.134524376,1489110.9107351003,1580388.2577232593,1156403.9324645654,5534382.392247636,32.8091247712372,4.106604651043811,1661094.1564824488,1173871.4034528055,5615088.291006825,33.28756838327857,4.166489782883527
2022-09-01,23167731.843516417,17.19084598779983,134767840.16306305,590232.9156732901,203.7457222828987,2794281.782125187,760213.0356354004,873776.9599723638,604498.0593681795,3668058.7420975505,15.832619122463091,2.7217611691775754,680893.7164626048,437388.5279707927,3475175.498587792,15.000067861888407,2.5786385642026954
2022-10-01,31500353.11147165,23.37379086387201,134767840.16306296,638425.1397768387,131.8914940862641,1956523.3844839628,926097.6810113267,1245528.9403429972,829935.3450643198,3202052.32482696,10.16513152565535,2.3759765838442024,831031.1966005977,582089.1226200829,2787554.581084561,8.849280423048345,2.0684122990408875
2022-11-01,37002898.89081631,27.45677221364122,134767840.16306308,666794.4708509685,71.93423721467428,1114514.9729541957,554324.6814873833,575991.3194769169,393738.4260660849,1690506.2924311128,4.568577984712103,1.2543840506649628,392883.6482298679,282849.26965485007,1507398.6211840636,4.073731157204503,1.118515084429771
2022-12-01,40739280.54694319,30.2292301320927,134767840.16306305,684867.8054179829,58.67446186582792,933714.5813665458,355516.97560863395,171164.58129050196,135402.64633965085,1104879.1626570476,2.71207333026884,0.8198388883580783,192680.3839720518,147853.4737106705,1126394.9653385978,2.7648867388334746,0.8358039751736841
2023-01-01,41307479.481809005,30.65084328117808,134767840.163063,687542.4261648942,72.04954538071699,1151036.3046929962,355516.97560863395,257840.38114220343,204200.43457334038,1408876.6858352,3.4107060113789838,1.0454101543294916,292201.55239938473,224231.90197160377,1443237.857092381,3.493889908552649,1.070906720287368
2023-02-01,38263485.82434918,28.39214888214583,134767840.16306305,672989.9858206847,106.91542944662524,1671888.3106964186,324410.38090145035,384247.23254896863,303663.44865020044,2056135.5432453873,5.373623178725014,1.5256870932691031,430127.96350511455,330020.08898630756,2102016.2742015333,5.493530526337732,1.5597313659239385
2023-03-01,32211038.137408562,23.90113108471179,134767840.16306305,642221.4813758596,186.5507521068128,2783813.3102537347,921198.4615665306,695449.8056915062,535814.9841547952,3479263.1159452405,10.801462222680025,2.581671644908376,822729.1852056275,610175.3601853021,3606542.495459362,11.19660434436875,2.67611508138411
2023-04-01,24232697.635469913,17.98106848499571,134767840.16306302,596828.6299811373,270.792266663729,3755296.049524157,905822.7182833652,554237.5660591796,391271.8578667261,4309533.615583336,17.78396149042598,3.1977462949387587,685218.4395370806,458122.0986424478,4440514.489061237,18.324474459506984,3.294936302079498
2023-05-01,16294289.30647634,12.09063622802071,134767840.163063,543401.1452670292,377.3992352556661,4765185.81051712,835173.9814362201,883204.3092091905,630945.5503074393,5648390.1197263105,34.66484492503332,4.191200298893276,822419.2357172184,561851.3916430778,5587605.046234339,34.29179966758958,4.146096753849871
2023-06-01,10122045.10070052,7.510727402363427,134767840.16306305,491839.9444109094,393.9514119852696,4502199.473372384,789195.8173702714,1090312.7974537818,840802.172544616,5592512.270826166,55.25081359733443,4.149737996883736,978450.2975823275,674100.9680456796,5480649.77095471,54.14567625840168,4.066734143934763
2023-07-01,7117983.616185755,5.281663346072264,134767840.16306302,460873.08785422775,393.9910017543151,4219159.335008321,815502.3446159472,1445770.5248933623,1135520.348794577,5664929.8599016825,79.58616042638904,4.203473063786859,1220936.7257511583,836394.1711734867,5440096.060759478,76.42748781254726,4.036642610119155
2023-08-01,7686182.551051588,5.703276495157636,134767840.16306305,467170.7355558156,317.6687091891853,3448326.2085940456,586676.0203526962,583804.9152509293,455329.89215652377,4032131.123844975,52.45947643142197,2.991908988796049,768049.6854267549,497773.0759342312,4216375.894020801,54.85656717122775,3.1286217015269924
2023-09-01,11382632.034233402,8.446104070868042,134767840.16306302,503435.2721315883,207.51060541562143,2427404.833443996,572816.6253103238,666108.1236713064,417726.07611480827,3093512.957115303,27.177483624275347,2.2954385507494157,505288.9573433621,319948.5777057645,2932693.7907873583,25.764636702365905,2.1761080293628883
2023-10-01,16925109.986523114,12.55871576337833,134767840.16306308,548067.9488377203,126.80898583193938,1614889.1219939801,690724.8338864166,1218214.5793319715,807538.9653306331,2833103.701325952,16.739056369984333,2.102210510978008,510218.57327511604,372671.75893341005,2125107.6952690966,12.555946147240675,1.5768655880348097
2023-11-01,24784223.183108803,18.39030970083145,134767840.16306305,600187.4706480503,75.76329128824399,1056584.006720208,478479.71700040554,573760.3359434443,388511.01907277247,1630344.342663652,6.578153894993896,1.2097428738866844,265062.13071138714,203215.3219578733,1321646.1374315955,5.332610700231013,0.9806836229121598
2023-12-01,30486725.476558037,22.62166214110909,134767840.163063,632935.6461712001,57.33352879482205,843192.0492907385,409962.85385467595,188583.78078960878,144608.12447010595,1031775.8300803473,3.3843445432462214,0.7655949882642217,171792.03374885692,138177.85413801056,1014984.0830395955,3.3292656629195574,0.7531352300456179
2024-01-01,32434884.767063722,24.06722904204666,134767840.16306302,643408.5355753823,70.56209545061029,1054912.8003369248,409962.85385467595,274621.32896136784,211119.9290720593,1329534.1292982928,4.099086951739009,0.9865366453076758,251520.41561041208,202328.75845037625,1306433.2159473368,4.027864520961596,0.9693953797631626
2024-02-01,30055925.47712111,22.30200130888408,134767840.163063,630574.9633797635,107.42999527359656,1574057.3610619707,387159.97043184337,412789.63034463546,315960.3206190822,1986846.9914066063,6.610500125570964,1.4742738245286195,379299.6595387002,304893.9557984515,1953357.020600671,6.4990746070607175,1.4494237039320337
2024-03-01,23943468.345498048,17.76645549600522,134767840.16306305,595051.9139582484,187.6498021904596,2594545.2062966195,685504.7888226453,826936.9766441449,626889.1384205437,3421482.1829407644,14.28983526350344,2.5387972225427995,745712.2470534074,580324.4275052148,3340257.453350027,13.95059982601926,2.4785271095154937
2024-04-01,15653555.149475427,11.61520072632709,134767840.16306302,538567.5660248114,275.686589170495,3449960.402965128,688514.9434675148,614740.9288284575,425945.198689373,4064701.3317935853,25.966633732592044,3.016076629910726,545375.5940235418,382716.14976616553,3995335.99698867,25.523505419933688,2.964606386920272
2024-05-01,7370590.340540514,5.469101776523561,134767840.16306305,463702.7754956081,377.5458223410729,4067875.3737763115,1032297.6624982946,1018300.2096389418,707967.4766396361,5086175.583415252,69.00635292996441,3.774027674006802,974786.7743637273,704295.0092516466,5042662.148140038,68.4159872568666,3.741739974491425
2024-06-01,6738392.008153152,5.0,134767840.16306305,456524.7584249853,390.150299693425,4138610.4965114766,2005503.3765808204,1806525.663908496,1275456.2814647746,5945136.160419973,88.22781686234082,4.41139084311704,2057281.787226036,1494453.4835619822,6195892.283737512,91.94912193058464,4.597456096529232
2024-07-01,6738392.008153152,5.0,134767840.16306305,456524.7584249853,380.3889613770671,4035064.8187359557,1997612.03127972,2264729.241301771,1610961.9801924154,6299794.0600377275,93.49105917873668,4.674552958936834,2812706.87669589,2036175.3308777045,6847771.695431845,101.62323128643078,5.08116156432154
2024-08-01,6738392.008153152,5.0,134767840.16306305,456524.7584249853,302.2177577767794,3205845.5050527304,1515266.905172457,1044739.5114942954,717182.9289376984,4250585.016547025,63.0801088954755,3.154005444773775,1705003.2211171272,1218814.9375635022,4910848.726169856,72.87864404783738,3.643932202391869
2024-09-01,6738392.008153152,5.0,134767840.16306305,456524.7584249853,208.69131607173875,2213741.9140879037,958963.6139309086,845813.2765466488,531891.9126529061,3059555.190634553,45.40482635816718,2.2702413179083587,905079.3804295344,612428.4784366013,3118821.294517438,46.28435524000094,2.314217762000047
2024-10-01,14382000.312427746,10.67168568927585,134767840.163063,528672.8227784222,132.2053285373056,1624030.6445208893,949279.8299982098,1179621.9774768895,785790.2032193368,2803652.621997779,19.49417717349854,2.080357315666322,823513.2071654666,573545.0456922208,2447543.851686356,17.018104564852422,1.816118629433356
2024-11-01,23485920.644361366,17.42694742005544,134767840.16306308,592219.1683621588,72.7241358127903,1000735.4949478392,565160.4235058321,411587.2415715226,283684.43642163486,1412322.7365193616,6.013486794516783,1.0479671817924177,308662.6174024216,222199.63360561006,1309398.1123502606,5.575247111569495,0.971595382671376
2024-12-01,30566584.25588144,22.68091869610528,134767840.16306302,633371.4169075026,57.53718242649869,846769.7326146344,362536.4404570768,149355.57965130592,119320.3619810638,996125.3122659404,3.258870222224035,0.7391417055142188,183127.27323117695,140105.5921649117,1029897.0058458112,3.369355886232676,0.7642008691388704
2025-01-01,34298466.121114716,25.45003769416732,134767840.16306305,653136.2126735516,69.42850613814817,1053658.4614360675,362536.4404570768,219064.72200307355,176870.5227265063,1272723.183439141,3.7107291589801767,0.9443819696889132,283800.7739595131,217138.74149155567,1337459.2353955805,3.899472444839794,0.9924172070853958
2025-02-01,34097742.88850889,25.30109768565866,134767840.163063,652101.3755436456,105.13226706699987,1592976.689301166,330750.54270004394,308833.4775994881,249352.26460440492,1901810.166900654,5.577525096365172,1.411175073073479,400521.0427118119,306393.56294974935,1993497.7320129778,5.846421384932186,1.4792087857169298
2025-03-01,30320421.22364034,22.49826159338458,134767840.16306308,632026.3269796304,185.34334475361692,2721889.184958708,955301.0922708944,698116.6675991406,544826.3088065082,3420005.852557848,11.27954597771658,2.537701760612765,1056003.8700728053,778510.0614840185,3777893.055031513,12.459896342356718,2.8032600733679724
2025-04-01,24747659.524334174,18.36317885215837,134767840.16306296,599965.9586946091,279.7993049619799,3900600.89267888,1114145.5634456289,407288.17304482503,293726.62239763845,4307889.065723706,17.407258498476565,3.196526011332788,842290.3923104416,584351.3547938392,4742891.284989323,19.165009443926103,3.519304961221191
2025-05-01,19117943.653534055,14.18583515948776,134767840.16306296,563648.6151708178,361.6968276914647,4737087.630850349,1171188.9914153586,743530.6633979096,545082.764658081,5480618.294248259,28.66740478772745,4.066710787690117,1118907.6624995905,804958.916645634,5855995.293349939,30.6308847827754,4.3452468231771375
2025-06-01,15511484.503147442,11.50978192154689,134767840.16306305,537482.4865449655,387.2542441542942,4836361.75866372,1061918.01795714,762708.3041397377,599162.4872621425,5599070.0628034575,36.09628763557317,4.154603988628766,1334808.1294518216,961925.4276832207,6171169.88811554,39.78452150639319,4.579111663916779
2025-07-01,15253807.099047652,11.31858096159383,134767840.163063,535501.6915264298,390.2395625575528,4855684.022857129,1097315.285222378,945705.4344684125,733086.0179995515,5801389.457325541,38.03240344954764,4.304728376077053,1682001.064085317,1201972.88207274,6537685.0869424455,42.85936648137248,4.851072094820351
2025-08-01,18985688.964280926,14.08769995965588,134767840.16306296,562735.0943484972,316.4422394918432,4137678.325469119,863120.9705746906,628276.5132552224,483836.14062140975,4765954.838724341,25.10288063651974,3.5364185053034536,1127803.7737983228,788537.8925814095,5265482.099267442,27.733953238008656,3.9070761191219248
2025-09-01,26123306.747295003,19.38393218715012,134767840.16306305,608190.310874686,211.74699010003897,2992368.108209064,858176.788405953,629303.0505139526,400599.73473067285,3621671.1587230167,13.863754668417048,2.68734080351882,720075.2204266214,499369.78224333207,3712443.328635686,14.211230471502615,2.754695277555681
2025-10-01,35170272.907734625,26.0969329664853,134767840.16306308,657596.1011193746,126.90038884424006,1939011.8229787375,673008.9028107409,1536269.4605650178,987533.4574643244,3475281.2835437553,9.88130314672501,2.578717058416029,448571.39136751735,318696.8276140768,2387583.2143462542,6.788639998926988,1.7716268298559852
2025-11-01,,,,,75.92024237104515,,248552.59265068537,1173607.0318521226,777366.296312335,1173607.0318521226,,0.870836121163707,141955.21081486822,102715.34936882317,141955.21081486822,,0.1053331496914314
2025-12-01,,,,,56.42453174681471,,11893.373165628846,718302.3723453113,485912.5751890735,718302.3723453113,,0.5329924197614191,35758.89660546648,25723.89877789971,35758.89660546648,,0.0265337016325258
