parcel_id,soil_code,month,year,tavg_c,tmin_c,tmax_c,precip_mm,rh_pct,wind_m_s,et0_mm,et0_mm_raw_input,et0_mm_fao56_sync,et0_mm_source_status
P1,SAZ-001,2024-01-01,2024,3.3,-7.0,14.9,50.8,71.8,2.3,38.933,78.8,38.933,cropwat_fao56_pm_from_advisor_or_excel_replicated_regional
P1,SAZ-001,2024-02-01,2024,5.3,-5.9,17.2,7.6,63.5,2.1,58.265,84.6,58.265,cropwat_fao56_pm_from_advisor_or_excel_replicated_regional
P1,SAZ-001,2024-03-01,2024,7.3,-2.9,25.1,47.4,59.6,2.3,118.586,121.9,118.586,cropwat_fao56_pm_from_advisor_or_excel_replicated_regional
P1,SAZ-001,2024-04-01,2024,15.5,3.3,30.3,37.4,47.3,2.5,182.968,239.3,182.968,cropwat_fao56_pm_from_advisor_or_excel_replicated_regional
P1,SAZ-001,2024-05-01,2024,15.1,2.5,29.5,48.6,57.7,2.4,189.987,223.7,189.987,cropwat_fao56_pm_from_advisor_or_excel_replicated_regional
P1,SAZ-001,2024-06-01,2024,23.9,10.7,35.7,10.2,37.2,2.5,247.459,424.2,247.459,cropwat_fao56_pm_from_advisor_or_excel_replicated_regional
P1,SAZ-001,2024-07-01,2024,24.0,13.3,34.4,30.0,45.1,2.5,226.398,424.5,226.398,cropwat_fao56_pm_from_advisor_or_excel_replicated_regional
P1,SAZ-001,2024-08-01,2024,24.1,12.7,36.7,7.8,40.2,2.3,227.594,396.0,227.594,cropwat_fao56_pm_from_advisor_or_excel_replicated_regional
P1,SAZ-001,2024-09-01,2024,20.0,6.8,31.8,12.2,48.4,2.0,156.472,274.8,156.472,cropwat_fao56_pm_from_advisor_or_excel_replicated_regional
P1,SAZ-001,2024-10-01,2024,12.8,-1.0,29.1,0.4,47.7,1.9,126.837,174.4,126.837,cropwat_fao56_pm_from_advisor_or_excel_replicated_regional
P1,SAZ-001,2024-11-01,2024,5.2,-12.1,20.6,22.4,64.0,2.0,63.252,87.9,63.252,cropwat_fao56_pm_from_advisor_or_excel_replicated_regional
P1,SAZ-001,2024-12-01,2024,3.4,-9.3,15.3,38.6,74.3,2.0,33.267,65.8,33.267,cropwat_fao56_pm_from_advisor_or_excel_replicated_regional
P2,SAZ-002,2024-01-01,2024,3.3,-7.0,14.9,50.8,71.8,2.3,38.933,78.8,38.933,cropwat_fao56_pm_from_advisor_or_excel_replicated_regional
P2,SAZ-002,2024-02-01,2024,5.3,-5.9,17.2,7.6,63.5,2.1,58.265,84.6,58.265,cropwat_fao56_pm_from_advisor_or_excel_replicated_regional
P2,SAZ-002,2024-03-01,2024,7.3,-2.9,25.1,47.4,59.6,2.3,118.586,121.9,118.586,cropwat_fao56_pm_from_advisor_or_excel_replicated_regional
P2,SAZ-002,2024-04-01,2024,15.5,3.3,30.3,37.4,47.3,2.5,182.968,239.3,182.968,cropwat_fao56_pm_from_advisor_or_excel_replicated_regional
P2,SAZ-002,2024-05-01,2024,15.1,2.5,29.5,48.6,57.7,2.4,189.987,223.7,189.987,cropwat_fao56_pm_from_advisor_or_excel_replicated_regional
P2,SAZ-002,2024-06-01,2024,23.9,10.7,35.7,10.2,37.2,2.5,247.459,424.2,247.459,cropwat_fao56_pm_from_advisor_or_excel_replicated_regional
P2,SAZ-002,2024-07-01,2024,24.0,13.3,34.4,30.0,45.1,2.5,226.398,424.5,226.398,cropwat_fao56_pm_from_advisor_or_excel_replicated_regional
P2,SAZ-002,2024-08-01,2024,24.1,12.7,36.7,7.8,40.2,2.3,227.594,396.0,227.594,cropwat_fao56_pm_from_advisor_or_excel_replicated_regional
P2,SAZ-002,2024-09-01,2024,20.0,6.8,31.8,12.2,48.4,2.0,156.472,274.8,156.472,cropwat_fao56_pm_from_advisor_or_excel_replicated_regional
P2,SAZ-002,2024-10-01,2024,12.8,-1.0,29.1,0.4,47.7,1.9,126.837,174.4,126.837,cropwat_fao56_pm_from_advisor_or_excel_replicated_regional
P2,SAZ-002,2024-11-01,2024,5.2,-12.1,20.6,22.4,64.0,2.0,63.252,87.9,63.252,cropwat_fao56_pm_from_advisor_or_excel_replicated_regional
P2,SAZ-002,2024-12-01,2024,3.4,-9.3,15.3,38.6,74.3,2.0,33.267,65.8,33.267,cropwat_fao56_pm_from_advisor_or_excel_replicated_regional
P3,SAZ-003,2024-01-01,2024,3.3,-7.0,14.9,50.8,71.8,2.3,38.933,78.8,38.933,cropwat_fao56_pm_from_advisor_or_excel_replicated_regional
P3,SAZ-003,2024-02-01,2024,5.3,-5.9,17.2,7.6,63.5,2.1,58.265,84.6,58.265,cropwat_fao56_pm_from_advisor_or_excel_replicated_regional
P3,SAZ-003,2024-03-01,2024,7.3,-2.9,25.1,47.4,59.6,2.3,118.586,121.9,118.586,cropwat_fao56_pm_from_advisor_or_excel_replicated_regional
P3,SAZ-003,2024-04-01,2024,15.5,3.3,30.3,37.4,47.3,2.5,182.968,239.3,182.968,cropwat_fao56_pm_from_advisor_or_excel_replicated_regional
P3,SAZ-003,2024-05-01,2024,15.1,2.5,29.5,48.6,57.7,2.4,189.987,223.7,189.987,cropwat_fao56_pm_from_advisor_or_excel_replicated_regional
P3,SAZ-003,2024-06-01,2024,23.9,10.7,35.7,10.2,37.2,2.5,247.459,424.2,247.459,cropwat_fao56_pm_from_advisor_or_excel_replicated_regional
P3,SAZ-003,2024-07-01,2024,24.0,13.3,34.4,30.0,45.1,2.5,226.398,424.5,226.398,cropwat_fao56_pm_from_advisor_or_excel_replicated_regional
P3,SAZ-003,2024-08-01,2024,24.1,12.7,36.7,7.8,40.2,2.3,227.594,396.0,227.594,cropwat_fao56_pm_from_advisor_or_excel_replicated_regional
P3,SAZ-003,2024-09-01,2024,20.0,6.8,31.8,12.2,48.4,2.0,156.472,274.8,156.472,cropwat_fao56_pm_from_advisor_or_excel_replicated_regional
P3,SAZ-003,2024-10-01,2024,12.8,-1.0,29.1,0.4,47.7,1.9,126.837,174.4,126.837,cropwat_fao56_pm_from_advisor_or_excel_replicated_regional
P3,SAZ-003,2024-11-01,2024,5.2,-12.1,20.6,22.4,64.0,2.0,63.252,87.9,63.252,cropwat_fao56_pm_from_advisor_or_excel_replicated_regional
P3,SAZ-003,2024-12-01,2024,3.4,-9.3,15.3,38.6,74.3,2.0,33.267,65.8,33.267,cropwat_fao56_pm_from_advisor_or_excel_replicated_regional
P4,SAZ-004,2024-01-01,2024,3.3,-7.0,14.9,50.8,71.8,2.3,38.933,78.8,38.933,cropwat_fao56_pm_from_advisor_or_excel_replicated_regional
P4,SAZ-004,2024-02-01,2024,5.3,-5.9,17.2,7.6,63.5,2.1,58.265,84.6,58.265,cropwat_fao56_pm_from_advisor_or_excel_replicated_regional
P4,SAZ-004,2024-03-01,2024,7.3,-2.9,25.1,47.4,59.6,2.3,118.586,121.9,118.586,cropwat_fao56_pm_from_advisor_or_excel_replicated_regional
P4,SAZ-004,2024-04-01,2024,15.5,3.3,30.3,37.4,47.3,2.5,182.968,239.3,182.968,cropwat_fao56_pm_from_advisor_or_excel_replicated_regional
P4,SAZ-004,2024-05-01,2024,15.1,2.5,29.5,48.6,57.7,2.4,189.987,223.7,189.987,cropwat_fao56_pm_from_advisor_or_excel_replicated_regional
P4,SAZ-004,2024-06-01,2024,23.9,10.7,35.7,10.2,37.2,2.5,247.459,424.2,247.459,cropwat_fao56_pm_from_advisor_or_excel_replicated_regional
P4,SAZ-004,2024-07-01,2024,24.0,13.3,34.4,30.0,45.1,2.5,226.398,424.5,226.398,cropwat_fao56_pm_from_advisor_or_excel_replicated_regional
P4,SAZ-004,2024-08-01,2024,24.1,12.7,36.7,7.8,40.2,2.3,227.594,396.0,227.594,cropwat_fao56_pm_from_advisor_or_excel_replicated_regional
P4,SAZ-004,2024-09-01,2024,20.0,6.8,31.8,12.2,48.4,2.0,156.472,274.8,156.472,cropwat_fao56_pm_from_advisor_or_excel_replicated_regional
P4,SAZ-004,2024-10-01,2024,12.8,-1.0,29.1,0.4,47.7,1.9,126.837,174.4,126.837,cropwat_fao56_pm_from_advisor_or_excel_replicated_regional
P4,SAZ-004,2024-11-01,2024,5.2,-12.1,20.6,22.4,64.0,2.0,63.252,87.9,63.252,cropwat_fao56_pm_from_advisor_or_excel_replicated_regional
P4,SAZ-004,2024-12-01,2024,3.4,-9.3,15.3,38.6,74.3,2.0,33.267,65.8,33.267,cropwat_fao56_pm_from_advisor_or_excel_replicated_regional
P5,SAZ-005,2024-01-01,2024,3.3,-7.0,14.9,50.8,71.8,2.3,38.933,78.8,38.933,cropwat_fao56_pm_from_advisor_or_excel_replicated_regional
P5,SAZ-005,2024-02-01,2024,5.3,-5.9,17.2,7.6,63.5,2.1,58.265,84.6,58.265,cropwat_fao56_pm_from_advisor_or_excel_replicated_regional
P5,SAZ-005,2024-03-01,2024,7.3,-2.9,25.1,47.4,59.6,2.3,118.586,121.9,118.586,cropwat_fao56_pm_from_advisor_or_excel_replicated_regional
P5,SAZ-005,2024-04-01,2024,15.5,3.3,30.3,37.4,47.3,2.5,182.968,239.3,182.968,cropwat_fao56_pm_from_advisor_or_excel_replicated_regional
P5,SAZ-005,2024-05-01,2024,15.1,2.5,29.5,48.6,57.7,2.4,189.987,223.7,189.987,cropwat_fao56_pm_from_advisor_or_excel_replicated_regional
P5,SAZ-005,2024-06-01,2024,23.9,10.7,35.7,10.2,37.2,2.5,247.459,424.2,247.459,cropwat_fao56_pm_from_advisor_or_excel_replicated_regional
P5,SAZ-005,2024-07-01,2024,24.0,13.3,34.4,30.0,45.1,2.5,226.398,424.5,226.398,cropwat_fao56_pm_from_advisor_or_excel_replicated_regional
P5,SAZ-005,2024-08-01,2024,24.1,12.7,36.7,7.8,40.2,2.3,227.594,396.0,227.594,cropwat_fao56_pm_from_advisor_or_excel_replicated_regional
P5,SAZ-005,2024-09-01,2024,20.0,6.8,31.8,12.2,48.4,2.0,156.472,274.8,156.472,cropwat_fao56_pm_from_advisor_or_excel_replicated_regional
P5,SAZ-005,2024-10-01,2024,12.8,-1.0,29.1,0.4,47.7,1.9,126.837,174.4,126.837,cropwat_fao56_pm_from_advisor_or_excel_replicated_regional
P5,SAZ-005,2024-11-01,2024,5.2,-12.1,20.6,22.4,64.0,2.0,63.252,87.9,63.252,cropwat_fao56_pm_from_advisor_or_excel_replicated_regional
P5,SAZ-005,2024-12-01,2024,3.4,-9.3,15.3,38.6,74.3,2.0,33.267,65.8,33.267,cropwat_fao56_pm_from_advisor_or_excel_replicated_regional
P6,SAZ-006,2024-01-01,2024,3.3,-7.0,14.9,50.8,71.8,2.3,38.933,78.8,38.933,cropwat_fao56_pm_from_advisor_or_excel_replicated_regional
P6,SAZ-006,2024-02-01,2024,5.3,-5.9,17.2,7.6,63.5,2.1,58.265,84.6,58.265,cropwat_fao56_pm_from_advisor_or_excel_replicated_regional
P6,SAZ-006,2024-03-01,2024,7.3,-2.9,25.1,47.4,59.6,2.3,118.586,121.9,118.586,cropwat_fao56_pm_from_advisor_or_excel_replicated_regional
P6,SAZ-006,2024-04-01,2024,15.5,3.3,30.3,37.4,47.3,2.5,182.968,239.3,182.968,cropwat_fao56_pm_from_advisor_or_excel_replicated_regional
P6,SAZ-006,2024-05-01,2024,15.1,2.5,29.5,48.6,57.7,2.4,189.987,223.7,189.987,cropwat_fao56_pm_from_advisor_or_excel_replicated_regional
P6,SAZ-006,2024-06-01,2024,23.9,10.7,35.7,10.2,37.2,2.5,247.459,424.2,247.459,cropwat_fao56_pm_from_advisor_or_excel_replicated_regional
P6,SAZ-006,2024-07-01,2024,24.0,13.3,34.4,30.0,45.1,2.5,226.398,424.5,226.398,cropwat_fao56_pm_from_advisor_or_excel_replicated_regional
P6,SAZ-006,2024-08-01,2024,24.1,12.7,36.7,7.8,40.2,2.3,227.594,396.0,227.594,cropwat_fao56_pm_from_advisor_or_excel_replicated_regional
P6,SAZ-006,2024-09-01,2024,20.0,6.8,31.8,12.2,48.4,2.0,156.472,274.8,156.472,cropwat_fao56_pm_from_advisor_or_excel_replicated_regional
P6,SAZ-006,2024-10-01,2024,12.8,-1.0,29.1,0.4,47.7,1.9,126.837,174.4,126.837,cropwat_fao56_pm_from_advisor_or_excel_replicated_regional
P6,SAZ-006,2024-11-01,2024,5.2,-12.1,20.6,22.4,64.0,2.0,63.252,87.9,63.252,cropwat_fao56_pm_from_advisor_or_excel_replicated_regional
P6,SAZ-006,2024-12-01,2024,3.4,-9.3,15.3,38.6,74.3,2.0,33.267,65.8,33.267,cropwat_fao56_pm_from_advisor_or_excel_replicated_regional
P7,SAZ-007,2024-01-01,2024,3.3,-7.0,14.9,50.8,71.8,2.3,38.933,78.8,38.933,cropwat_fao56_pm_from_advisor_or_excel_replicated_regional
P7,SAZ-007,2024-02-01,2024,5.3,-5.9,17.2,7.6,63.5,2.1,58.265,84.6,58.265,cropwat_fao56_pm_from_advisor_or_excel_replicated_regional
P7,SAZ-007,2024-03-01,2024,7.3,-2.9,25.1,47.4,59.6,2.3,118.586,121.9,118.586,cropwat_fao56_pm_from_advisor_or_excel_replicated_regional
P7,SAZ-007,2024-04-01,2024,15.5,3.3,30.3,37.4,47.3,2.5,182.968,239.3,182.968,cropwat_fao56_pm_from_advisor_or_excel_replicated_regional
P7,SAZ-007,2024-05-01,2024,15.1,2.5,29.5,48.6,57.7,2.4,189.987,223.7,189.987,cropwat_fao56_pm_from_advisor_or_excel_replicated_regional
P7,SAZ-007,2024-06-01,2024,23.9,10.7,35.7,10.2,37.2,2.5,247.459,424.2,247.459,cropwat_fao56_pm_from_advisor_or_excel_replicated_regional
P7,SAZ-007,2024-07-01,2024,24.0,13.3,34.4,30.0,45.1,2.5,226.398,424.5,226.398,cropwat_fao56_pm_from_advisor_or_excel_replicated_regional
P7,SAZ-007,2024-08-01,2024,24.1,12.7,36.7,7.8,40.2,2.3,227.594,396.0,227.594,cropwat_fao56_pm_from_advisor_or_excel_replicated_regional
P7,SAZ-007,2024-09-01,2024,20.0,6.8,31.8,12.2,48.4,2.0,156.472,274.8,156.472,cropwat_fao56_pm_from_advisor_or_excel_replicated_regional
P7,SAZ-007,2024-10-01,2024,12.8,-1.0,29.1,0.4,47.7,1.9,126.837,174.4,126.837,cropwat_fao56_pm_from_advisor_or_excel_replicated_regional
P7,SAZ-007,2024-11-01,2024,5.2,-12.1,20.6,22.4,64.0,2.0,63.252,87.9,63.252,cropwat_fao56_pm_from_advisor_or_excel_replicated_regional
P7,SAZ-007,2024-12-01,2024,3.4,-9.3,15.3,38.6,74.3,2.0,33.267,65.8,33.267,cropwat_fao56_pm_from_advisor_or_excel_replicated_regional
P8,SAZ-008,2024-01-01,2024,3.3,-7.0,14.9,50.8,71.8,2.3,38.933,78.8,38.933,cropwat_fao56_pm_from_advisor_or_excel_replicated_regional
P8,SAZ-008,2024-02-01,2024,5.3,-5.9,17.2,7.6,63.5,2.1,58.265,84.6,58.265,cropwat_fao56_pm_from_advisor_or_excel_replicated_regional
P8,SAZ-008,2024-03-01,2024,7.3,-2.9,25.1,47.4,59.6,2.3,118.586,121.9,118.586,cropwat_fao56_pm_from_advisor_or_excel_replicated_regional
P8,SAZ-008,2024-04-01,2024,15.5,3.3,30.3,37.4,47.3,2.5,182.968,239.3,182.968,cropwat_fao56_pm_from_advisor_or_excel_replicated_regional
P8,SAZ-008,2024-05-01,2024,15.1,2.5,29.5,48.6,57.7,2.4,189.987,223.7,189.987,cropwat_fao56_pm_from_advisor_or_excel_replicated_regional
P8,SAZ-008,2024-06-01,2024,23.9,10.7,35.7,10.2,37.2,2.5,247.459,424.2,247.459,cropwat_fao56_pm_from_advisor_or_excel_replicated_regional
P8,SAZ-008,2024-07-01,2024,24.0,13.3,34.4,30.0,45.1,2.5,226.398,424.5,226.398,cropwat_fao56_pm_from_advisor_or_excel_replicated_regional
P8,SAZ-008,2024-08-01,2024,24.1,12.7,36.7,7.8,40.2,2.3,227.594,396.0,227.594,cropwat_fao56_pm_from_advisor_or_excel_replicated_regional
P8,SAZ-008,2024-09-01,2024,20.0,6.8,31.8,12.2,48.4,2.0,156.472,274.8,156.472,cropwat_fao56_pm_from_advisor_or_excel_replicated_regional
P8,SAZ-008,2024-10-01,2024,12.8,-1.0,29.1,0.4,47.7,1.9,126.837,174.4,126.837,cropwat_fao56_pm_from_advisor_or_excel_replicated_regional
P8,SAZ-008,2024-11-01,2024,5.2,-12.1,20.6,22.4,64.0,2.0,63.252,87.9,63.252,cropwat_fao56_pm_from_advisor_or_excel_replicated_regional
P8,SAZ-008,2024-12-01,2024,3.4,-9.3,15.3,38.6,74.3,2.0,33.267,65.8,33.267,cropwat_fao56_pm_from_advisor_or_excel_replicated_regional
P9,SAZ-009,2024-01-01,2024,3.3,-7.0,14.9,50.8,71.8,2.3,38.933,78.8,38.933,cropwat_fao56_pm_from_advisor_or_excel_replicated_regional
P9,SAZ-009,2024-02-01,2024,5.3,-5.9,17.2,7.6,63.5,2.1,58.265,84.6,58.265,cropwat_fao56_pm_from_advisor_or_excel_replicated_regional
P9,SAZ-009,2024-03-01,2024,7.3,-2.9,25.1,47.4,59.6,2.3,118.586,121.9,118.586,cropwat_fao56_pm_from_advisor_or_excel_replicated_regional
P9,SAZ-009,2024-04-01,2024,15.5,3.3,30.3,37.4,47.3,2.5,182.968,239.3,182.968,cropwat_fao56_pm_from_advisor_or_excel_replicated_regional
P9,SAZ-009,2024-05-01,2024,15.1,2.5,29.5,48.6,57.7,2.4,189.987,223.7,189.987,cropwat_fao56_pm_from_advisor_or_excel_replicated_regional
P9,SAZ-009,2024-06-01,2024,23.9,10.7,35.7,10.2,37.2,2.5,247.459,424.2,247.459,cropwat_fao56_pm_from_advisor_or_excel_replicated_regional
P9,SAZ-009,2024-07-01,2024,24.0,13.3,34.4,30.0,45.1,2.5,226.398,424.5,226.398,cropwat_fao56_pm_from_advisor_or_excel_replicated_regional
P9,SAZ-009,2024-08-01,2024,24.1,12.7,36.7,7.8,40.2,2.3,227.594,396.0,227.594,cropwat_fao56_pm_from_advisor_or_excel_replicated_regional
P9,SAZ-009,2024-09-01,2024,20.0,6.8,31.8,12.2,48.4,2.0,156.472,274.8,156.472,cropwat_fao56_pm_from_advisor_or_excel_replicated_regional
P9,SAZ-009,2024-10-01,2024,12.8,-1.0,29.1,0.4,47.7,1.9,126.837,174.4,126.837,cropwat_fao56_pm_from_advisor_or_excel_replicated_regional
P9,SAZ-009,2024-11-01,2024,5.2,-12.1,20.6,22.4,64.0,2.0,63.252,87.9,63.252,cropwat_fao56_pm_from_advisor_or_excel_replicated_regional
P9,SAZ-009,2024-12-01,2024,3.4,-9.3,15.3,38.6,74.3,2.0,33.267,65.8,33.267,cropwat_fao56_pm_from_advisor_or_excel_replicated_regional
P10,SAZ-010,2024-01-01,2024,3.3,-7.0,14.9,50.8,71.8,2.3,38.933,78.8,38.933,cropwat_fao56_pm_from_advisor_or_excel_replicated_regional
P10,SAZ-010,2024-02-01,2024,5.3,-5.9,17.2,7.6,63.5,2.1,58.265,84.6,58.265,cropwat_fao56_pm_from_advisor_or_excel_replicated_regional
P10,SAZ-010,2024-03-01,2024,7.3,-2.9,25.1,47.4,59.6,2.3,118.586,121.9,118.586,cropwat_fao56_pm_from_advisor_or_excel_replicated_regional
P10,SAZ-010,2024-04-01,2024,15.5,3.3,30.3,37.4,47.3,2.5,182.968,239.3,182.968,cropwat_fao56_pm_from_advisor_or_excel_replicated_regional
P10,SAZ-010,2024-05-01,2024,15.1,2.5,29.5,48.6,57.7,2.4,189.987,223.7,189.987,cropwat_fao56_pm_from_advisor_or_excel_replicated_regional
P10,SAZ-010,2024-06-01,2024,23.9,10.7,35.7,10.2,37.2,2.5,247.459,424.2,247.459,cropwat_fao56_pm_from_advisor_or_excel_replicated_regional
P10,SAZ-010,2024-07-01,2024,24.0,13.3,34.4,30.0,45.1,2.5,226.398,424.5,226.398,cropwat_fao56_pm_from_advisor_or_excel_replicated_regional
P10,SAZ-010,2024-08-01,2024,24.1,12.7,36.7,7.8,40.2,2.3,227.594,396.0,227.594,cropwat_fao56_pm_from_advisor_or_excel_replicated_regional
P10,SAZ-010,2024-09-01,2024,20.0,6.8,31.8,12.2,48.4,2.0,156.472,274.8,156.472,cropwat_fao56_pm_from_advisor_or_excel_replicated_regional
P10,SAZ-010,2024-10-01,2024,12.8,-1.0,29.1,0.4,47.7,1.9,126.837,174.4,126.837,cropwat_fao56_pm_from_advisor_or_excel_replicated_regional
P10,SAZ-010,2024-11-01,2024,5.2,-12.1,20.6,22.4,64.0,2.0,63.252,87.9,63.252,cropwat_fao56_pm_from_advisor_or_excel_replicated_regional
P10,SAZ-010,2024-12-01,2024,3.4,-9.3,15.3,38.6,74.3,2.0,33.267,65.8,33.267,cropwat_fao56_pm_from_advisor_or_excel_replicated_regional
P11,SAZ-011,2024-01-01,2024,3.3,-7.0,14.9,50.8,71.8,2.3,38.933,78.8,38.933,cropwat_fao56_pm_from_advisor_or_excel_replicated_regional
P11,SAZ-011,2024-02-01,2024,5.3,-5.9,17.2,7.6,63.5,2.1,58.265,84.6,58.265,cropwat_fao56_pm_from_advisor_or_excel_replicated_regional
P11,SAZ-011,2024-03-01,2024,7.3,-2.9,25.1,47.4,59.6,2.3,118.586,121.9,118.586,cropwat_fao56_pm_from_advisor_or_excel_replicated_regional
P11,SAZ-011,2024-04-01,2024,15.5,3.3,30.3,37.4,47.3,2.5,182.968,239.3,182.968,cropwat_fao56_pm_from_advisor_or_excel_replicated_regional
P11,SAZ-011,2024-05-01,2024,15.1,2.5,29.5,48.6,57.7,2.4,189.987,223.7,189.987,cropwat_fao56_pm_from_advisor_or_excel_replicated_regional
P11,SAZ-011,2024-06-01,2024,23.9,10.7,35.7,10.2,37.2,2.5,247.459,424.2,247.459,cropwat_fao56_pm_from_advisor_or_excel_replicated_regional
P11,SAZ-011,2024-07-01,2024,24.0,13.3,34.4,30.0,45.1,2.5,226.398,424.5,226.398,cropwat_fao56_pm_from_advisor_or_excel_replicated_regional
P11,SAZ-011,2024-08-01,2024,24.1,12.7,36.7,7.8,40.2,2.3,227.594,396.0,227.594,cropwat_fao56_pm_from_advisor_or_excel_replicated_regional
P11,SAZ-011,2024-09-01,2024,20.0,6.8,31.8,12.2,48.4,2.0,156.472,274.8,156.472,cropwat_fao56_pm_from_advisor_or_excel_replicated_regional
P11,SAZ-011,2024-10-01,2024,12.8,-1.0,29.1,0.4,47.7,1.9,126.837,174.4,126.837,cropwat_fao56_pm_from_advisor_or_excel_replicated_regional
P11,SAZ-011,2024-11-01,2024,5.2,-12.1,20.6,22.4,64.0,2.0,63.252,87.9,63.252,cropwat_fao56_pm_from_advisor_or_excel_replicated_regional
P11,SAZ-011,2024-12-01,2024,3.4,-9.3,15.3,38.6,74.3,2.0,33.267,65.8,33.267,cropwat_fao56_pm_from_advisor_or_excel_replicated_regional
P12,SAZ-012,2024-01-01,2024,3.3,-7.0,14.9,50.8,71.8,2.3,38.933,78.8,38.933,cropwat_fao56_pm_from_advisor_or_excel_replicated_regional
P12,SAZ-012,2024-02-01,2024,5.3,-5.9,17.2,7.6,63.5,2.1,58.265,84.6,58.265,cropwat_fao56_pm_from_advisor_or_excel_replicated_regional
P12,SAZ-012,2024-03-01,2024,7.3,-2.9,25.1,47.4,59.6,2.3,118.586,121.9,118.586,cropwat_fao56_pm_from_advisor_or_excel_replicated_regional
P12,SAZ-012,2024-04-01,2024,15.5,3.3,30.3,37.4,47.3,2.5,182.968,239.3,182.968,cropwat_fao56_pm_from_advisor_or_excel_replicated_regional
P12,SAZ-012,2024-05-01,2024,15.1,2.5,29.5,48.6,57.7,2.4,189.987,223.7,189.987,cropwat_fao56_pm_from_advisor_or_excel_replicated_regional
P12,SAZ-012,2024-06-01,2024,23.9,10.7,35.7,10.2,37.2,2.5,247.459,424.2,247.459,cropwat_fao56_pm_from_advisor_or_excel_replicated_regional
P12,SAZ-012,2024-07-01,2024,24.0,13.3,34.4,30.0,45.1,2.5,226.398,424.5,226.398,cropwat_fao56_pm_from_advisor_or_excel_replicated_regional
P12,SAZ-012,2024-08-01,2024,24.1,12.7,36.7,7.8,40.2,2.3,227.594,396.0,227.594,cropwat_fao56_pm_from_advisor_or_excel_replicated_regional
P12,SAZ-012,2024-09-01,2024,20.0,6.8,31.8,12.2,48.4,2.0,156.472,274.8,156.472,cropwat_fao56_pm_from_advisor_or_excel_replicated_regional
P12,SAZ-012,2024-10-01,2024,12.8,-1.0,29.1,0.4,47.7,1.9,126.837,174.4,126.837,cropwat_fao56_pm_from_advisor_or_excel_replicated_regional
P12,SAZ-012,2024-11-01,2024,5.2,-12.1,20.6,22.4,64.0,2.0,63.252,87.9,63.252,cropwat_fao56_pm_from_advisor_or_excel_replicated_regional
P12,SAZ-012,2024-12-01,2024,3.4,-9.3,15.3,38.6,74.3,2.0,33.267,65.8,33.267,cropwat_fao56_pm_from_advisor_or_excel_replicated_regional
P13,SAZ-013,2024-01-01,2024,3.3,-7.0,14.9,50.8,71.8,2.3,38.933,78.8,38.933,cropwat_fao56_pm_from_advisor_or_excel_replicated_regional
P13,SAZ-013,2024-02-01,2024,5.3,-5.9,17.2,7.6,63.5,2.1,58.265,84.6,58.265,cropwat_fao56_pm_from_advisor_or_excel_replicated_regional
P13,SAZ-013,2024-03-01,2024,7.3,-2.9,25.1,47.4,59.6,2.3,118.586,121.9,118.586,cropwat_fao56_pm_from_advisor_or_excel_replicated_regional
P13,SAZ-013,2024-04-01,2024,15.5,3.3,30.3,37.4,47.3,2.5,182.968,239.3,182.968,cropwat_fao56_pm_from_advisor_or_excel_replicated_regional
P13,SAZ-013,2024-05-01,2024,15.1,2.5,29.5,48.6,57.7,2.4,189.987,223.7,189.987,cropwat_fao56_pm_from_advisor_or_excel_replicated_regional
P13,SAZ-013,2024-06-01,2024,23.9,10.7,35.7,10.2,37.2,2.5,247.459,424.2,247.459,cropwat_fao56_pm_from_advisor_or_excel_replicated_regional
P13,SAZ-013,2024-07-01,2024,24.0,13.3,34.4,30.0,45.1,2.5,226.398,424.5,226.398,cropwat_fao56_pm_from_advisor_or_excel_replicated_regional
P13,SAZ-013,2024-08-01,2024,24.1,12.7,36.7,7.8,40.2,2.3,227.594,396.0,227.594,cropwat_fao56_pm_from_advisor_or_excel_replicated_regional
P13,SAZ-013,2024-09-01,2024,20.0,6.8,31.8,12.2,48.4,2.0,156.472,274.8,156.472,cropwat_fao56_pm_from_advisor_or_excel_replicated_regional
P13,SAZ-013,2024-10-01,2024,12.8,-1.0,29.1,0.4,47.7,1.9,126.837,174.4,126.837,cropwat_fao56_pm_from_advisor_or_excel_replicated_regional
P13,SAZ-013,2024-11-01,2024,5.2,-12.1,20.6,22.4,64.0,2.0,63.252,87.9,63.252,cropwat_fao56_pm_from_advisor_or_excel_replicated_regional
P13,SAZ-013,2024-12-01,2024,3.4,-9.3,15.3,38.6,74.3,2.0,33.267,65.8,33.267,cropwat_fao56_pm_from_advisor_or_excel_replicated_regional
P14,SAZ-014,2024-01-01,2024,3.3,-7.0,14.9,50.8,71.8,2.3,38.933,78.8,38.933,cropwat_fao56_pm_from_advisor_or_excel_replicated_regional
P14,SAZ-014,2024-02-01,2024,5.3,-5.9,17.2,7.6,63.5,2.1,58.265,84.6,58.265,cropwat_fao56_pm_from_advisor_or_excel_replicated_regional
P14,SAZ-014,2024-03-01,2024,7.3,-2.9,25.1,47.4,59.6,2.3,118.586,121.9,118.586,cropwat_fao56_pm_from_advisor_or_excel_replicated_regional
P14,SAZ-014,2024-04-01,2024,15.5,3.3,30.3,37.4,47.3,2.5,182.968,239.3,182.968,cropwat_fao56_pm_from_advisor_or_excel_replicated_regional
P14,SAZ-014,2024-05-01,2024,15.1,2.5,29.5,48.6,57.7,2.4,189.987,223.7,189.987,cropwat_fao56_pm_from_advisor_or_excel_replicated_regional
P14,SAZ-014,2024-06-01,2024,23.9,10.7,35.7,10.2,37.2,2.5,247.459,424.2,247.459,cropwat_fao56_pm_from_advisor_or_excel_replicated_regional
P14,SAZ-014,2024-07-01,2024,24.0,13.3,34.4,30.0,45.1,2.5,226.398,424.5,226.398,cropwat_fao56_pm_from_advisor_or_excel_replicated_regional
P14,SAZ-014,2024-08-01,2024,24.1,12.7,36.7,7.8,40.2,2.3,227.594,396.0,227.594,cropwat_fao56_pm_from_advisor_or_excel_replicated_regional
P14,SAZ-014,2024-09-01,2024,20.0,6.8,31.8,12.2,48.4,2.0,156.472,274.8,156.472,cropwat_fao56_pm_from_advisor_or_excel_replicated_regional
P14,SAZ-014,2024-10-01,2024,12.8,-1.0,29.1,0.4,47.7,1.9,126.837,174.4,126.837,cropwat_fao56_pm_from_advisor_or_excel_replicated_regional
P14,SAZ-014,2024-11-01,2024,5.2,-12.1,20.6,22.4,64.0,2.0,63.252,87.9,63.252,cropwat_fao56_pm_from_advisor_or_excel_replicated_regional
P14,SAZ-014,2024-12-01,2024,3.4,-9.3,15.3,38.6,74.3,2.0,33.267,65.8,33.267,cropwat_fao56_pm_from_advisor_or_excel_replicated_regional
P15,SAZ-015,2024-01-01,2024,3.3,-7.0,14.9,50.8,71.8,2.3,38.933,78.8,38.933,cropwat_fao56_pm_from_advisor_or_excel_replicated_regional
P15,SAZ-015,2024-02-01,2024,5.3,-5.9,17.2,7.6,63.5,2.1,58.265,84.6,58.265,cropwat_fao56_pm_from_advisor_or_excel_replicated_regional
P15,SAZ-015,2024-03-01,2024,7.3,-2.9,25.1,47.4,59.6,2.3,118.586,121.9,118.586,cropwat_fao56_pm_from_advisor_or_excel_replicated_regional
P15,SAZ-015,2024-04-01,2024,15.5,3.3,30.3,37.4,47.3,2.5,182.968,239.3,182.968,cropwat_fao56_pm_from_advisor_or_excel_replicated_regional
P15,SAZ-015,2024-05-01,2024,15.1,2.5,29.5,48.6,57.7,2.4,189.987,223.7,189.987,cropwat_fao56_pm_from_advisor_or_excel_replicated_regional
P15,SAZ-015,2024-06-01,2024,23.9,10.7,35.7,10.2,37.2,2.5,247.459,424.2,247.459,cropwat_fao56_pm_from_advisor_or_excel_replicated_regional
P15,SAZ-015,2024-07-01,2024,24.0,13.3,34.4,30.0,45.1,2.5,226.398,424.5,226.398,cropwat_fao56_pm_from_advisor_or_excel_replicated_regional
P15,SAZ-015,2024-08-01,2024,24.1,12.7,36.7,7.8,40.2,2.3,227.594,396.0,227.594,cropwat_fao56_pm_from_advisor_or_excel_replicated_regional
P15,SAZ-015,2024-09-01,2024,20.0,6.8,31.8,12.2,48.4,2.0,156.472,274.8,156.472,cropwat_fao56_pm_from_advisor_or_excel_replicated_regional
P15,SAZ-015,2024-10-01,2024,12.8,-1.0,29.1,0.4,47.7,1.9,126.837,174.4,126.837,cropwat_fao56_pm_from_advisor_or_excel_replicated_regional
P15,SAZ-015,2024-11-01,2024,5.2,-12.1,20.6,22.4,64.0,2.0,63.252,87.9,63.252,cropwat_fao56_pm_from_advisor_or_excel_replicated_regional
P15,SAZ-015,2024-12-01,2024,3.4,-9.3,15.3,38.6,74.3,2.0,33.267,65.8,33.267,cropwat_fao56_pm_from_advisor_or_excel_replicated_regional
P16,SAZ-016,2024-01-01,2024,3.3,-7.0,14.9,50.8,71.8,2.3,38.933,78.8,38.933,cropwat_fao56_pm_from_advisor_or_excel_replicated_regional
P16,SAZ-016,2024-02-01,2024,5.3,-5.9,17.2,7.6,63.5,2.1,58.265,84.6,58.265,cropwat_fao56_pm_from_advisor_or_excel_replicated_regional
P16,SAZ-016,2024-03-01,2024,7.3,-2.9,25.1,47.4,59.6,2.3,118.586,121.9,118.586,cropwat_fao56_pm_from_advisor_or_excel_replicated_regional
P16,SAZ-016,2024-04-01,2024,15.5,3.3,30.3,37.4,47.3,2.5,182.968,239.3,182.968,cropwat_fao56_pm_from_advisor_or_excel_replicated_regional
P16,SAZ-016,2024-05-01,2024,15.1,2.5,29.5,48.6,57.7,2.4,189.987,223.7,189.987,cropwat_fao56_pm_from_advisor_or_excel_replicated_regional
P16,SAZ-016,2024-06-01,2024,23.9,10.7,35.7,10.2,37.2,2.5,247.459,424.2,247.459,cropwat_fao56_pm_from_advisor_or_excel_replicated_regional
P16,SAZ-016,2024-07-01,2024,24.0,13.3,34.4,30.0,45.1,2.5,226.398,424.5,226.398,cropwat_fao56_pm_from_advisor_or_excel_replicated_regional
P16,SAZ-016,2024-08-01,2024,24.1,12.7,36.7,7.8,40.2,2.3,227.594,396.0,227.594,cropwat_fao56_pm_from_advisor_or_excel_replicated_regional
P16,SAZ-016,2024-09-01,2024,20.0,6.8,31.8,12.2,48.4,2.0,156.472,274.8,156.472,cropwat_fao56_pm_from_advisor_or_excel_replicated_regional
P16,SAZ-016,2024-10-01,2024,12.8,-1.0,29.1,0.4,47.7,1.9,126.837,174.4,126.837,cropwat_fao56_pm_from_advisor_or_excel_replicated_regional
P16,SAZ-016,2024-11-01,2024,5.2,-12.1,20.6,22.4,64.0,2.0,63.252,87.9,63.252,cropwat_fao56_pm_from_advisor_or_excel_replicated_regional
P16,SAZ-016,2024-12-01,2024,3.4,-9.3,15.3,38.6,74.3,2.0,33.267,65.8,33.267,cropwat_fao56_pm_from_advisor_or_excel_replicated_regional
P17,SAZ-017,2024-01-01,2024,3.3,-7.0,14.9,50.8,71.8,2.3,38.933,78.8,38.933,cropwat_fao56_pm_from_advisor_or_excel_replicated_regional
P17,SAZ-017,2024-02-01,2024,5.3,-5.9,17.2,7.6,63.5,2.1,58.265,84.6,58.265,cropwat_fao56_pm_from_advisor_or_excel_replicated_regional
P17,SAZ-017,2024-03-01,2024,7.3,-2.9,25.1,47.4,59.6,2.3,118.586,121.9,118.586,cropwat_fao56_pm_from_advisor_or_excel_replicated_regional
P17,SAZ-017,2024-04-01,2024,15.5,3.3,30.3,37.4,47.3,2.5,182.968,239.3,182.968,cropwat_fao56_pm_from_advisor_or_excel_replicated_regional
P17,SAZ-017,2024-05-01,2024,15.1,2.5,29.5,48.6,57.7,2.4,189.987,223.7,189.987,cropwat_fao56_pm_from_advisor_or_excel_replicated_regional
P17,SAZ-017,2024-06-01,2024,23.9,10.7,35.7,10.2,37.2,2.5,247.459,424.2,247.459,cropwat_fao56_pm_from_advisor_or_excel_replicated_regional
P17,SAZ-017,2024-07-01,2024,24.0,13.3,34.4,30.0,45.1,2.5,226.398,424.5,226.398,cropwat_fao56_pm_from_advisor_or_excel_replicated_regional
P17,SAZ-017,2024-08-01,2024,24.1,12.7,36.7,7.8,40.2,2.3,227.594,396.0,227.594,cropwat_fao56_pm_from_advisor_or_excel_replicated_regional
P17,SAZ-017,2024-09-01,2024,20.0,6.8,31.8,12.2,48.4,2.0,156.472,274.8,156.472,cropwat_fao56_pm_from_advisor_or_excel_replicated_regional
P17,SAZ-017,2024-10-01,2024,12.8,-1.0,29.1,0.4,47.7,1.9,126.837,174.4,126.837,cropwat_fao56_pm_from_advisor_or_excel_replicated_regional
P17,SAZ-017,2024-11-01,2024,5.2,-12.1,20.6,22.4,64.0,2.0,63.252,87.9,63.252,cropwat_fao56_pm_from_advisor_or_excel_replicated_regional
P17,SAZ-017,2024-12-01,2024,3.4,-9.3,15.3,38.6,74.3,2.0,33.267,65.8,33.267,cropwat_fao56_pm_from_advisor_or_excel_replicated_regional
P18,SAZ-018,2024-01-01,2024,3.3,-7.0,14.9,50.8,71.8,2.3,38.933,78.8,38.933,cropwat_fao56_pm_from_advisor_or_excel_replicated_regional
P18,SAZ-018,2024-02-01,2024,5.3,-5.9,17.2,7.6,63.5,2.1,58.265,84.6,58.265,cropwat_fao56_pm_from_advisor_or_excel_replicated_regional
P18,SAZ-018,2024-03-01,2024,7.3,-2.9,25.1,47.4,59.6,2.3,118.586,121.9,118.586,cropwat_fao56_pm_from_advisor_or_excel_replicated_regional
P18,SAZ-018,2024-04-01,2024,15.5,3.3,30.3,37.4,47.3,2.5,182.968,239.3,182.968,cropwat_fao56_pm_from_advisor_or_excel_replicated_regional
P18,SAZ-018,2024-05-01,2024,15.1,2.5,29.5,48.6,57.7,2.4,189.987,223.7,189.987,cropwat_fao56_pm_from_advisor_or_excel_replicated_regional
P18,SAZ-018,2024-06-01,2024,23.9,10.7,35.7,10.2,37.2,2.5,247.459,424.2,247.459,cropwat_fao56_pm_from_advisor_or_excel_replicated_regional
P18,SAZ-018,2024-07-01,2024,24.0,13.3,34.4,30.0,45.1,2.5,226.398,424.5,226.398,cropwat_fao56_pm_from_advisor_or_excel_replicated_regional
P18,SAZ-018,2024-08-01,2024,24.1,12.7,36.7,7.8,40.2,2.3,227.594,396.0,227.594,cropwat_fao56_pm_from_advisor_or_excel_replicated_regional
P18,SAZ-018,2024-09-01,2024,20.0,6.8,31.8,12.2,48.4,2.0,156.472,274.8,156.472,cropwat_fao56_pm_from_advisor_or_excel_replicated_regional
P18,SAZ-018,2024-10-01,2024,12.8,-1.0,29.1,0.4,47.7,1.9,126.837,174.4,126.837,cropwat_fao56_pm_from_advisor_or_excel_replicated_regional
P18,SAZ-018,2024-11-01,2024,5.2,-12.1,20.6,22.4,64.0,2.0,63.252,87.9,63.252,cropwat_fao56_pm_from_advisor_or_excel_replicated_regional
P18,SAZ-018,2024-12-01,2024,3.4,-9.3,15.3,38.6,74.3,2.0,33.267,65.8,33.267,cropwat_fao56_pm_from_advisor_or_excel_replicated_regional
P19,SAZ-019,2024-01-01,2024,3.3,-7.0,14.9,50.8,71.8,2.3,38.933,78.8,38.933,cropwat_fao56_pm_from_advisor_or_excel_replicated_regional
P19,SAZ-019,2024-02-01,2024,5.3,-5.9,17.2,7.6,63.5,2.1,58.265,84.6,58.265,cropwat_fao56_pm_from_advisor_or_excel_replicated_regional
P19,SAZ-019,2024-03-01,2024,7.3,-2.9,25.1,47.4,59.6,2.3,118.586,121.9,118.586,cropwat_fao56_pm_from_advisor_or_excel_replicated_regional
P19,SAZ-019,2024-04-01,2024,15.5,3.3,30.3,37.4,47.3,2.5,182.968,239.3,182.968,cropwat_fao56_pm_from_advisor_or_excel_replicated_regional
P19,SAZ-019,2024-05-01,2024,15.1,2.5,29.5,48.6,57.7,2.4,189.987,223.7,189.987,cropwat_fao56_pm_from_advisor_or_excel_replicated_regional
P19,SAZ-019,2024-06-01,2024,23.9,10.7,35.7,10.2,37.2,2.5,247.459,424.2,247.459,cropwat_fao56_pm_from_advisor_or_excel_replicated_regional
P19,SAZ-019,2024-07-01,2024,24.0,13.3,34.4,30.0,45.1,2.5,226.398,424.5,226.398,cropwat_fao56_pm_from_advisor_or_excel_replicated_regional
P19,SAZ-019,2024-08-01,2024,24.1,12.7,36.7,7.8,40.2,2.3,227.594,396.0,227.594,cropwat_fao56_pm_from_advisor_or_excel_replicated_regional
P19,SAZ-019,2024-09-01,2024,20.0,6.8,31.8,12.2,48.4,2.0,156.472,274.8,156.472,cropwat_fao56_pm_from_advisor_or_excel_replicated_regional
P19,SAZ-019,2024-10-01,2024,12.8,-1.0,29.1,0.4,47.7,1.9,126.837,174.4,126.837,cropwat_fao56_pm_from_advisor_or_excel_replicated_regional
P19,SAZ-019,2024-11-01,2024,5.2,-12.1,20.6,22.4,64.0,2.0,63.252,87.9,63.252,cropwat_fao56_pm_from_advisor_or_excel_replicated_regional
P19,SAZ-019,2024-12-01,2024,3.4,-9.3,15.3,38.6,74.3,2.0,33.267,65.8,33.267,cropwat_fao56_pm_from_advisor_or_excel_replicated_regional
P20,SAZ-020,2024-01-01,2024,3.3,-7.0,14.9,50.8,71.8,2.3,38.933,78.8,38.933,cropwat_fao56_pm_from_advisor_or_excel_replicated_regional
P20,SAZ-020,2024-02-01,2024,5.3,-5.9,17.2,7.6,63.5,2.1,58.265,84.6,58.265,cropwat_fao56_pm_from_advisor_or_excel_replicated_regional
P20,SAZ-020,2024-03-01,2024,7.3,-2.9,25.1,47.4,59.6,2.3,118.586,121.9,118.586,cropwat_fao56_pm_from_advisor_or_excel_replicated_regional
P20,SAZ-020,2024-04-01,2024,15.5,3.3,30.3,37.4,47.3,2.5,182.968,239.3,182.968,cropwat_fao56_pm_from_advisor_or_excel_replicated_regional
P20,SAZ-020,2024-05-01,2024,15.1,2.5,29.5,48.6,57.7,2.4,189.987,223.7,189.987,cropwat_fao56_pm_from_advisor_or_excel_replicated_regional
P20,SAZ-020,2024-06-01,2024,23.9,10.7,35.7,10.2,37.2,2.5,247.459,424.2,247.459,cropwat_fao56_pm_from_advisor_or_excel_replicated_regional
P20,SAZ-020,2024-07-01,2024,24.0,13.3,34.4,30.0,45.1,2.5,226.398,424.5,226.398,cropwat_fao56_pm_from_advisor_or_excel_replicated_regional
P20,SAZ-020,2024-08-01,2024,24.1,12.7,36.7,7.8,40.2,2.3,227.594,396.0,227.594,cropwat_fao56_pm_from_advisor_or_excel_replicated_regional
P20,SAZ-020,2024-09-01,2024,20.0,6.8,31.8,12.2,48.4,2.0,156.472,274.8,156.472,cropwat_fao56_pm_from_advisor_or_excel_replicated_regional
P20,SAZ-020,2024-10-01,2024,12.8,-1.0,29.1,0.4,47.7,1.9,126.837,174.4,126.837,cropwat_fao56_pm_from_advisor_or_excel_replicated_regional
P20,SAZ-020,2024-11-01,2024,5.2,-12.1,20.6,22.4,64.0,2.0,63.252,87.9,63.252,cropwat_fao56_pm_from_advisor_or_excel_replicated_regional
P20,SAZ-020,2024-12-01,2024,3.4,-9.3,15.3,38.6,74.3,2.0,33.267,65.8,33.267,cropwat_fao56_pm_from_advisor_or_excel_replicated_regional
P21,SAZ-021,2024-01-01,2024,3.3,-7.0,14.9,50.8,71.8,2.3,38.933,78.8,38.933,cropwat_fao56_pm_from_advisor_or_excel_replicated_regional
P21,SAZ-021,2024-02-01,2024,5.3,-5.9,17.2,7.6,63.5,2.1,58.265,84.6,58.265,cropwat_fao56_pm_from_advisor_or_excel_replicated_regional
P21,SAZ-021,2024-03-01,2024,7.3,-2.9,25.1,47.4,59.6,2.3,118.586,121.9,118.586,cropwat_fao56_pm_from_advisor_or_excel_replicated_regional
P21,SAZ-021,2024-04-01,2024,15.5,3.3,30.3,37.4,47.3,2.5,182.968,239.3,182.968,cropwat_fao56_pm_from_advisor_or_excel_replicated_regional
P21,SAZ-021,2024-05-01,2024,15.1,2.5,29.5,48.6,57.7,2.4,189.987,223.7,189.987,cropwat_fao56_pm_from_advisor_or_excel_replicated_regional
P21,SAZ-021,2024-06-01,2024,23.9,10.7,35.7,10.2,37.2,2.5,247.459,424.2,247.459,cropwat_fao56_pm_from_advisor_or_excel_replicated_regional
P21,SAZ-021,2024-07-01,2024,24.0,13.3,34.4,30.0,45.1,2.5,226.398,424.5,226.398,cropwat_fao56_pm_from_advisor_or_excel_replicated_regional
P21,SAZ-021,2024-08-01,2024,24.1,12.7,36.7,7.8,40.2,2.3,227.594,396.0,227.594,cropwat_fao56_pm_from_advisor_or_excel_replicated_regional
P21,SAZ-021,2024-09-01,2024,20.0,6.8,31.8,12.2,48.4,2.0,156.472,274.8,156.472,cropwat_fao56_pm_from_advisor_or_excel_replicated_regional
P21,SAZ-021,2024-10-01,2024,12.8,-1.0,29.1,0.4,47.7,1.9,126.837,174.4,126.837,cropwat_fao56_pm_from_advisor_or_excel_replicated_regional
P21,SAZ-021,2024-11-01,2024,5.2,-12.1,20.6,22.4,64.0,2.0,63.252,87.9,63.252,cropwat_fao56_pm_from_advisor_or_excel_replicated_regional
P21,SAZ-021,2024-12-01,2024,3.4,-9.3,15.3,38.6,74.3,2.0,33.267,65.8,33.267,cropwat_fao56_pm_from_advisor_or_excel_replicated_regional
P22,SAZ-022,2024-01-01,2024,3.3,-7.0,14.9,50.8,71.8,2.3,38.933,78.8,38.933,cropwat_fao56_pm_from_advisor_or_excel_replicated_regional
P22,SAZ-022,2024-02-01,2024,5.3,-5.9,17.2,7.6,63.5,2.1,58.265,84.6,58.265,cropwat_fao56_pm_from_advisor_or_excel_replicated_regional
P22,SAZ-022,2024-03-01,2024,7.3,-2.9,25.1,47.4,59.6,2.3,118.586,121.9,118.586,cropwat_fao56_pm_from_advisor_or_excel_replicated_regional
P22,SAZ-022,2024-04-01,2024,15.5,3.3,30.3,37.4,47.3,2.5,182.968,239.3,182.968,cropwat_fao56_pm_from_advisor_or_excel_replicated_regional
P22,SAZ-022,2024-05-01,2024,15.1,2.5,29.5,48.6,57.7,2.4,189.987,223.7,189.987,cropwat_fao56_pm_from_advisor_or_excel_replicated_regional
P22,SAZ-022,2024-06-01,2024,23.9,10.7,35.7,10.2,37.2,2.5,247.459,424.2,247.459,cropwat_fao56_pm_from_advisor_or_excel_replicated_regional
P22,SAZ-022,2024-07-01,2024,24.0,13.3,34.4,30.0,45.1,2.5,226.398,424.5,226.398,cropwat_fao56_pm_from_advisor_or_excel_replicated_regional
P22,SAZ-022,2024-08-01,2024,24.1,12.7,36.7,7.8,40.2,2.3,227.594,396.0,227.594,cropwat_fao56_pm_from_advisor_or_excel_replicated_regional
P22,SAZ-022,2024-09-01,2024,20.0,6.8,31.8,12.2,48.4,2.0,156.472,274.8,156.472,cropwat_fao56_pm_from_advisor_or_excel_replicated_regional
P22,SAZ-022,2024-10-01,2024,12.8,-1.0,29.1,0.4,47.7,1.9,126.837,174.4,126.837,cropwat_fao56_pm_from_advisor_or_excel_replicated_regional
P22,SAZ-022,2024-11-01,2024,5.2,-12.1,20.6,22.4,64.0,2.0,63.252,87.9,63.252,cropwat_fao56_pm_from_advisor_or_excel_replicated_regional
P22,SAZ-022,2024-12-01,2024,3.4,-9.3,15.3,38.6,74.3,2.0,33.267,65.8,33.267,cropwat_fao56_pm_from_advisor_or_excel_replicated_regional
P23,SAZ-023,2024-01-01,2024,3.3,-7.0,14.9,50.8,71.8,2.3,38.933,78.8,38.933,cropwat_fao56_pm_from_advisor_or_excel_replicated_regional
P23,SAZ-023,2024-02-01,2024,5.3,-5.9,17.2,7.6,63.5,2.1,58.265,84.6,58.265,cropwat_fao56_pm_from_advisor_or_excel_replicated_regional
P23,SAZ-023,2024-03-01,2024,7.3,-2.9,25.1,47.4,59.6,2.3,118.586,121.9,118.586,cropwat_fao56_pm_from_advisor_or_excel_replicated_regional
P23,SAZ-023,2024-04-01,2024,15.5,3.3,30.3,37.4,47.3,2.5,182.968,239.3,182.968,cropwat_fao56_pm_from_advisor_or_excel_replicated_regional
P23,SAZ-023,2024-05-01,2024,15.1,2.5,29.5,48.6,57.7,2.4,189.987,223.7,189.987,cropwat_fao56_pm_from_advisor_or_excel_replicated_regional
P23,SAZ-023,2024-06-01,2024,23.9,10.7,35.7,10.2,37.2,2.5,247.459,424.2,247.459,cropwat_fao56_pm_from_advisor_or_excel_replicated_regional
P23,SAZ-023,2024-07-01,2024,24.0,13.3,34.4,30.0,45.1,2.5,226.398,424.5,226.398,cropwat_fao56_pm_from_advisor_or_excel_replicated_regional
P23,SAZ-023,2024-08-01,2024,24.1,12.7,36.7,7.8,40.2,2.3,227.594,396.0,227.594,cropwat_fao56_pm_from_advisor_or_excel_replicated_regional
P23,SAZ-023,2024-09-01,2024,20.0,6.8,31.8,12.2,48.4,2.0,156.472,274.8,156.472,cropwat_fao56_pm_from_advisor_or_excel_replicated_regional
P23,SAZ-023,2024-10-01,2024,12.8,-1.0,29.1,0.4,47.7,1.9,126.837,174.4,126.837,cropwat_fao56_pm_from_advisor_or_excel_replicated_regional
P23,SAZ-023,2024-11-01,2024,5.2,-12.1,20.6,22.4,64.0,2.0,63.252,87.9,63.252,cropwat_fao56_pm_from_advisor_or_excel_replicated_regional
P23,SAZ-023,2024-12-01,2024,3.4,-9.3,15.3,38.6,74.3,2.0,33.267,65.8,33.267,cropwat_fao56_pm_from_advisor_or_excel_replicated_regional
P24,SAZ-024,2024-01-01,2024,3.3,-7.0,14.9,50.8,71.8,2.3,38.933,78.8,38.933,cropwat_fao56_pm_from_advisor_or_excel_replicated_regional
P24,SAZ-024,2024-02-01,2024,5.3,-5.9,17.2,7.6,63.5,2.1,58.265,84.6,58.265,cropwat_fao56_pm_from_advisor_or_excel_replicated_regional
P24,SAZ-024,2024-03-01,2024,7.3,-2.9,25.1,47.4,59.6,2.3,118.586,121.9,118.586,cropwat_fao56_pm_from_advisor_or_excel_replicated_regional
P24,SAZ-024,2024-04-01,2024,15.5,3.3,30.3,37.4,47.3,2.5,182.968,239.3,182.968,cropwat_fao56_pm_from_advisor_or_excel_replicated_regional
P24,SAZ-024,2024-05-01,2024,15.1,2.5,29.5,48.6,57.7,2.4,189.987,223.7,189.987,cropwat_fao56_pm_from_advisor_or_excel_replicated_regional
P24,SAZ-024,2024-06-01,2024,23.9,10.7,35.7,10.2,37.2,2.5,247.459,424.2,247.459,cropwat_fao56_pm_from_advisor_or_excel_replicated_regional
P24,SAZ-024,2024-07-01,2024,24.0,13.3,34.4,30.0,45.1,2.5,226.398,424.5,226.398,cropwat_fao56_pm_from_advisor_or_excel_replicated_regional
P24,SAZ-024,2024-08-01,2024,24.1,12.7,36.7,7.8,40.2,2.3,227.594,396.0,227.594,cropwat_fao56_pm_from_advisor_or_excel_replicated_regional
P24,SAZ-024,2024-09-01,2024,20.0,6.8,31.8,12.2,48.4,2.0,156.472,274.8,156.472,cropwat_fao56_pm_from_advisor_or_excel_replicated_regional
P24,SAZ-024,2024-10-01,2024,12.8,-1.0,29.1,0.4,47.7,1.9,126.837,174.4,126.837,cropwat_fao56_pm_from_advisor_or_excel_replicated_regional
P24,SAZ-024,2024-11-01,2024,5.2,-12.1,20.6,22.4,64.0,2.0,63.252,87.9,63.252,cropwat_fao56_pm_from_advisor_or_excel_replicated_regional
P24,SAZ-024,2024-12-01,2024,3.4,-9.3,15.3,38.6,74.3,2.0,33.267,65.8,33.267,cropwat_fao56_pm_from_advisor_or_excel_replicated_regional
P25,SAZ-025,2024-01-01,2024,3.3,-7.0,14.9,50.8,71.8,2.3,38.933,78.8,38.933,cropwat_fao56_pm_from_advisor_or_excel_replicated_regional
P25,SAZ-025,2024-02-01,2024,5.3,-5.9,17.2,7.6,63.5,2.1,58.265,84.6,58.265,cropwat_fao56_pm_from_advisor_or_excel_replicated_regional
P25,SAZ-025,2024-03-01,2024,7.3,-2.9,25.1,47.4,59.6,2.3,118.586,121.9,118.586,cropwat_fao56_pm_from_advisor_or_excel_replicated_regional
P25,SAZ-025,2024-04-01,2024,15.5,3.3,30.3,37.4,47.3,2.5,182.968,239.3,182.968,cropwat_fao56_pm_from_advisor_or_excel_replicated_regional
P25,SAZ-025,2024-05-01,2024,15.1,2.5,29.5,48.6,57.7,2.4,189.987,223.7,189.987,cropwat_fao56_pm_from_advisor_or_excel_replicated_regional
P25,SAZ-025,2024-06-01,2024,23.9,10.7,35.7,10.2,37.2,2.5,247.459,424.2,247.459,cropwat_fao56_pm_from_advisor_or_excel_replicated_regional
P25,SAZ-025,2024-07-01,2024,24.0,13.3,34.4,30.0,45.1,2.5,226.398,424.5,226.398,cropwat_fao56_pm_from_advisor_or_excel_replicated_regional
P25,SAZ-025,2024-08-01,2024,24.1,12.7,36.7,7.8,40.2,2.3,227.594,396.0,227.594,cropwat_fao56_pm_from_advisor_or_excel_replicated_regional
P25,SAZ-025,2024-09-01,2024,20.0,6.8,31.8,12.2,48.4,2.0,156.472,274.8,156.472,cropwat_fao56_pm_from_advisor_or_excel_replicated_regional
P25,SAZ-025,2024-10-01,2024,12.8,-1.0,29.1,0.4,47.7,1.9,126.837,174.4,126.837,cropwat_fao56_pm_from_advisor_or_excel_replicated_regional
P25,SAZ-025,2024-11-01,2024,5.2,-12.1,20.6,22.4,64.0,2.0,63.252,87.9,63.252,cropwat_fao56_pm_from_advisor_or_excel_replicated_regional
P25,SAZ-025,2024-12-01,2024,3.4,-9.3,15.3,38.6,74.3,2.0,33.267,65.8,33.267,cropwat_fao56_pm_from_advisor_or_excel_replicated_regional
P26,SAZ-026,2024-01-01,2024,3.3,-7.0,14.9,50.8,71.8,2.3,38.933,78.8,38.933,cropwat_fao56_pm_from_advisor_or_excel_replicated_regional
P26,SAZ-026,2024-02-01,2024,5.3,-5.9,17.2,7.6,63.5,2.1,58.265,84.6,58.265,cropwat_fao56_pm_from_advisor_or_excel_replicated_regional
P26,SAZ-026,2024-03-01,2024,7.3,-2.9,25.1,47.4,59.6,2.3,118.586,121.9,118.586,cropwat_fao56_pm_from_advisor_or_excel_replicated_regional
P26,SAZ-026,2024-04-01,2024,15.5,3.3,30.3,37.4,47.3,2.5,182.968,239.3,182.968,cropwat_fao56_pm_from_advisor_or_excel_replicated_regional
P26,SAZ-026,2024-05-01,2024,15.1,2.5,29.5,48.6,57.7,2.4,189.987,223.7,189.987,cropwat_fao56_pm_from_advisor_or_excel_replicated_regional
P26,SAZ-026,2024-06-01,2024,23.9,10.7,35.7,10.2,37.2,2.5,247.459,424.2,247.459,cropwat_fao56_pm_from_advisor_or_excel_replicated_regional
P26,SAZ-026,2024-07-01,2024,24.0,13.3,34.4,30.0,45.1,2.5,226.398,424.5,226.398,cropwat_fao56_pm_from_advisor_or_excel_replicated_regional
P26,SAZ-026,2024-08-01,2024,24.1,12.7,36.7,7.8,40.2,2.3,227.594,396.0,227.594,cropwat_fao56_pm_from_advisor_or_excel_replicated_regional
P26,SAZ-026,2024-09-01,2024,20.0,6.8,31.8,12.2,48.4,2.0,156.472,274.8,156.472,cropwat_fao56_pm_from_advisor_or_excel_replicated_regional
P26,SAZ-026,2024-10-01,2024,12.8,-1.0,29.1,0.4,47.7,1.9,126.837,174.4,126.837,cropwat_fao56_pm_from_advisor_or_excel_replicated_regional
P26,SAZ-026,2024-11-01,2024,5.2,-12.1,20.6,22.4,64.0,2.0,63.252,87.9,63.252,cropwat_fao56_pm_from_advisor_or_excel_replicated_regional
P26,SAZ-026,2024-12-01,2024,3.4,-9.3,15.3,38.6,74.3,2.0,33.267,65.8,33.267,cropwat_fao56_pm_from_advisor_or_excel_replicated_regional
P27,SAZ-027,2024-01-01,2024,3.3,-7.0,14.9,50.8,71.8,2.3,38.933,78.8,38.933,cropwat_fao56_pm_from_advisor_or_excel_replicated_regional
P27,SAZ-027,2024-02-01,2024,5.3,-5.9,17.2,7.6,63.5,2.1,58.265,84.6,58.265,cropwat_fao56_pm_from_advisor_or_excel_replicated_regional
P27,SAZ-027,2024-03-01,2024,7.3,-2.9,25.1,47.4,59.6,2.3,118.586,121.9,118.586,cropwat_fao56_pm_from_advisor_or_excel_replicated_regional
P27,SAZ-027,2024-04-01,2024,15.5,3.3,30.3,37.4,47.3,2.5,182.968,239.3,182.968,cropwat_fao56_pm_from_advisor_or_excel_replicated_regional
P27,SAZ-027,2024-05-01,2024,15.1,2.5,29.5,48.6,57.7,2.4,189.987,223.7,189.987,cropwat_fao56_pm_from_advisor_or_excel_replicated_regional
P27,SAZ-027,2024-06-01,2024,23.9,10.7,35.7,10.2,37.2,2.5,247.459,424.2,247.459,cropwat_fao56_pm_from_advisor_or_excel_replicated_regional
P27,SAZ-027,2024-07-01,2024,24.0,13.3,34.4,30.0,45.1,2.5,226.398,424.5,226.398,cropwat_fao56_pm_from_advisor_or_excel_replicated_regional
P27,SAZ-027,2024-08-01,2024,24.1,12.7,36.7,7.8,40.2,2.3,227.594,396.0,227.594,cropwat_fao56_pm_from_advisor_or_excel_replicated_regional
P27,SAZ-027,2024-09-01,2024,20.0,6.8,31.8,12.2,48.4,2.0,156.472,274.8,156.472,cropwat_fao56_pm_from_advisor_or_excel_replicated_regional
P27,SAZ-027,2024-10-01,2024,12.8,-1.0,29.1,0.4,47.7,1.9,126.837,174.4,126.837,cropwat_fao56_pm_from_advisor_or_excel_replicated_regional
P27,SAZ-027,2024-11-01,2024,5.2,-12.1,20.6,22.4,64.0,2.0,63.252,87.9,63.252,cropwat_fao56_pm_from_advisor_or_excel_replicated_regional
P27,SAZ-027,2024-12-01,2024,3.4,-9.3,15.3,38.6,74.3,2.0,33.267,65.8,33.267,cropwat_fao56_pm_from_advisor_or_excel_replicated_regional
P28,SAZ-028,2024-01-01,2024,3.3,-7.0,14.9,50.8,71.8,2.3,38.933,78.8,38.933,cropwat_fao56_pm_from_advisor_or_excel_replicated_regional
P28,SAZ-028,2024-02-01,2024,5.3,-5.9,17.2,7.6,63.5,2.1,58.265,84.6,58.265,cropwat_fao56_pm_from_advisor_or_excel_replicated_regional
P28,SAZ-028,2024-03-01,2024,7.3,-2.9,25.1,47.4,59.6,2.3,118.586,121.9,118.586,cropwat_fao56_pm_from_advisor_or_excel_replicated_regional
P28,SAZ-028,2024-04-01,2024,15.5,3.3,30.3,37.4,47.3,2.5,182.968,239.3,182.968,cropwat_fao56_pm_from_advisor_or_excel_replicated_regional
P28,SAZ-028,2024-05-01,2024,15.1,2.5,29.5,48.6,57.7,2.4,189.987,223.7,189.987,cropwat_fao56_pm_from_advisor_or_excel_replicated_regional
P28,SAZ-028,2024-06-01,2024,23.9,10.7,35.7,10.2,37.2,2.5,247.459,424.2,247.459,cropwat_fao56_pm_from_advisor_or_excel_replicated_regional
P28,SAZ-028,2024-07-01,2024,24.0,13.3,34.4,30.0,45.1,2.5,226.398,424.5,226.398,cropwat_fao56_pm_from_advisor_or_excel_replicated_regional
P28,SAZ-028,2024-08-01,2024,24.1,12.7,36.7,7.8,40.2,2.3,227.594,396.0,227.594,cropwat_fao56_pm_from_advisor_or_excel_replicated_regional
P28,SAZ-028,2024-09-01,2024,20.0,6.8,31.8,12.2,48.4,2.0,156.472,274.8,156.472,cropwat_fao56_pm_from_advisor_or_excel_replicated_regional
P28,SAZ-028,2024-10-01,2024,12.8,-1.0,29.1,0.4,47.7,1.9,126.837,174.4,126.837,cropwat_fao56_pm_from_advisor_or_excel_replicated_regional
P28,SAZ-028,2024-11-01,2024,5.2,-12.1,20.6,22.4,64.0,2.0,63.252,87.9,63.252,cropwat_fao56_pm_from_advisor_or_excel_replicated_regional
P28,SAZ-028,2024-12-01,2024,3.4,-9.3,15.3,38.6,74.3,2.0,33.267,65.8,33.267,cropwat_fao56_pm_from_advisor_or_excel_replicated_regional
P29,SAZ-029,2024-01-01,2024,3.3,-7.0,14.9,50.8,71.8,2.3,38.933,78.8,38.933,cropwat_fao56_pm_from_advisor_or_excel_replicated_regional
P29,SAZ-029,2024-02-01,2024,5.3,-5.9,17.2,7.6,63.5,2.1,58.265,84.6,58.265,cropwat_fao56_pm_from_advisor_or_excel_replicated_regional
P29,SAZ-029,2024-03-01,2024,7.3,-2.9,25.1,47.4,59.6,2.3,118.586,121.9,118.586,cropwat_fao56_pm_from_advisor_or_excel_replicated_regional
P29,SAZ-029,2024-04-01,2024,15.5,3.3,30.3,37.4,47.3,2.5,182.968,239.3,182.968,cropwat_fao56_pm_from_advisor_or_excel_replicated_regional
P29,SAZ-029,2024-05-01,2024,15.1,2.5,29.5,48.6,57.7,2.4,189.987,223.7,189.987,cropwat_fao56_pm_from_advisor_or_excel_replicated_regional
P29,SAZ-029,2024-06-01,2024,23.9,10.7,35.7,10.2,37.2,2.5,247.459,424.2,247.459,cropwat_fao56_pm_from_advisor_or_excel_replicated_regional
P29,SAZ-029,2024-07-01,2024,24.0,13.3,34.4,30.0,45.1,2.5,226.398,424.5,226.398,cropwat_fao56_pm_from_advisor_or_excel_replicated_regional
P29,SAZ-029,2024-08-01,2024,24.1,12.7,36.7,7.8,40.2,2.3,227.594,396.0,227.594,cropwat_fao56_pm_from_advisor_or_excel_replicated_regional
P29,SAZ-029,2024-09-01,2024,20.0,6.8,31.8,12.2,48.4,2.0,156.472,274.8,156.472,cropwat_fao56_pm_from_advisor_or_excel_replicated_regional
P29,SAZ-029,2024-10-01,2024,12.8,-1.0,29.1,0.4,47.7,1.9,126.837,174.4,126.837,cropwat_fao56_pm_from_advisor_or_excel_replicated_regional
P29,SAZ-029,2024-11-01,2024,5.2,-12.1,20.6,22.4,64.0,2.0,63.252,87.9,63.252,cropwat_fao56_pm_from_advisor_or_excel_replicated_regional
P29,SAZ-029,2024-12-01,2024,3.4,-9.3,15.3,38.6,74.3,2.0,33.267,65.8,33.267,cropwat_fao56_pm_from_advisor_or_excel_replicated_regional
P30,SAZ-030,2024-01-01,2024,3.3,-7.0,14.9,50.8,71.8,2.3,38.933,78.8,38.933,cropwat_fao56_pm_from_advisor_or_excel_replicated_regional
P30,SAZ-030,2024-02-01,2024,5.3,-5.9,17.2,7.6,63.5,2.1,58.265,84.6,58.265,cropwat_fao56_pm_from_advisor_or_excel_replicated_regional
P30,SAZ-030,2024-03-01,2024,7.3,-2.9,25.1,47.4,59.6,2.3,118.586,121.9,118.586,cropwat_fao56_pm_from_advisor_or_excel_replicated_regional
P30,SAZ-030,2024-04-01,2024,15.5,3.3,30.3,37.4,47.3,2.5,182.968,239.3,182.968,cropwat_fao56_pm_from_advisor_or_excel_replicated_regional
P30,SAZ-030,2024-05-01,2024,15.1,2.5,29.5,48.6,57.7,2.4,189.987,223.7,189.987,cropwat_fao56_pm_from_advisor_or_excel_replicated_regional
P30,SAZ-030,2024-06-01,2024,23.9,10.7,35.7,10.2,37.2,2.5,247.459,424.2,247.459,cropwat_fao56_pm_from_advisor_or_excel_replicated_regional
P30,SAZ-030,2024-07-01,2024,24.0,13.3,34.4,30.0,45.1,2.5,226.398,424.5,226.398,cropwat_fao56_pm_from_advisor_or_excel_replicated_regional
P30,SAZ-030,2024-08-01,2024,24.1,12.7,36.7,7.8,40.2,2.3,227.594,396.0,227.594,cropwat_fao56_pm_from_advisor_or_excel_replicated_regional
P30,SAZ-030,2024-09-01,2024,20.0,6.8,31.8,12.2,48.4,2.0,156.472,274.8,156.472,cropwat_fao56_pm_from_advisor_or_excel_replicated_regional
P30,SAZ-030,2024-10-01,2024,12.8,-1.0,29.1,0.4,47.7,1.9,126.837,174.4,126.837,cropwat_fao56_pm_from_advisor_or_excel_replicated_regional
P30,SAZ-030,2024-11-01,2024,5.2,-12.1,20.6,22.4,64.0,2.0,63.252,87.9,63.252,cropwat_fao56_pm_from_advisor_or_excel_replicated_regional
P30,SAZ-030,2024-12-01,2024,3.4,-9.3,15.3,38.6,74.3,2.0,33.267,65.8,33.267,cropwat_fao56_pm_from_advisor_or_excel_replicated_regional
P31,SAZ-031,2024-01-01,2024,3.3,-7.0,14.9,50.8,71.8,2.3,38.933,78.8,38.933,cropwat_fao56_pm_from_advisor_or_excel_replicated_regional
P31,SAZ-031,2024-02-01,2024,5.3,-5.9,17.2,7.6,63.5,2.1,58.265,84.6,58.265,cropwat_fao56_pm_from_advisor_or_excel_replicated_regional
P31,SAZ-031,2024-03-01,2024,7.3,-2.9,25.1,47.4,59.6,2.3,118.586,121.9,118.586,cropwat_fao56_pm_from_advisor_or_excel_replicated_regional
P31,SAZ-031,2024-04-01,2024,15.5,3.3,30.3,37.4,47.3,2.5,182.968,239.3,182.968,cropwat_fao56_pm_from_advisor_or_excel_replicated_regional
P31,SAZ-031,2024-05-01,2024,15.1,2.5,29.5,48.6,57.7,2.4,189.987,223.7,189.987,cropwat_fao56_pm_from_advisor_or_excel_replicated_regional
P31,SAZ-031,2024-06-01,2024,23.9,10.7,35.7,10.2,37.2,2.5,247.459,424.2,247.459,cropwat_fao56_pm_from_advisor_or_excel_replicated_regional
P31,SAZ-031,2024-07-01,2024,24.0,13.3,34.4,30.0,45.1,2.5,226.398,424.5,226.398,cropwat_fao56_pm_from_advisor_or_excel_replicated_regional
P31,SAZ-031,2024-08-01,2024,24.1,12.7,36.7,7.8,40.2,2.3,227.594,396.0,227.594,cropwat_fao56_pm_from_advisor_or_excel_replicated_regional
P31,SAZ-031,2024-09-01,2024,20.0,6.8,31.8,12.2,48.4,2.0,156.472,274.8,156.472,cropwat_fao56_pm_from_advisor_or_excel_replicated_regional
P31,SAZ-031,2024-10-01,2024,12.8,-1.0,29.1,0.4,47.7,1.9,126.837,174.4,126.837,cropwat_fao56_pm_from_advisor_or_excel_replicated_regional
P31,SAZ-031,2024-11-01,2024,5.2,-12.1,20.6,22.4,64.0,2.0,63.252,87.9,63.252,cropwat_fao56_pm_from_advisor_or_excel_replicated_regional
P31,SAZ-031,2024-12-01,2024,3.4,-9.3,15.3,38.6,74.3,2.0,33.267,65.8,33.267,cropwat_fao56_pm_from_advisor_or_excel_replicated_regional
P32,SAZ-032,2024-01-01,2024,3.3,-7.0,14.9,50.8,71.8,2.3,38.933,78.8,38.933,cropwat_fao56_pm_from_advisor_or_excel_replicated_regional
P32,SAZ-032,2024-02-01,2024,5.3,-5.9,17.2,7.6,63.5,2.1,58.265,84.6,58.265,cropwat_fao56_pm_from_advisor_or_excel_replicated_regional
P32,SAZ-032,2024-03-01,2024,7.3,-2.9,25.1,47.4,59.6,2.3,118.586,121.9,118.586,cropwat_fao56_pm_from_advisor_or_excel_replicated_regional
P32,SAZ-032,2024-04-01,2024,15.5,3.3,30.3,37.4,47.3,2.5,182.968,239.3,182.968,cropwat_fao56_pm_from_advisor_or_excel_replicated_regional
P32,SAZ-032,2024-05-01,2024,15.1,2.5,29.5,48.6,57.7,2.4,189.987,223.7,189.987,cropwat_fao56_pm_from_advisor_or_excel_replicated_regional
P32,SAZ-032,2024-06-01,2024,23.9,10.7,35.7,10.2,37.2,2.5,247.459,424.2,247.459,cropwat_fao56_pm_from_advisor_or_excel_replicated_regional
P32,SAZ-032,2024-07-01,2024,24.0,13.3,34.4,30.0,45.1,2.5,226.398,424.5,226.398,cropwat_fao56_pm_from_advisor_or_excel_replicated_regional
P32,SAZ-032,2024-08-01,2024,24.1,12.7,36.7,7.8,40.2,2.3,227.594,396.0,227.594,cropwat_fao56_pm_from_advisor_or_excel_replicated_regional
P32,SAZ-032,2024-09-01,2024,20.0,6.8,31.8,12.2,48.4,2.0,156.472,274.8,156.472,cropwat_fao56_pm_from_advisor_or_excel_replicated_regional
P32,SAZ-032,2024-10-01,2024,12.8,-1.0,29.1,0.4,47.7,1.9,126.837,174.4,126.837,cropwat_fao56_pm_from_advisor_or_excel_replicated_regional
P32,SAZ-032,2024-11-01,2024,5.2,-12.1,20.6,22.4,64.0,2.0,63.252,87.9,63.252,cropwat_fao56_pm_from_advisor_or_excel_replicated_regional
P32,SAZ-032,2024-12-01,2024,3.4,-9.3,15.3,38.6,74.3,2.0,33.267,65.8,33.267,cropwat_fao56_pm_from_advisor_or_excel_replicated_regional
P33,SAZ-033,2024-01-01,2024,3.3,-7.0,14.9,50.8,71.8,2.3,38.933,78.8,38.933,cropwat_fao56_pm_from_advisor_or_excel_replicated_regional
P33,SAZ-033,2024-02-01,2024,5.3,-5.9,17.2,7.6,63.5,2.1,58.265,84.6,58.265,cropwat_fao56_pm_from_advisor_or_excel_replicated_regional
P33,SAZ-033,2024-03-01,2024,7.3,-2.9,25.1,47.4,59.6,2.3,118.586,121.9,118.586,cropwat_fao56_pm_from_advisor_or_excel_replicated_regional
P33,SAZ-033,2024-04-01,2024,15.5,3.3,30.3,37.4,47.3,2.5,182.968,239.3,182.968,cropwat_fao56_pm_from_advisor_or_excel_replicated_regional
P33,SAZ-033,2024-05-01,2024,15.1,2.5,29.5,48.6,57.7,2.4,189.987,223.7,189.987,cropwat_fao56_pm_from_advisor_or_excel_replicated_regional
P33,SAZ-033,2024-06-01,2024,23.9,10.7,35.7,10.2,37.2,2.5,247.459,424.2,247.459,cropwat_fao56_pm_from_advisor_or_excel_replicated_regional
P33,SAZ-033,2024-07-01,2024,24.0,13.3,34.4,30.0,45.1,2.5,226.398,424.5,226.398,cropwat_fao56_pm_from_advisor_or_excel_replicated_regional
P33,SAZ-033,2024-08-01,2024,24.1,12.7,36.7,7.8,40.2,2.3,227.594,396.0,227.594,cropwat_fao56_pm_from_advisor_or_excel_replicated_regional
P33,SAZ-033,2024-09-01,2024,20.0,6.8,31.8,12.2,48.4,2.0,156.472,274.8,156.472,cropwat_fao56_pm_from_advisor_or_excel_replicated_regional
P33,SAZ-033,2024-10-01,2024,12.8,-1.0,29.1,0.4,47.7,1.9,126.837,174.4,126.837,cropwat_fao56_pm_from_advisor_or_excel_replicated_regional
P33,SAZ-033,2024-11-01,2024,5.2,-12.1,20.6,22.4,64.0,2.0,63.252,87.9,63.252,cropwat_fao56_pm_from_advisor_or_excel_replicated_regional
P33,SAZ-033,2024-12-01,2024,3.4,-9.3,15.3,38.6,74.3,2.0,33.267,65.8,33.267,cropwat_fao56_pm_from_advisor_or_excel_replicated_regional
P34,SAZ-034,2024-01-01,2024,3.3,-7.0,14.9,50.8,71.8,2.3,38.933,78.8,38.933,cropwat_fao56_pm_from_advisor_or_excel_replicated_regional
P34,SAZ-034,2024-02-01,2024,5.3,-5.9,17.2,7.6,63.5,2.1,58.265,84.6,58.265,cropwat_fao56_pm_from_advisor_or_excel_replicated_regional
P34,SAZ-034,2024-03-01,2024,7.3,-2.9,25.1,47.4,59.6,2.3,118.586,121.9,118.586,cropwat_fao56_pm_from_advisor_or_excel_replicated_regional
P34,SAZ-034,2024-04-01,2024,15.5,3.3,30.3,37.4,47.3,2.5,182.968,239.3,182.968,cropwat_fao56_pm_from_advisor_or_excel_replicated_regional
P34,SAZ-034,2024-05-01,2024,15.1,2.5,29.5,48.6,57.7,2.4,189.987,223.7,189.987,cropwat_fao56_pm_from_advisor_or_excel_replicated_regional
P34,SAZ-034,2024-06-01,2024,23.9,10.7,35.7,10.2,37.2,2.5,247.459,424.2,247.459,cropwat_fao56_pm_from_advisor_or_excel_replicated_regional
P34,SAZ-034,2024-07-01,2024,24.0,13.3,34.4,30.0,45.1,2.5,226.398,424.5,226.398,cropwat_fao56_pm_from_advisor_or_excel_replicated_regional
P34,SAZ-034,2024-08-01,2024,24.1,12.7,36.7,7.8,40.2,2.3,227.594,396.0,227.594,cropwat_fao56_pm_from_advisor_or_excel_replicated_regional
P34,SAZ-034,2024-09-01,2024,20.0,6.8,31.8,12.2,48.4,2.0,156.472,274.8,156.472,cropwat_fao56_pm_from_advisor_or_excel_replicated_regional
P34,SAZ-034,2024-10-01,2024,12.8,-1.0,29.1,0.4,47.7,1.9,126.837,174.4,126.837,cropwat_fao56_pm_from_advisor_or_excel_replicated_regional
P34,SAZ-034,2024-11-01,2024,5.2,-12.1,20.6,22.4,64.0,2.0,63.252,87.9,63.252,cropwat_fao56_pm_from_advisor_or_excel_replicated_regional
P34,SAZ-034,2024-12-01,2024,3.4,-9.3,15.3,38.6,74.3,2.0,33.267,65.8,33.267,cropwat_fao56_pm_from_advisor_or_excel_replicated_regional
P35,SAZ-035,2024-01-01,2024,3.3,-7.0,14.9,50.8,71.8,2.3,38.933,78.8,38.933,cropwat_fao56_pm_from_advisor_or_excel_replicated_regional
P35,SAZ-035,2024-02-01,2024,5.3,-5.9,17.2,7.6,63.5,2.1,58.265,84.6,58.265,cropwat_fao56_pm_from_advisor_or_excel_replicated_regional
P35,SAZ-035,2024-03-01,2024,7.3,-2.9,25.1,47.4,59.6,2.3,118.586,121.9,118.586,cropwat_fao56_pm_from_advisor_or_excel_replicated_regional
P35,SAZ-035,2024-04-01,2024,15.5,3.3,30.3,37.4,47.3,2.5,182.968,239.3,182.968,cropwat_fao56_pm_from_advisor_or_excel_replicated_regional
P35,SAZ-035,2024-05-01,2024,15.1,2.5,29.5,48.6,57.7,2.4,189.987,223.7,189.987,cropwat_fao56_pm_from_advisor_or_excel_replicated_regional
P35,SAZ-035,2024-06-01,2024,23.9,10.7,35.7,10.2,37.2,2.5,247.459,424.2,247.459,cropwat_fao56_pm_from_advisor_or_excel_replicated_regional
P35,SAZ-035,2024-07-01,2024,24.0,13.3,34.4,30.0,45.1,2.5,226.398,424.5,226.398,cropwat_fao56_pm_from_advisor_or_excel_replicated_regional
P35,SAZ-035,2024-08-01,2024,24.1,12.7,36.7,7.8,40.2,2.3,227.594,396.0,227.594,cropwat_fao56_pm_from_advisor_or_excel_replicated_regional
P35,SAZ-035,2024-09-01,2024,20.0,6.8,31.8,12.2,48.4,2.0,156.472,274.8,156.472,cropwat_fao56_pm_from_advisor_or_excel_replicated_regional
P35,SAZ-035,2024-10-01,2024,12.8,-1.0,29.1,0.4,47.7,1.9,126.837,174.4,126.837,cropwat_fao56_pm_from_advisor_or_excel_replicated_regional
P35,SAZ-035,2024-11-01,2024,5.2,-12.1,20.6,22.4,64.0,2.0,63.252,87.9,63.252,cropwat_fao56_pm_from_advisor_or_excel_replicated_regional
P35,SAZ-035,2024-12-01,2024,3.4,-9.3,15.3,38.6,74.3,2.0,33.267,65.8,33.267,cropwat_fao56_pm_from_advisor_or_excel_replicated_regional
P36,SAZ-036,2024-01-01,2024,3.3,-7.0,14.9,50.8,71.8,2.3,38.933,78.8,38.933,cropwat_fao56_pm_from_advisor_or_excel_replicated_regional
P36,SAZ-036,2024-02-01,2024,5.3,-5.9,17.2,7.6,63.5,2.1,58.265,84.6,58.265,cropwat_fao56_pm_from_advisor_or_excel_replicated_regional
P36,SAZ-036,2024-03-01,2024,7.3,-2.9,25.1,47.4,59.6,2.3,118.586,121.9,118.586,cropwat_fao56_pm_from_advisor_or_excel_replicated_regional
P36,SAZ-036,2024-04-01,2024,15.5,3.3,30.3,37.4,47.3,2.5,182.968,239.3,182.968,cropwat_fao56_pm_from_advisor_or_excel_replicated_regional
P36,SAZ-036,2024-05-01,2024,15.1,2.5,29.5,48.6,57.7,2.4,189.987,223.7,189.987,cropwat_fao56_pm_from_advisor_or_excel_replicated_regional
P36,SAZ-036,2024-06-01,2024,23.9,10.7,35.7,10.2,37.2,2.5,247.459,424.2,247.459,cropwat_fao56_pm_from_advisor_or_excel_replicated_regional
P36,SAZ-036,2024-07-01,2024,24.0,13.3,34.4,30.0,45.1,2.5,226.398,424.5,226.398,cropwat_fao56_pm_from_advisor_or_excel_replicated_regional
P36,SAZ-036,2024-08-01,2024,24.1,12.7,36.7,7.8,40.2,2.3,227.594,396.0,227.594,cropwat_fao56_pm_from_advisor_or_excel_replicated_regional
P36,SAZ-036,2024-09-01,2024,20.0,6.8,31.8,12.2,48.4,2.0,156.472,274.8,156.472,cropwat_fao56_pm_from_advisor_or_excel_replicated_regional
P36,SAZ-036,2024-10-01,2024,12.8,-1.0,29.1,0.4,47.7,1.9,126.837,174.4,126.837,cropwat_fao56_pm_from_advisor_or_excel_replicated_regional
P36,SAZ-036,2024-11-01,2024,5.2,-12.1,20.6,22.4,64.0,2.0,63.252,87.9,63.252,cropwat_fao56_pm_from_advisor_or_excel_replicated_regional
P36,SAZ-036,2024-12-01,2024,3.4,-9.3,15.3,38.6,74.3,2.0,33.267,65.8,33.267,cropwat_fao56_pm_from_advisor_or_excel_replicated_regional
P37,SAZ-037,2024-01-01,2024,3.3,-7.0,14.9,50.8,71.8,2.3,38.933,78.8,38.933,cropwat_fao56_pm_from_advisor_or_excel_replicated_regional
P37,SAZ-037,2024-02-01,2024,5.3,-5.9,17.2,7.6,63.5,2.1,58.265,84.6,58.265,cropwat_fao56_pm_from_advisor_or_excel_replicated_regional
P37,SAZ-037,2024-03-01,2024,7.3,-2.9,25.1,47.4,59.6,2.3,118.586,121.9,118.586,cropwat_fao56_pm_from_advisor_or_excel_replicated_regional
P37,SAZ-037,2024-04-01,2024,15.5,3.3,30.3,37.4,47.3,2.5,182.968,239.3,182.968,cropwat_fao56_pm_from_advisor_or_excel_replicated_regional
P37,SAZ-037,2024-05-01,2024,15.1,2.5,29.5,48.6,57.7,2.4,189.987,223.7,189.987,cropwat_fao56_pm_from_advisor_or_excel_replicated_regional
P37,SAZ-037,2024-06-01,2024,23.9,10.7,35.7,10.2,37.2,2.5,247.459,424.2,247.459,cropwat_fao56_pm_from_advisor_or_excel_replicated_regional
P37,SAZ-037,2024-07-01,2024,24.0,13.3,34.4,30.0,45.1,2.5,226.398,424.5,226.398,cropwat_fao56_pm_from_advisor_or_excel_replicated_regional
P37,SAZ-037,2024-08-01,2024,24.1,12.7,36.7,7.8,40.2,2.3,227.594,396.0,227.594,cropwat_fao56_pm_from_advisor_or_excel_replicated_regional
P37,SAZ-037,2024-09-01,2024,20.0,6.8,31.8,12.2,48.4,2.0,156.472,274.8,156.472,cropwat_fao56_pm_from_advisor_or_excel_replicated_regional
P37,SAZ-037,2024-10-01,2024,12.8,-1.0,29.1,0.4,47.7,1.9,126.837,174.4,126.837,cropwat_fao56_pm_from_advisor_or_excel_replicated_regional
P37,SAZ-037,2024-11-01,2024,5.2,-12.1,20.6,22.4,64.0,2.0,63.252,87.9,63.252,cropwat_fao56_pm_from_advisor_or_excel_replicated_regional
P37,SAZ-037,2024-12-01,2024,3.4,-9.3,15.3,38.6,74.3,2.0,33.267,65.8,33.267,cropwat_fao56_pm_from_advisor_or_excel_replicated_regional
P38,SAZ-038,2024-01-01,2024,3.3,-7.0,14.9,50.8,71.8,2.3,38.933,78.8,38.933,cropwat_fao56_pm_from_advisor_or_excel_replicated_regional
P38,SAZ-038,2024-02-01,2024,5.3,-5.9,17.2,7.6,63.5,2.1,58.265,84.6,58.265,cropwat_fao56_pm_from_advisor_or_excel_replicated_regional
P38,SAZ-038,2024-03-01,2024,7.3,-2.9,25.1,47.4,59.6,2.3,118.586,121.9,118.586,cropwat_fao56_pm_from_advisor_or_excel_replicated_regional
P38,SAZ-038,2024-04-01,2024,15.5,3.3,30.3,37.4,47.3,2.5,182.968,239.3,182.968,cropwat_fao56_pm_from_advisor_or_excel_replicated_regional
P38,SAZ-038,2024-05-01,2024,15.1,2.5,29.5,48.6,57.7,2.4,189.987,223.7,189.987,cropwat_fao56_pm_from_advisor_or_excel_replicated_regional
P38,SAZ-038,2024-06-01,2024,23.9,10.7,35.7,10.2,37.2,2.5,247.459,424.2,247.459,cropwat_fao56_pm_from_advisor_or_excel_replicated_regional
P38,SAZ-038,2024-07-01,2024,24.0,13.3,34.4,30.0,45.1,2.5,226.398,424.5,226.398,cropwat_fao56_pm_from_advisor_or_excel_replicated_regional
P38,SAZ-038,2024-08-01,2024,24.1,12.7,36.7,7.8,40.2,2.3,227.594,396.0,227.594,cropwat_fao56_pm_from_advisor_or_excel_replicated_regional
P38,SAZ-038,2024-09-01,2024,20.0,6.8,31.8,12.2,48.4,2.0,156.472,274.8,156.472,cropwat_fao56_pm_from_advisor_or_excel_replicated_regional
P38,SAZ-038,2024-10-01,2024,12.8,-1.0,29.1,0.4,47.7,1.9,126.837,174.4,126.837,cropwat_fao56_pm_from_advisor_or_excel_replicated_regional
P38,SAZ-038,2024-11-01,2024,5.2,-12.1,20.6,22.4,64.0,2.0,63.252,87.9,63.252,cropwat_fao56_pm_from_advisor_or_excel_replicated_regional
P38,SAZ-038,2024-12-01,2024,3.4,-9.3,15.3,38.6,74.3,2.0,33.267,65.8,33.267,cropwat_fao56_pm_from_advisor_or_excel_replicated_regional
P39,SAZ-039,2024-01-01,2024,3.3,-7.0,14.9,50.8,71.8,2.3,38.933,78.8,38.933,cropwat_fao56_pm_from_advisor_or_excel_replicated_regional
P39,SAZ-039,2024-02-01,2024,5.3,-5.9,17.2,7.6,63.5,2.1,58.265,84.6,58.265,cropwat_fao56_pm_from_advisor_or_excel_replicated_regional
P39,SAZ-039,2024-03-01,2024,7.3,-2.9,25.1,47.4,59.6,2.3,118.586,121.9,118.586,cropwat_fao56_pm_from_advisor_or_excel_replicated_regional
P39,SAZ-039,2024-04-01,2024,15.5,3.3,30.3,37.4,47.3,2.5,182.968,239.3,182.968,cropwat_fao56_pm_from_advisor_or_excel_replicated_regional
P39,SAZ-039,2024-05-01,2024,15.1,2.5,29.5,48.6,57.7,2.4,189.987,223.7,189.987,cropwat_fao56_pm_from_advisor_or_excel_replicated_regional
P39,SAZ-039,2024-06-01,2024,23.9,10.7,35.7,10.2,37.2,2.5,247.459,424.2,247.459,cropwat_fao56_pm_from_advisor_or_excel_replicated_regional
P39,SAZ-039,2024-07-01,2024,24.0,13.3,34.4,30.0,45.1,2.5,226.398,424.5,226.398,cropwat_fao56_pm_from_advisor_or_excel_replicated_regional
P39,SAZ-039,2024-08-01,2024,24.1,12.7,36.7,7.8,40.2,2.3,227.594,396.0,227.594,cropwat_fao56_pm_from_advisor_or_excel_replicated_regional
P39,SAZ-039,2024-09-01,2024,20.0,6.8,31.8,12.2,48.4,2.0,156.472,274.8,156.472,cropwat_fao56_pm_from_advisor_or_excel_replicated_regional
P39,SAZ-039,2024-10-01,2024,12.8,-1.0,29.1,0.4,47.7,1.9,126.837,174.4,126.837,cropwat_fao56_pm_from_advisor_or_excel_replicated_regional
P39,SAZ-039,2024-11-01,2024,5.2,-12.1,20.6,22.4,64.0,2.0,63.252,87.9,63.252,cropwat_fao56_pm_from_advisor_or_excel_replicated_regional
P39,SAZ-039,2024-12-01,2024,3.4,-9.3,15.3,38.6,74.3,2.0,33.267,65.8,33.267,cropwat_fao56_pm_from_advisor_or_excel_replicated_regional
P40,SAZ-040,2024-01-01,2024,3.3,-7.0,14.9,50.8,71.8,2.3,38.933,78.8,38.933,cropwat_fao56_pm_from_advisor_or_excel_replicated_regional
P40,SAZ-040,2024-02-01,2024,5.3,-5.9,17.2,7.6,63.5,2.1,58.265,84.6,58.265,cropwat_fao56_pm_from_advisor_or_excel_replicated_regional
P40,SAZ-040,2024-03-01,2024,7.3,-2.9,25.1,47.4,59.6,2.3,118.586,121.9,118.586,cropwat_fao56_pm_from_advisor_or_excel_replicated_regional
P40,SAZ-040,2024-04-01,2024,15.5,3.3,30.3,37.4,47.3,2.5,182.968,239.3,182.968,cropwat_fao56_pm_from_advisor_or_excel_replicated_regional
P40,SAZ-040,2024-05-01,2024,15.1,2.5,29.5,48.6,57.7,2.4,189.987,223.7,189.987,cropwat_fao56_pm_from_advisor_or_excel_replicated_regional
P40,SAZ-040,2024-06-01,2024,23.9,10.7,35.7,10.2,37.2,2.5,247.459,424.2,247.459,cropwat_fao56_pm_from_advisor_or_excel_replicated_regional
P40,SAZ-040,2024-07-01,2024,24.0,13.3,34.4,30.0,45.1,2.5,226.398,424.5,226.398,cropwat_fao56_pm_from_advisor_or_excel_replicated_regional
P40,SAZ-040,2024-08-01,2024,24.1,12.7,36.7,7.8,40.2,2.3,227.594,396.0,227.594,cropwat_fao56_pm_from_advisor_or_excel_replicated_regional
P40,SAZ-040,2024-09-01,2024,20.0,6.8,31.8,12.2,48.4,2.0,156.472,274.8,156.472,cropwat_fao56_pm_from_advisor_or_excel_replicated_regional
P40,SAZ-040,2024-10-01,2024,12.8,-1.0,29.1,0.4,47.7,1.9,126.837,174.4,126.837,cropwat_fao56_pm_from_advisor_or_excel_replicated_regional
P40,SAZ-040,2024-11-01,2024,5.2,-12.1,20.6,22.4,64.0,2.0,63.252,87.9,63.252,cropwat_fao56_pm_from_advisor_or_excel_replicated_regional
P40,SAZ-040,2024-12-01,2024,3.4,-9.3,15.3,38.6,74.3,2.0,33.267,65.8,33.267,cropwat_fao56_pm_from_advisor_or_excel_replicated_regional
P41,SAZ-041,2024-01-01,2024,3.3,-7.0,14.9,50.8,71.8,2.3,38.933,78.8,38.933,cropwat_fao56_pm_from_advisor_or_excel_replicated_regional
P41,SAZ-041,2024-02-01,2024,5.3,-5.9,17.2,7.6,63.5,2.1,58.265,84.6,58.265,cropwat_fao56_pm_from_advisor_or_excel_replicated_regional
P41,SAZ-041,2024-03-01,2024,7.3,-2.9,25.1,47.4,59.6,2.3,118.586,121.9,118.586,cropwat_fao56_pm_from_advisor_or_excel_replicated_regional
P41,SAZ-041,2024-04-01,2024,15.5,3.3,30.3,37.4,47.3,2.5,182.968,239.3,182.968,cropwat_fao56_pm_from_advisor_or_excel_replicated_regional
P41,SAZ-041,2024-05-01,2024,15.1,2.5,29.5,48.6,57.7,2.4,189.987,223.7,189.987,cropwat_fao56_pm_from_advisor_or_excel_replicated_regional
P41,SAZ-041,2024-06-01,2024,23.9,10.7,35.7,10.2,37.2,2.5,247.459,424.2,247.459,cropwat_fao56_pm_from_advisor_or_excel_replicated_regional
P41,SAZ-041,2024-07-01,2024,24.0,13.3,34.4,30.0,45.1,2.5,226.398,424.5,226.398,cropwat_fao56_pm_from_advisor_or_excel_replicated_regional
P41,SAZ-041,2024-08-01,2024,24.1,12.7,36.7,7.8,40.2,2.3,227.594,396.0,227.594,cropwat_fao56_pm_from_advisor_or_excel_replicated_regional
P41,SAZ-041,2024-09-01,2024,20.0,6.8,31.8,12.2,48.4,2.0,156.472,274.8,156.472,cropwat_fao56_pm_from_advisor_or_excel_replicated_regional
P41,SAZ-041,2024-10-01,2024,12.8,-1.0,29.1,0.4,47.7,1.9,126.837,174.4,126.837,cropwat_fao56_pm_from_advisor_or_excel_replicated_regional
P41,SAZ-041,2024-11-01,2024,5.2,-12.1,20.6,22.4,64.0,2.0,63.252,87.9,63.252,cropwat_fao56_pm_from_advisor_or_excel_replicated_regional
P41,SAZ-041,2024-12-01,2024,3.4,-9.3,15.3,38.6,74.3,2.0,33.267,65.8,33.267,cropwat_fao56_pm_from_advisor_or_excel_replicated_regional
P42,SAZ-042,2024-01-01,2024,3.3,-7.0,14.9,50.8,71.8,2.3,38.933,78.8,38.933,cropwat_fao56_pm_from_advisor_or_excel_replicated_regional
P42,SAZ-042,2024-02-01,2024,5.3,-5.9,17.2,7.6,63.5,2.1,58.265,84.6,58.265,cropwat_fao56_pm_from_advisor_or_excel_replicated_regional
P42,SAZ-042,2024-03-01,2024,7.3,-2.9,25.1,47.4,59.6,2.3,118.586,121.9,118.586,cropwat_fao56_pm_from_advisor_or_excel_replicated_regional
P42,SAZ-042,2024-04-01,2024,15.5,3.3,30.3,37.4,47.3,2.5,182.968,239.3,182.968,cropwat_fao56_pm_from_advisor_or_excel_replicated_regional
P42,SAZ-042,2024-05-01,2024,15.1,2.5,29.5,48.6,57.7,2.4,189.987,223.7,189.987,cropwat_fao56_pm_from_advisor_or_excel_replicated_regional
P42,SAZ-042,2024-06-01,2024,23.9,10.7,35.7,10.2,37.2,2.5,247.459,424.2,247.459,cropwat_fao56_pm_from_advisor_or_excel_replicated_regional
P42,SAZ-042,2024-07-01,2024,24.0,13.3,34.4,30.0,45.1,2.5,226.398,424.5,226.398,cropwat_fao56_pm_from_advisor_or_excel_replicated_regional
P42,SAZ-042,2024-08-01,2024,24.1,12.7,36.7,7.8,40.2,2.3,227.594,396.0,227.594,cropwat_fao56_pm_from_advisor_or_excel_replicated_regional
P42,SAZ-042,2024-09-01,2024,20.0,6.8,31.8,12.2,48.4,2.0,156.472,274.8,156.472,cropwat_fao56_pm_from_advisor_or_excel_replicated_regional
P42,SAZ-042,2024-10-01,2024,12.8,-1.0,29.1,0.4,47.7,1.9,126.837,174.4,126.837,cropwat_fao56_pm_from_advisor_or_excel_replicated_regional
P42,SAZ-042,2024-11-01,2024,5.2,-12.1,20.6,22.4,64.0,2.0,63.252,87.9,63.252,cropwat_fao56_pm_from_advisor_or_excel_replicated_regional
P42,SAZ-042,2024-12-01,2024,3.4,-9.3,15.3,38.6,74.3,2.0,33.267,65.8,33.267,cropwat_fao56_pm_from_advisor_or_excel_replicated_regional
P43,SAZ-043,2024-01-01,2024,3.3,-7.0,14.9,50.8,71.8,2.3,38.933,78.8,38.933,cropwat_fao56_pm_from_advisor_or_excel_replicated_regional
P43,SAZ-043,2024-02-01,2024,5.3,-5.9,17.2,7.6,63.5,2.1,58.265,84.6,58.265,cropwat_fao56_pm_from_advisor_or_excel_replicated_regional
P43,SAZ-043,2024-03-01,2024,7.3,-2.9,25.1,47.4,59.6,2.3,118.586,121.9,118.586,cropwat_fao56_pm_from_advisor_or_excel_replicated_regional
P43,SAZ-043,2024-04-01,2024,15.5,3.3,30.3,37.4,47.3,2.5,182.968,239.3,182.968,cropwat_fao56_pm_from_advisor_or_excel_replicated_regional
P43,SAZ-043,2024-05-01,2024,15.1,2.5,29.5,48.6,57.7,2.4,189.987,223.7,189.987,cropwat_fao56_pm_from_advisor_or_excel_replicated_regional
P43,SAZ-043,2024-06-01,2024,23.9,10.7,35.7,10.2,37.2,2.5,247.459,424.2,247.459,cropwat_fao56_pm_from_advisor_or_excel_replicated_regional
P43,SAZ-043,2024-07-01,2024,24.0,13.3,34.4,30.0,45.1,2.5,226.398,424.5,226.398,cropwat_fao56_pm_from_advisor_or_excel_replicated_regional
P43,SAZ-043,2024-08-01,2024,24.1,12.7,36.7,7.8,40.2,2.3,227.594,396.0,227.594,cropwat_fao56_pm_from_advisor_or_excel_replicated_regional
P43,SAZ-043,2024-09-01,2024,20.0,6.8,31.8,12.2,48.4,2.0,156.472,274.8,156.472,cropwat_fao56_pm_from_advisor_or_excel_replicated_regional
P43,SAZ-043,2024-10-01,2024,12.8,-1.0,29.1,0.4,47.7,1.9,126.837,174.4,126.837,cropwat_fao56_pm_from_advisor_or_excel_replicated_regional
P43,SAZ-043,2024-11-01,2024,5.2,-12.1,20.6,22.4,64.0,2.0,63.252,87.9,63.252,cropwat_fao56_pm_from_advisor_or_excel_replicated_regional
P43,SAZ-043,2024-12-01,2024,3.4,-9.3,15.3,38.6,74.3,2.0,33.267,65.8,33.267,cropwat_fao56_pm_from_advisor_or_excel_replicated_regional
P44,SAZ-044,2024-01-01,2024,3.3,-7.0,14.9,50.8,71.8,2.3,38.933,78.8,38.933,cropwat_fao56_pm_from_advisor_or_excel_replicated_regional
P44,SAZ-044,2024-02-01,2024,5.3,-5.9,17.2,7.6,63.5,2.1,58.265,84.6,58.265,cropwat_fao56_pm_from_advisor_or_excel_replicated_regional
P44,SAZ-044,2024-03-01,2024,7.3,-2.9,25.1,47.4,59.6,2.3,118.586,121.9,118.586,cropwat_fao56_pm_from_advisor_or_excel_replicated_regional
P44,SAZ-044,2024-04-01,2024,15.5,3.3,30.3,37.4,47.3,2.5,182.968,239.3,182.968,cropwat_fao56_pm_from_advisor_or_excel_replicated_regional
P44,SAZ-044,2024-05-01,2024,15.1,2.5,29.5,48.6,57.7,2.4,189.987,223.7,189.987,cropwat_fao56_pm_from_advisor_or_excel_replicated_regional
P44,SAZ-044,2024-06-01,2024,23.9,10.7,35.7,10.2,37.2,2.5,247.459,424.2,247.459,cropwat_fao56_pm_from_advisor_or_excel_replicated_regional
P44,SAZ-044,2024-07-01,2024,24.0,13.3,34.4,30.0,45.1,2.5,226.398,424.5,226.398,cropwat_fao56_pm_from_advisor_or_excel_replicated_regional
P44,SAZ-044,2024-08-01,2024,24.1,12.7,36.7,7.8,40.2,2.3,227.594,396.0,227.594,cropwat_fao56_pm_from_advisor_or_excel_replicated_regional
P44,SAZ-044,2024-09-01,2024,20.0,6.8,31.8,12.2,48.4,2.0,156.472,274.8,156.472,cropwat_fao56_pm_from_advisor_or_excel_replicated_regional
P44,SAZ-044,2024-10-01,2024,12.8,-1.0,29.1,0.4,47.7,1.9,126.837,174.4,126.837,cropwat_fao56_pm_from_advisor_or_excel_replicated_regional
P44,SAZ-044,2024-11-01,2024,5.2,-12.1,20.6,22.4,64.0,2.0,63.252,87.9,63.252,cropwat_fao56_pm_from_advisor_or_excel_replicated_regional
P44,SAZ-044,2024-12-01,2024,3.4,-9.3,15.3,38.6,74.3,2.0,33.267,65.8,33.267,cropwat_fao56_pm_from_advisor_or_excel_replicated_regional
P45,SAZ-045,2024-01-01,2024,3.3,-7.0,14.9,50.8,71.8,2.3,38.933,78.8,38.933,cropwat_fao56_pm_from_advisor_or_excel_replicated_regional
P45,SAZ-045,2024-02-01,2024,5.3,-5.9,17.2,7.6,63.5,2.1,58.265,84.6,58.265,cropwat_fao56_pm_from_advisor_or_excel_replicated_regional
P45,SAZ-045,2024-03-01,2024,7.3,-2.9,25.1,47.4,59.6,2.3,118.586,121.9,118.586,cropwat_fao56_pm_from_advisor_or_excel_replicated_regional
P45,SAZ-045,2024-04-01,2024,15.5,3.3,30.3,37.4,47.3,2.5,182.968,239.3,182.968,cropwat_fao56_pm_from_advisor_or_excel_replicated_regional
P45,SAZ-045,2024-05-01,2024,15.1,2.5,29.5,48.6,57.7,2.4,189.987,223.7,189.987,cropwat_fao56_pm_from_advisor_or_excel_replicated_regional
P45,SAZ-045,2024-06-01,2024,23.9,10.7,35.7,10.2,37.2,2.5,247.459,424.2,247.459,cropwat_fao56_pm_from_advisor_or_excel_replicated_regional
P45,SAZ-045,2024-07-01,2024,24.0,13.3,34.4,30.0,45.1,2.5,226.398,424.5,226.398,cropwat_fao56_pm_from_advisor_or_excel_replicated_regional
P45,SAZ-045,2024-08-01,2024,24.1,12.7,36.7,7.8,40.2,2.3,227.594,396.0,227.594,cropwat_fao56_pm_from_advisor_or_excel_replicated_regional
P45,SAZ-045,2024-09-01,2024,20.0,6.8,31.8,12.2,48.4,2.0,156.472,274.8,156.472,cropwat_fao56_pm_from_advisor_or_excel_replicated_regional
P45,SAZ-045,2024-10-01,2024,12.8,-1.0,29.1,0.4,47.7,1.9,126.837,174.4,126.837,cropwat_fao56_pm_from_advisor_or_excel_replicated_regional
P45,SAZ-045,2024-11-01,2024,5.2,-12.1,20.6,22.4,64.0,2.0,63.252,87.9,63.252,cropwat_fao56_pm_from_advisor_or_excel_replicated_regional
P45,SAZ-045,2024-12-01,2024,3.4,-9.3,15.3,38.6,74.3,2.0,33.267,65.8,33.267,cropwat_fao56_pm_from_advisor_or_excel_replicated_regional
P46,SAZ-046,2024-01-01,2024,3.3,-7.0,14.9,50.8,71.8,2.3,38.933,78.8,38.933,cropwat_fao56_pm_from_advisor_or_excel_replicated_regional
P46,SAZ-046,2024-02-01,2024,5.3,-5.9,17.2,7.6,63.5,2.1,58.265,84.6,58.265,cropwat_fao56_pm_from_advisor_or_excel_replicated_regional
P46,SAZ-046,2024-03-01,2024,7.3,-2.9,25.1,47.4,59.6,2.3,118.586,121.9,118.586,cropwat_fao56_pm_from_advisor_or_excel_replicated_regional
P46,SAZ-046,2024-04-01,2024,15.5,3.3,30.3,37.4,47.3,2.5,182.968,239.3,182.968,cropwat_fao56_pm_from_advisor_or_excel_replicated_regional
P46,SAZ-046,2024-05-01,2024,15.1,2.5,29.5,48.6,57.7,2.4,189.987,223.7,189.987,cropwat_fao56_pm_from_advisor_or_excel_replicated_regional
P46,SAZ-046,2024-06-01,2024,23.9,10.7,35.7,10.2,37.2,2.5,247.459,424.2,247.459,cropwat_fao56_pm_from_advisor_or_excel_replicated_regional
P46,SAZ-046,2024-07-01,2024,24.0,13.3,34.4,30.0,45.1,2.5,226.398,424.5,226.398,cropwat_fao56_pm_from_advisor_or_excel_replicated_regional
P46,SAZ-046,2024-08-01,2024,24.1,12.7,36.7,7.8,40.2,2.3,227.594,396.0,227.594,cropwat_fao56_pm_from_advisor_or_excel_replicated_regional
P46,SAZ-046,2024-09-01,2024,20.0,6.8,31.8,12.2,48.4,2.0,156.472,274.8,156.472,cropwat_fao56_pm_from_advisor_or_excel_replicated_regional
P46,SAZ-046,2024-10-01,2024,12.8,-1.0,29.1,0.4,47.7,1.9,126.837,174.4,126.837,cropwat_fao56_pm_from_advisor_or_excel_replicated_regional
P46,SAZ-046,2024-11-01,2024,5.2,-12.1,20.6,22.4,64.0,2.0,63.252,87.9,63.252,cropwat_fao56_pm_from_advisor_or_excel_replicated_regional
P46,SAZ-046,2024-12-01,2024,3.4,-9.3,15.3,38.6,74.3,2.0,33.267,65.8,33.267,cropwat_fao56_pm_from_advisor_or_excel_replicated_regional
P47,SAZ-047,2024-01-01,2024,3.3,-7.0,14.9,50.8,71.8,2.3,38.933,78.8,38.933,cropwat_fao56_pm_from_advisor_or_excel_replicated_regional
P47,SAZ-047,2024-02-01,2024,5.3,-5.9,17.2,7.6,63.5,2.1,58.265,84.6,58.265,cropwat_fao56_pm_from_advisor_or_excel_replicated_regional
P47,SAZ-047,2024-03-01,2024,7.3,-2.9,25.1,47.4,59.6,2.3,118.586,121.9,118.586,cropwat_fao56_pm_from_advisor_or_excel_replicated_regional
P47,SAZ-047,2024-04-01,2024,15.5,3.3,30.3,37.4,47.3,2.5,182.968,239.3,182.968,cropwat_fao56_pm_from_advisor_or_excel_replicated_regional
P47,SAZ-047,2024-05-01,2024,15.1,2.5,29.5,48.6,57.7,2.4,189.987,223.7,189.987,cropwat_fao56_pm_from_advisor_or_excel_replicated_regional
P47,SAZ-047,2024-06-01,2024,23.9,10.7,35.7,10.2,37.2,2.5,247.459,424.2,247.459,cropwat_fao56_pm_from_advisor_or_excel_replicated_regional
P47,SAZ-047,2024-07-01,2024,24.0,13.3,34.4,30.0,45.1,2.5,226.398,424.5,226.398,cropwat_fao56_pm_from_advisor_or_excel_replicated_regional
P47,SAZ-047,2024-08-01,2024,24.1,12.7,36.7,7.8,40.2,2.3,227.594,396.0,227.594,cropwat_fao56_pm_from_advisor_or_excel_replicated_regional
P47,SAZ-047,2024-09-01,2024,20.0,6.8,31.8,12.2,48.4,2.0,156.472,274.8,156.472,cropwat_fao56_pm_from_advisor_or_excel_replicated_regional
P47,SAZ-047,2024-10-01,2024,12.8,-1.0,29.1,0.4,47.7,1.9,126.837,174.4,126.837,cropwat_fao56_pm_from_advisor_or_excel_replicated_regional
P47,SAZ-047,2024-11-01,2024,5.2,-12.1,20.6,22.4,64.0,2.0,63.252,87.9,63.252,cropwat_fao56_pm_from_advisor_or_excel_replicated_regional
P47,SAZ-047,2024-12-01,2024,3.4,-9.3,15.3,38.6,74.3,2.0,33.267,65.8,33.267,cropwat_fao56_pm_from_advisor_or_excel_replicated_regional
P48,BAH-048,2024-01-01,2024,3.3,-7.0,14.9,50.8,71.8,2.3,38.933,78.8,38.933,cropwat_fao56_pm_from_advisor_or_excel_replicated_regional
P48,BAH-048,2024-02-01,2024,5.3,-5.9,17.2,7.6,63.5,2.1,58.265,84.6,58.265,cropwat_fao56_pm_from_advisor_or_excel_replicated_regional
P48,BAH-048,2024-03-01,2024,7.3,-2.9,25.1,47.4,59.6,2.3,118.586,121.9,118.586,cropwat_fao56_pm_from_advisor_or_excel_replicated_regional
P48,BAH-048,2024-04-01,2024,15.5,3.3,30.3,37.4,47.3,2.5,182.968,239.3,182.968,cropwat_fao56_pm_from_advisor_or_excel_replicated_regional
P48,BAH-048,2024-05-01,2024,15.1,2.5,29.5,48.6,57.7,2.4,189.987,223.7,189.987,cropwat_fao56_pm_from_advisor_or_excel_replicated_regional
P48,BAH-048,2024-06-01,2024,23.9,10.7,35.7,10.2,37.2,2.5,247.459,424.2,247.459,cropwat_fao56_pm_from_advisor_or_excel_replicated_regional
P48,BAH-048,2024-07-01,2024,24.0,13.3,34.4,30.0,45.1,2.5,226.398,424.5,226.398,cropwat_fao56_pm_from_advisor_or_excel_replicated_regional
P48,BAH-048,2024-08-01,2024,24.1,12.7,36.7,7.8,40.2,2.3,227.594,396.0,227.594,cropwat_fao56_pm_from_advisor_or_excel_replicated_regional
P48,BAH-048,2024-09-01,2024,20.0,6.8,31.8,12.2,48.4,2.0,156.472,274.8,156.472,cropwat_fao56_pm_from_advisor_or_excel_replicated_regional
P48,BAH-048,2024-10-01,2024,12.8,-1.0,29.1,0.4,47.7,1.9,126.837,174.4,126.837,cropwat_fao56_pm_from_advisor_or_excel_replicated_regional
P48,BAH-048,2024-11-01,2024,5.2,-12.1,20.6,22.4,64.0,2.0,63.252,87.9,63.252,cropwat_fao56_pm_from_advisor_or_excel_replicated_regional
P48,BAH-048,2024-12-01,2024,3.4,-9.3,15.3,38.6,74.3,2.0,33.267,65.8,33.267,cropwat_fao56_pm_from_advisor_or_excel_replicated_regional
P49,BAH-049,2024-01-01,2024,3.3,-7.0,14.9,50.8,71.8,2.3,38.933,78.8,38.933,cropwat_fao56_pm_from_advisor_or_excel_replicated_regional
P49,BAH-049,2024-02-01,2024,5.3,-5.9,17.2,7.6,63.5,2.1,58.265,84.6,58.265,cropwat_fao56_pm_from_advisor_or_excel_replicated_regional
P49,BAH-049,2024-03-01,2024,7.3,-2.9,25.1,47.4,59.6,2.3,118.586,121.9,118.586,cropwat_fao56_pm_from_advisor_or_excel_replicated_regional
P49,BAH-049,2024-04-01,2024,15.5,3.3,30.3,37.4,47.3,2.5,182.968,239.3,182.968,cropwat_fao56_pm_from_advisor_or_excel_replicated_regional
P49,BAH-049,2024-05-01,2024,15.1,2.5,29.5,48.6,57.7,2.4,189.987,223.7,189.987,cropwat_fao56_pm_from_advisor_or_excel_replicated_regional
P49,BAH-049,2024-06-01,2024,23.9,10.7,35.7,10.2,37.2,2.5,247.459,424.2,247.459,cropwat_fao56_pm_from_advisor_or_excel_replicated_regional
P49,BAH-049,2024-07-01,2024,24.0,13.3,34.4,30.0,45.1,2.5,226.398,424.5,226.398,cropwat_fao56_pm_from_advisor_or_excel_replicated_regional
P49,BAH-049,2024-08-01,2024,24.1,12.7,36.7,7.8,40.2,2.3,227.594,396.0,227.594,cropwat_fao56_pm_from_advisor_or_excel_replicated_regional
P49,BAH-049,2024-09-01,2024,20.0,6.8,31.8,12.2,48.4,2.0,156.472,274.8,156.472,cropwat_fao56_pm_from_advisor_or_excel_replicated_regional
P49,BAH-049,2024-10-01,2024,12.8,-1.0,29.1,0.4,47.7,1.9,126.837,174.4,126.837,cropwat_fao56_pm_from_advisor_or_excel_replicated_regional
P49,BAH-049,2024-11-01,2024,5.2,-12.1,20.6,22.4,64.0,2.0,63.252,87.9,63.252,cropwat_fao56_pm_from_advisor_or_excel_replicated_regional
P49,BAH-049,2024-12-01,2024,3.4,-9.3,15.3,38.6,74.3,2.0,33.267,65.8,33.267,cropwat_fao56_pm_from_advisor_or_excel_replicated_regional
P50,BAH-050,2024-01-01,2024,3.3,-7.0,14.9,50.8,71.8,2.3,38.933,78.8,38.933,cropwat_fao56_pm_from_advisor_or_excel_replicated_regional
P50,BAH-050,2024-02-01,2024,5.3,-5.9,17.2,7.6,63.5,2.1,58.265,84.6,58.265,cropwat_fao56_pm_from_advisor_or_excel_replicated_regional
P50,BAH-050,2024-03-01,2024,7.3,-2.9,25.1,47.4,59.6,2.3,118.586,121.9,118.586,cropwat_fao56_pm_from_advisor_or_excel_replicated_regional
P50,BAH-050,2024-04-01,2024,15.5,3.3,30.3,37.4,47.3,2.5,182.968,239.3,182.968,cropwat_fao56_pm_from_advisor_or_excel_replicated_regional
P50,BAH-050,2024-05-01,2024,15.1,2.5,29.5,48.6,57.7,2.4,189.987,223.7,189.987,cropwat_fao56_pm_from_advisor_or_excel_replicated_regional
P50,BAH-050,2024-06-01,2024,23.9,10.7,35.7,10.2,37.2,2.5,247.459,424.2,247.459,cropwat_fao56_pm_from_advisor_or_excel_replicated_regional
P50,BAH-050,2024-07-01,2024,24.0,13.3,34.4,30.0,45.1,2.5,226.398,424.5,226.398,cropwat_fao56_pm_from_advisor_or_excel_replicated_regional
P50,BAH-050,2024-08-01,2024,24.1,12.7,36.7,7.8,40.2,2.3,227.594,396.0,227.594,cropwat_fao56_pm_from_advisor_or_excel_replicated_regional
P50,BAH-050,2024-09-01,2024,20.0,6.8,31.8,12.2,48.4,2.0,156.472,274.8,156.472,cropwat_fao56_pm_from_advisor_or_excel_replicated_regional
P50,BAH-050,2024-10-01,2024,12.8,-1.0,29.1,0.4,47.7,1.9,126.837,174.4,126.837,cropwat_fao56_pm_from_advisor_or_excel_replicated_regional
P50,BAH-050,2024-11-01,2024,5.2,-12.1,20.6,22.4,64.0,2.0,63.252,87.9,63.252,cropwat_fao56_pm_from_advisor_or_excel_replicated_regional
P50,BAH-050,2024-12-01,2024,3.4,-9.3,15.3,38.6,74.3,2.0,33.267,65.8,33.267,cropwat_fao56_pm_from_advisor_or_excel_replicated_regional
P51,BAH-051,2024-01-01,2024,3.3,-7.0,14.9,50.8,71.8,2.3,38.933,78.8,38.933,cropwat_fao56_pm_from_advisor_or_excel_replicated_regional
P51,BAH-051,2024-02-01,2024,5.3,-5.9,17.2,7.6,63.5,2.1,58.265,84.6,58.265,cropwat_fao56_pm_from_advisor_or_excel_replicated_regional
P51,BAH-051,2024-03-01,2024,7.3,-2.9,25.1,47.4,59.6,2.3,118.586,121.9,118.586,cropwat_fao56_pm_from_advisor_or_excel_replicated_regional
P51,BAH-051,2024-04-01,2024,15.5,3.3,30.3,37.4,47.3,2.5,182.968,239.3,182.968,cropwat_fao56_pm_from_advisor_or_excel_replicated_regional
P51,BAH-051,2024-05-01,2024,15.1,2.5,29.5,48.6,57.7,2.4,189.987,223.7,189.987,cropwat_fao56_pm_from_advisor_or_excel_replicated_regional
P51,BAH-051,2024-06-01,2024,23.9,10.7,35.7,10.2,37.2,2.5,247.459,424.2,247.459,cropwat_fao56_pm_from_advisor_or_excel_replicated_regional
P51,BAH-051,2024-07-01,2024,24.0,13.3,34.4,30.0,45.1,2.5,226.398,424.5,226.398,cropwat_fao56_pm_from_advisor_or_excel_replicated_regional
P51,BAH-051,2024-08-01,2024,24.1,12.7,36.7,7.8,40.2,2.3,227.594,396.0,227.594,cropwat_fao56_pm_from_advisor_or_excel_replicated_regional
P51,BAH-051,2024-09-01,2024,20.0,6.8,31.8,12.2,48.4,2.0,156.472,274.8,156.472,cropwat_fao56_pm_from_advisor_or_excel_replicated_regional
P51,BAH-051,2024-10-01,2024,12.8,-1.0,29.1,0.4,47.7,1.9,126.837,174.4,126.837,cropwat_fao56_pm_from_advisor_or_excel_replicated_regional
P51,BAH-051,2024-11-01,2024,5.2,-12.1,20.6,22.4,64.0,2.0,63.252,87.9,63.252,cropwat_fao56_pm_from_advisor_or_excel_replicated_regional
P51,BAH-051,2024-12-01,2024,3.4,-9.3,15.3,38.6,74.3,2.0,33.267,65.8,33.267,cropwat_fao56_pm_from_advisor_or_excel_replicated_regional
P52,BAH-052,2024-01-01,2024,3.3,-7.0,14.9,50.8,71.8,2.3,38.933,78.8,38.933,cropwat_fao56_pm_from_advisor_or_excel_replicated_regional
P52,BAH-052,2024-02-01,2024,5.3,-5.9,17.2,7.6,63.5,2.1,58.265,84.6,58.265,cropwat_fao56_pm_from_advisor_or_excel_replicated_regional
P52,BAH-052,2024-03-01,2024,7.3,-2.9,25.1,47.4,59.6,2.3,118.586,121.9,118.586,cropwat_fao56_pm_from_advisor_or_excel_replicated_regional
P52,BAH-052,2024-04-01,2024,15.5,3.3,30.3,37.4,47.3,2.5,182.968,239.3,182.968,cropwat_fao56_pm_from_advisor_or_excel_replicated_regional
P52,BAH-052,2024-05-01,2024,15.1,2.5,29.5,48.6,57.7,2.4,189.987,223.7,189.987,cropwat_fao56_pm_from_advisor_or_excel_replicated_regional
P52,BAH-052,2024-06-01,2024,23.9,10.7,35.7,10.2,37.2,2.5,247.459,424.2,247.459,cropwat_fao56_pm_from_advisor_or_excel_replicated_regional
P52,BAH-052,2024-07-01,2024,24.0,13.3,34.4,30.0,45.1,2.5,226.398,424.5,226.398,cropwat_fao56_pm_from_advisor_or_excel_replicated_regional
P52,BAH-052,2024-08-01,2024,24.1,12.7,36.7,7.8,40.2,2.3,227.594,396.0,227.594,cropwat_fao56_pm_from_advisor_or_excel_replicated_regional
P52,BAH-052,2024-09-01,2024,20.0,6.8,31.8,12.2,48.4,2.0,156.472,274.8,156.472,cropwat_fao56_pm_from_advisor_or_excel_replicated_regional
P52,BAH-052,2024-10-01,2024,12.8,-1.0,29.1,0.4,47.7,1.9,126.837,174.4,126.837,cropwat_fao56_pm_from_advisor_or_excel_replicated_regional
P52,BAH-052,2024-11-01,2024,5.2,-12.1,20.6,22.4,64.0,2.0,63.252,87.9,63.252,cropwat_fao56_pm_from_advisor_or_excel_replicated_regional
P52,BAH-052,2024-12-01,2024,3.4,-9.3,15.3,38.6,74.3,2.0,33.267,65.8,33.267,cropwat_fao56_pm_from_advisor_or_excel_replicated_regional
P53,BAH-053,2024-01-01,2024,3.3,-7.0,14.9,50.8,71.8,2.3,38.933,78.8,38.933,cropwat_fao56_pm_from_advisor_or_excel_replicated_regional
P53,BAH-053,2024-02-01,2024,5.3,-5.9,17.2,7.6,63.5,2.1,58.265,84.6,58.265,cropwat_fao56_pm_from_advisor_or_excel_replicated_regional
P53,BAH-053,2024-03-01,2024,7.3,-2.9,25.1,47.4,59.6,2.3,118.586,121.9,118.586,cropwat_fao56_pm_from_advisor_or_excel_replicated_regional
P53,BAH-053,2024-04-01,2024,15.5,3.3,30.3,37.4,47.3,2.5,182.968,239.3,182.968,cropwat_fao56_pm_from_advisor_or_excel_replicated_regional
P53,BAH-053,2024-05-01,2024,15.1,2.5,29.5,48.6,57.7,2.4,189.987,223.7,189.987,cropwat_fao56_pm_from_advisor_or_excel_replicated_regional
P53,BAH-053,2024-06-01,2024,23.9,10.7,35.7,10.2,37.2,2.5,247.459,424.2,247.459,cropwat_fao56_pm_from_advisor_or_excel_replicated_regional
P53,BAH-053,2024-07-01,2024,24.0,13.3,34.4,30.0,45.1,2.5,226.398,424.5,226.398,cropwat_fao56_pm_from_advisor_or_excel_replicated_regional
P53,BAH-053,2024-08-01,2024,24.1,12.7,36.7,7.8,40.2,2.3,227.594,396.0,227.594,cropwat_fao56_pm_from_advisor_or_excel_replicated_regional
P53,BAH-053,2024-09-01,2024,20.0,6.8,31.8,12.2,48.4,2.0,156.472,274.8,156.472,cropwat_fao56_pm_from_advisor_or_excel_replicated_regional
P53,BAH-053,2024-10-01,2024,12.8,-1.0,29.1,0.4,47.7,1.9,126.837,174.4,126.837,cropwat_fao56_pm_from_advisor_or_excel_replicated_regional
P53,BAH-053,2024-11-01,2024,5.2,-12.1,20.6,22.4,64.0,2.0,63.252,87.9,63.252,cropwat_fao56_pm_from_advisor_or_excel_replicated_regional
P53,BAH-053,2024-12-01,2024,3.4,-9.3,15.3,38.6,74.3,2.0,33.267,65.8,33.267,cropwat_fao56_pm_from_advisor_or_excel_replicated_regional
P54,BAH-054,2024-01-01,2024,3.3,-7.0,14.9,50.8,71.8,2.3,38.933,78.8,38.933,cropwat_fao56_pm_from_advisor_or_excel_replicated_regional
P54,BAH-054,2024-02-01,2024,5.3,-5.9,17.2,7.6,63.5,2.1,58.265,84.6,58.265,cropwat_fao56_pm_from_advisor_or_excel_replicated_regional
P54,BAH-054,2024-03-01,2024,7.3,-2.9,25.1,47.4,59.6,2.3,118.586,121.9,118.586,cropwat_fao56_pm_from_advisor_or_excel_replicated_regional
P54,BAH-054,2024-04-01,2024,15.5,3.3,30.3,37.4,47.3,2.5,182.968,239.3,182.968,cropwat_fao56_pm_from_advisor_or_excel_replicated_regional
P54,BAH-054,2024-05-01,2024,15.1,2.5,29.5,48.6,57.7,2.4,189.987,223.7,189.987,cropwat_fao56_pm_from_advisor_or_excel_replicated_regional
P54,BAH-054,2024-06-01,2024,23.9,10.7,35.7,10.2,37.2,2.5,247.459,424.2,247.459,cropwat_fao56_pm_from_advisor_or_excel_replicated_regional
P54,BAH-054,2024-07-01,2024,24.0,13.3,34.4,30.0,45.1,2.5,226.398,424.5,226.398,cropwat_fao56_pm_from_advisor_or_excel_replicated_regional
P54,BAH-054,2024-08-01,2024,24.1,12.7,36.7,7.8,40.2,2.3,227.594,396.0,227.594,cropwat_fao56_pm_from_advisor_or_excel_replicated_regional
P54,BAH-054,2024-09-01,2024,20.0,6.8,31.8,12.2,48.4,2.0,156.472,274.8,156.472,cropwat_fao56_pm_from_advisor_or_excel_replicated_regional
P54,BAH-054,2024-10-01,2024,12.8,-1.0,29.1,0.4,47.7,1.9,126.837,174.4,126.837,cropwat_fao56_pm_from_advisor_or_excel_replicated_regional
P54,BAH-054,2024-11-01,2024,5.2,-12.1,20.6,22.4,64.0,2.0,63.252,87.9,63.252,cropwat_fao56_pm_from_advisor_or_excel_replicated_regional
P54,BAH-054,2024-12-01,2024,3.4,-9.3,15.3,38.6,74.3,2.0,33.267,65.8,33.267,cropwat_fao56_pm_from_advisor_or_excel_replicated_regional
P55,BAH-055,2024-01-01,2024,3.3,-7.0,14.9,50.8,71.8,2.3,38.933,78.8,38.933,cropwat_fao56_pm_from_advisor_or_excel_replicated_regional
P55,BAH-055,2024-02-01,2024,5.3,-5.9,17.2,7.6,63.5,2.1,58.265,84.6,58.265,cropwat_fao56_pm_from_advisor_or_excel_replicated_regional
P55,BAH-055,2024-03-01,2024,7.3,-2.9,25.1,47.4,59.6,2.3,118.586,121.9,118.586,cropwat_fao56_pm_from_advisor_or_excel_replicated_regional
P55,BAH-055,2024-04-01,2024,15.5,3.3,30.3,37.4,47.3,2.5,182.968,239.3,182.968,cropwat_fao56_pm_from_advisor_or_excel_replicated_regional
P55,BAH-055,2024-05-01,2024,15.1,2.5,29.5,48.6,57.7,2.4,189.987,223.7,189.987,cropwat_fao56_pm_from_advisor_or_excel_replicated_regional
P55,BAH-055,2024-06-01,2024,23.9,10.7,35.7,10.2,37.2,2.5,247.459,424.2,247.459,cropwat_fao56_pm_from_advisor_or_excel_replicated_regional
P55,BAH-055,2024-07-01,2024,24.0,13.3,34.4,30.0,45.1,2.5,226.398,424.5,226.398,cropwat_fao56_pm_from_advisor_or_excel_replicated_regional
P55,BAH-055,2024-08-01,2024,24.1,12.7,36.7,7.8,40.2,2.3,227.594,396.0,227.594,cropwat_fao56_pm_from_advisor_or_excel_replicated_regional
P55,BAH-055,2024-09-01,2024,20.0,6.8,31.8,12.2,48.4,2.0,156.472,274.8,156.472,cropwat_fao56_pm_from_advisor_or_excel_replicated_regional
P55,BAH-055,2024-10-01,2024,12.8,-1.0,29.1,0.4,47.7,1.9,126.837,174.4,126.837,cropwat_fao56_pm_from_advisor_or_excel_replicated_regional
P55,BAH-055,2024-11-01,2024,5.2,-12.1,20.6,22.4,64.0,2.0,63.252,87.9,63.252,cropwat_fao56_pm_from_advisor_or_excel_replicated_regional
P55,BAH-055,2024-12-01,2024,3.4,-9.3,15.3,38.6,74.3,2.0,33.267,65.8,33.267,cropwat_fao56_pm_from_advisor_or_excel_replicated_regional
P56,BAH-056,2024-01-01,2024,3.3,-7.0,14.9,50.8,71.8,2.3,38.933,78.8,38.933,cropwat_fao56_pm_from_advisor_or_excel_replicated_regional
P56,BAH-056,2024-02-01,2024,5.3,-5.9,17.2,7.6,63.5,2.1,58.265,84.6,58.265,cropwat_fao56_pm_from_advisor_or_excel_replicated_regional
P56,BAH-056,2024-03-01,2024,7.3,-2.9,25.1,47.4,59.6,2.3,118.586,121.9,118.586,cropwat_fao56_pm_from_advisor_or_excel_replicated_regional
P56,BAH-056,2024-04-01,2024,15.5,3.3,30.3,37.4,47.3,2.5,182.968,239.3,182.968,cropwat_fao56_pm_from_advisor_or_excel_replicated_regional
P56,BAH-056,2024-05-01,2024,15.1,2.5,29.5,48.6,57.7,2.4,189.987,223.7,189.987,cropwat_fao56_pm_from_advisor_or_excel_replicated_regional
P56,BAH-056,2024-06-01,2024,23.9,10.7,35.7,10.2,37.2,2.5,247.459,424.2,247.459,cropwat_fao56_pm_from_advisor_or_excel_replicated_regional
P56,BAH-056,2024-07-01,2024,24.0,13.3,34.4,30.0,45.1,2.5,226.398,424.5,226.398,cropwat_fao56_pm_from_advisor_or_excel_replicated_regional
P56,BAH-056,2024-08-01,2024,24.1,12.7,36.7,7.8,40.2,2.3,227.594,396.0,227.594,cropwat_fao56_pm_from_advisor_or_excel_replicated_regional
P56,BAH-056,2024-09-01,2024,20.0,6.8,31.8,12.2,48.4,2.0,156.472,274.8,156.472,cropwat_fao56_pm_from_advisor_or_excel_replicated_regional
P56,BAH-056,2024-10-01,2024,12.8,-1.0,29.1,0.4,47.7,1.9,126.837,174.4,126.837,cropwat_fao56_pm_from_advisor_or_excel_replicated_regional
P56,BAH-056,2024-11-01,2024,5.2,-12.1,20.6,22.4,64.0,2.0,63.252,87.9,63.252,cropwat_fao56_pm_from_advisor_or_excel_replicated_regional
P56,BAH-056,2024-12-01,2024,3.4,-9.3,15.3,38.6,74.3,2.0,33.267,65.8,33.267,cropwat_fao56_pm_from_advisor_or_excel_replicated_regional
P57,BAH-057,2024-01-01,2024,3.3,-7.0,14.9,50.8,71.8,2.3,38.933,78.8,38.933,cropwat_fao56_pm_from_advisor_or_excel_replicated_regional
P57,BAH-057,2024-02-01,2024,5.3,-5.9,17.2,7.6,63.5,2.1,58.265,84.6,58.265,cropwat_fao56_pm_from_advisor_or_excel_replicated_regional
P57,BAH-057,2024-03-01,2024,7.3,-2.9,25.1,47.4,59.6,2.3,118.586,121.9,118.586,cropwat_fao56_pm_from_advisor_or_excel_replicated_regional
P57,BAH-057,2024-04-01,2024,15.5,3.3,30.3,37.4,47.3,2.5,182.968,239.3,182.968,cropwat_fao56_pm_from_advisor_or_excel_replicated_regional
P57,BAH-057,2024-05-01,2024,15.1,2.5,29.5,48.6,57.7,2.4,189.987,223.7,189.987,cropwat_fao56_pm_from_advisor_or_excel_replicated_regional
P57,BAH-057,2024-06-01,2024,23.9,10.7,35.7,10.2,37.2,2.5,247.459,424.2,247.459,cropwat_fao56_pm_from_advisor_or_excel_replicated_regional
P57,BAH-057,2024-07-01,2024,24.0,13.3,34.4,30.0,45.1,2.5,226.398,424.5,226.398,cropwat_fao56_pm_from_advisor_or_excel_replicated_regional
P57,BAH-057,2024-08-01,2024,24.1,12.7,36.7,7.8,40.2,2.3,227.594,396.0,227.594,cropwat_fao56_pm_from_advisor_or_excel_replicated_regional
P57,BAH-057,2024-09-01,2024,20.0,6.8,31.8,12.2,48.4,2.0,156.472,274.8,156.472,cropwat_fao56_pm_from_advisor_or_excel_replicated_regional
P57,BAH-057,2024-10-01,2024,12.8,-1.0,29.1,0.4,47.7,1.9,126.837,174.4,126.837,cropwat_fao56_pm_from_advisor_or_excel_replicated_regional
P57,BAH-057,2024-11-01,2024,5.2,-12.1,20.6,22.4,64.0,2.0,63.252,87.9,63.252,cropwat_fao56_pm_from_advisor_or_excel_replicated_regional
P57,BAH-057,2024-12-01,2024,3.4,-9.3,15.3,38.6,74.3,2.0,33.267,65.8,33.267,cropwat_fao56_pm_from_advisor_or_excel_replicated_regional
P58,BAH-058,2024-01-01,2024,3.3,-7.0,14.9,50.8,71.8,2.3,38.933,78.8,38.933,cropwat_fao56_pm_from_advisor_or_excel_replicated_regional
P58,BAH-058,2024-02-01,2024,5.3,-5.9,17.2,7.6,63.5,2.1,58.265,84.6,58.265,cropwat_fao56_pm_from_advisor_or_excel_replicated_regional
P58,BAH-058,2024-03-01,2024,7.3,-2.9,25.1,47.4,59.6,2.3,118.586,121.9,118.586,cropwat_fao56_pm_from_advisor_or_excel_replicated_regional
P58,BAH-058,2024-04-01,2024,15.5,3.3,30.3,37.4,47.3,2.5,182.968,239.3,182.968,cropwat_fao56_pm_from_advisor_or_excel_replicated_regional
P58,BAH-058,2024-05-01,2024,15.1,2.5,29.5,48.6,57.7,2.4,189.987,223.7,189.987,cropwat_fao56_pm_from_advisor_or_excel_replicated_regional
P58,BAH-058,2024-06-01,2024,23.9,10.7,35.7,10.2,37.2,2.5,247.459,424.2,247.459,cropwat_fao56_pm_from_advisor_or_excel_replicated_regional
P58,BAH-058,2024-07-01,2024,24.0,13.3,34.4,30.0,45.1,2.5,226.398,424.5,226.398,cropwat_fao56_pm_from_advisor_or_excel_replicated_regional
P58,BAH-058,2024-08-01,2024,24.1,12.7,36.7,7.8,40.2,2.3,227.594,396.0,227.594,cropwat_fao56_pm_from_advisor_or_excel_replicated_regional
P58,BAH-058,2024-09-01,2024,20.0,6.8,31.8,12.2,48.4,2.0,156.472,274.8,156.472,cropwat_fao56_pm_from_advisor_or_excel_replicated_regional
P58,BAH-058,2024-10-01,2024,12.8,-1.0,29.1,0.4,47.7,1.9,126.837,174.4,126.837,cropwat_fao56_pm_from_advisor_or_excel_replicated_regional
P58,BAH-058,2024-11-01,2024,5.2,-12.1,20.6,22.4,64.0,2.0,63.252,87.9,63.252,cropwat_fao56_pm_from_advisor_or_excel_replicated_regional
P58,BAH-058,2024-12-01,2024,3.4,-9.3,15.3,38.6,74.3,2.0,33.267,65.8,33.267,cropwat_fao56_pm_from_advisor_or_excel_replicated_regional
P59,BAH-059,2024-01-01,2024,3.3,-7.0,14.9,50.8,71.8,2.3,38.933,78.8,38.933,cropwat_fao56_pm_from_advisor_or_excel_replicated_regional
P59,BAH-059,2024-02-01,2024,5.3,-5.9,17.2,7.6,63.5,2.1,58.265,84.6,58.265,cropwat_fao56_pm_from_advisor_or_excel_replicated_regional
P59,BAH-059,2024-03-01,2024,7.3,-2.9,25.1,47.4,59.6,2.3,118.586,121.9,118.586,cropwat_fao56_pm_from_advisor_or_excel_replicated_regional
P59,BAH-059,2024-04-01,2024,15.5,3.3,30.3,37.4,47.3,2.5,182.968,239.3,182.968,cropwat_fao56_pm_from_advisor_or_excel_replicated_regional
P59,BAH-059,2024-05-01,2024,15.1,2.5,29.5,48.6,57.7,2.4,189.987,223.7,189.987,cropwat_fao56_pm_from_advisor_or_excel_replicated_regional
P59,BAH-059,2024-06-01,2024,23.9,10.7,35.7,10.2,37.2,2.5,247.459,424.2,247.459,cropwat_fao56_pm_from_advisor_or_excel_replicated_regional
P59,BAH-059,2024-07-01,2024,24.0,13.3,34.4,30.0,45.1,2.5,226.398,424.5,226.398,cropwat_fao56_pm_from_advisor_or_excel_replicated_regional
P59,BAH-059,2024-08-01,2024,24.1,12.7,36.7,7.8,40.2,2.3,227.594,396.0,227.594,cropwat_fao56_pm_from_advisor_or_excel_replicated_regional
P59,BAH-059,2024-09-01,2024,20.0,6.8,31.8,12.2,48.4,2.0,156.472,274.8,156.472,cropwat_fao56_pm_from_advisor_or_excel_replicated_regional
P59,BAH-059,2024-10-01,2024,12.8,-1.0,29.1,0.4,47.7,1.9,126.837,174.4,126.837,cropwat_fao56_pm_from_advisor_or_excel_replicated_regional
P59,BAH-059,2024-11-01,2024,5.2,-12.1,20.6,22.4,64.0,2.0,63.252,87.9,63.252,cropwat_fao56_pm_from_advisor_or_excel_replicated_regional
P59,BAH-059,2024-12-01,2024,3.4,-9.3,15.3,38.6,74.3,2.0,33.267,65.8,33.267,cropwat_fao56_pm_from_advisor_or_excel_replicated_regional
P60,BAH-060,2024-01-01,2024,3.3,-7.0,14.9,50.8,71.8,2.3,38.933,78.8,38.933,cropwat_fao56_pm_from_advisor_or_excel_replicated_regional
P60,BAH-060,2024-02-01,2024,5.3,-5.9,17.2,7.6,63.5,2.1,58.265,84.6,58.265,cropwat_fao56_pm_from_advisor_or_excel_replicated_regional
P60,BAH-060,2024-03-01,2024,7.3,-2.9,25.1,47.4,59.6,2.3,118.586,121.9,118.586,cropwat_fao56_pm_from_advisor_or_excel_replicated_regional
P60,BAH-060,2024-04-01,2024,15.5,3.3,30.3,37.4,47.3,2.5,182.968,239.3,182.968,cropwat_fao56_pm_from_advisor_or_excel_replicated_regional
P60,BAH-060,2024-05-01,2024,15.1,2.5,29.5,48.6,57.7,2.4,189.987,223.7,189.987,cropwat_fao56_pm_from_advisor_or_excel_replicated_regional
P60,BAH-060,2024-06-01,2024,23.9,10.7,35.7,10.2,37.2,2.5,247.459,424.2,247.459,cropwat_fao56_pm_from_advisor_or_excel_replicated_regional
P60,BAH-060,2024-07-01,2024,24.0,13.3,34.4,30.0,45.1,2.5,226.398,424.5,226.398,cropwat_fao56_pm_from_advisor_or_excel_replicated_regional
P60,BAH-060,2024-08-01,2024,24.1,12.7,36.7,7.8,40.2,2.3,227.594,396.0,227.594,cropwat_fao56_pm_from_advisor_or_excel_replicated_regional
P60,BAH-060,2024-09-01,2024,20.0,6.8,31.8,12.2,48.4,2.0,156.472,274.8,156.472,cropwat_fao56_pm_from_advisor_or_excel_replicated_regional
P60,BAH-060,2024-10-01,2024,12.8,-1.0,29.1,0.4,47.7,1.9,126.837,174.4,126.837,cropwat_fao56_pm_from_advisor_or_excel_replicated_regional
P60,BAH-060,2024-11-01,2024,5.2,-12.1,20.6,22.4,64.0,2.0,63.252,87.9,63.252,cropwat_fao56_pm_from_advisor_or_excel_replicated_regional
P60,BAH-060,2024-12-01,2024,3.4,-9.3,15.3,38.6,74.3,2.0,33.267,65.8,33.267,cropwat_fao56_pm_from_advisor_or_excel_replicated_regional
P61,BAH-061,2024-01-01,2024,3.3,-7.0,14.9,50.8,71.8,2.3,38.933,78.8,38.933,cropwat_fao56_pm_from_advisor_or_excel_replicated_regional
P61,BAH-061,2024-02-01,2024,5.3,-5.9,17.2,7.6,63.5,2.1,58.265,84.6,58.265,cropwat_fao56_pm_from_advisor_or_excel_replicated_regional
P61,BAH-061,2024-03-01,2024,7.3,-2.9,25.1,47.4,59.6,2.3,118.586,121.9,118.586,cropwat_fao56_pm_from_advisor_or_excel_replicated_regional
P61,BAH-061,2024-04-01,2024,15.5,3.3,30.3,37.4,47.3,2.5,182.968,239.3,182.968,cropwat_fao56_pm_from_advisor_or_excel_replicated_regional
P61,BAH-061,2024-05-01,2024,15.1,2.5,29.5,48.6,57.7,2.4,189.987,223.7,189.987,cropwat_fao56_pm_from_advisor_or_excel_replicated_regional
P61,BAH-061,2024-06-01,2024,23.9,10.7,35.7,10.2,37.2,2.5,247.459,424.2,247.459,cropwat_fao56_pm_from_advisor_or_excel_replicated_regional
P61,BAH-061,2024-07-01,2024,24.0,13.3,34.4,30.0,45.1,2.5,226.398,424.5,226.398,cropwat_fao56_pm_from_advisor_or_excel_replicated_regional
P61,BAH-061,2024-08-01,2024,24.1,12.7,36.7,7.8,40.2,2.3,227.594,396.0,227.594,cropwat_fao56_pm_from_advisor_or_excel_replicated_regional
P61,BAH-061,2024-09-01,2024,20.0,6.8,31.8,12.2,48.4,2.0,156.472,274.8,156.472,cropwat_fao56_pm_from_advisor_or_excel_replicated_regional
P61,BAH-061,2024-10-01,2024,12.8,-1.0,29.1,0.4,47.7,1.9,126.837,174.4,126.837,cropwat_fao56_pm_from_advisor_or_excel_replicated_regional
P61,BAH-061,2024-11-01,2024,5.2,-12.1,20.6,22.4,64.0,2.0,63.252,87.9,63.252,cropwat_fao56_pm_from_advisor_or_excel_replicated_regional
P61,BAH-061,2024-12-01,2024,3.4,-9.3,15.3,38.6,74.3,2.0,33.267,65.8,33.267,cropwat_fao56_pm_from_advisor_or_excel_replicated_regional
P62,BAH-062,2024-01-01,2024,3.3,-7.0,14.9,50.8,71.8,2.3,38.933,78.8,38.933,cropwat_fao56_pm_from_advisor_or_excel_replicated_regional
P62,BAH-062,2024-02-01,2024,5.3,-5.9,17.2,7.6,63.5,2.1,58.265,84.6,58.265,cropwat_fao56_pm_from_advisor_or_excel_replicated_regional
P62,BAH-062,2024-03-01,2024,7.3,-2.9,25.1,47.4,59.6,2.3,118.586,121.9,118.586,cropwat_fao56_pm_from_advisor_or_excel_replicated_regional
P62,BAH-062,2024-04-01,2024,15.5,3.3,30.3,37.4,47.3,2.5,182.968,239.3,182.968,cropwat_fao56_pm_from_advisor_or_excel_replicated_regional
P62,BAH-062,2024-05-01,2024,15.1,2.5,29.5,48.6,57.7,2.4,189.987,223.7,189.987,cropwat_fao56_pm_from_advisor_or_excel_replicated_regional
P62,BAH-062,2024-06-01,2024,23.9,10.7,35.7,10.2,37.2,2.5,247.459,424.2,247.459,cropwat_fao56_pm_from_advisor_or_excel_replicated_regional
P62,BAH-062,2024-07-01,2024,24.0,13.3,34.4,30.0,45.1,2.5,226.398,424.5,226.398,cropwat_fao56_pm_from_advisor_or_excel_replicated_regional
P62,BAH-062,2024-08-01,2024,24.1,12.7,36.7,7.8,40.2,2.3,227.594,396.0,227.594,cropwat_fao56_pm_from_advisor_or_excel_replicated_regional
P62,BAH-062,2024-09-01,2024,20.0,6.8,31.8,12.2,48.4,2.0,156.472,274.8,156.472,cropwat_fao56_pm_from_advisor_or_excel_replicated_regional
P62,BAH-062,2024-10-01,2024,12.8,-1.0,29.1,0.4,47.7,1.9,126.837,174.4,126.837,cropwat_fao56_pm_from_advisor_or_excel_replicated_regional
P62,BAH-062,2024-11-01,2024,5.2,-12.1,20.6,22.4,64.0,2.0,63.252,87.9,63.252,cropwat_fao56_pm_from_advisor_or_excel_replicated_regional
P62,BAH-062,2024-12-01,2024,3.4,-9.3,15.3,38.6,74.3,2.0,33.267,65.8,33.267,cropwat_fao56_pm_from_advisor_or_excel_replicated_regional
P63,BAH-063,2024-01-01,2024,3.3,-7.0,14.9,50.8,71.8,2.3,38.933,78.8,38.933,cropwat_fao56_pm_from_advisor_or_excel_replicated_regional
P63,BAH-063,2024-02-01,2024,5.3,-5.9,17.2,7.6,63.5,2.1,58.265,84.6,58.265,cropwat_fao56_pm_from_advisor_or_excel_replicated_regional
P63,BAH-063,2024-03-01,2024,7.3,-2.9,25.1,47.4,59.6,2.3,118.586,121.9,118.586,cropwat_fao56_pm_from_advisor_or_excel_replicated_regional
P63,BAH-063,2024-04-01,2024,15.5,3.3,30.3,37.4,47.3,2.5,182.968,239.3,182.968,cropwat_fao56_pm_from_advisor_or_excel_replicated_regional
P63,BAH-063,2024-05-01,2024,15.1,2.5,29.5,48.6,57.7,2.4,189.987,223.7,189.987,cropwat_fao56_pm_from_advisor_or_excel_replicated_regional
P63,BAH-063,2024-06-01,2024,23.9,10.7,35.7,10.2,37.2,2.5,247.459,424.2,247.459,cropwat_fao56_pm_from_advisor_or_excel_replicated_regional
P63,BAH-063,2024-07-01,2024,24.0,13.3,34.4,30.0,45.1,2.5,226.398,424.5,226.398,cropwat_fao56_pm_from_advisor_or_excel_replicated_regional
P63,BAH-063,2024-08-01,2024,24.1,12.7,36.7,7.8,40.2,2.3,227.594,396.0,227.594,cropwat_fao56_pm_from_advisor_or_excel_replicated_regional
P63,BAH-063,2024-09-01,2024,20.0,6.8,31.8,12.2,48.4,2.0,156.472,274.8,156.472,cropwat_fao56_pm_from_advisor_or_excel_replicated_regional
P63,BAH-063,2024-10-01,2024,12.8,-1.0,29.1,0.4,47.7,1.9,126.837,174.4,126.837,cropwat_fao56_pm_from_advisor_or_excel_replicated_regional
P63,BAH-063,2024-11-01,2024,5.2,-12.1,20.6,22.4,64.0,2.0,63.252,87.9,63.252,cropwat_fao56_pm_from_advisor_or_excel_replicated_regional
P63,BAH-063,2024-12-01,2024,3.4,-9.3,15.3,38.6,74.3,2.0,33.267,65.8,33.267,cropwat_fao56_pm_from_advisor_or_excel_replicated_regional
P64,BAH-064,2024-01-01,2024,3.3,-7.0,14.9,50.8,71.8,2.3,38.933,78.8,38.933,cropwat_fao56_pm_from_advisor_or_excel_replicated_regional
P64,BAH-064,2024-02-01,2024,5.3,-5.9,17.2,7.6,63.5,2.1,58.265,84.6,58.265,cropwat_fao56_pm_from_advisor_or_excel_replicated_regional
P64,BAH-064,2024-03-01,2024,7.3,-2.9,25.1,47.4,59.6,2.3,118.586,121.9,118.586,cropwat_fao56_pm_from_advisor_or_excel_replicated_regional
P64,BAH-064,2024-04-01,2024,15.5,3.3,30.3,37.4,47.3,2.5,182.968,239.3,182.968,cropwat_fao56_pm_from_advisor_or_excel_replicated_regional
P64,BAH-064,2024-05-01,2024,15.1,2.5,29.5,48.6,57.7,2.4,189.987,223.7,189.987,cropwat_fao56_pm_from_advisor_or_excel_replicated_regional
P64,BAH-064,2024-06-01,2024,23.9,10.7,35.7,10.2,37.2,2.5,247.459,424.2,247.459,cropwat_fao56_pm_from_advisor_or_excel_replicated_regional
P64,BAH-064,2024-07-01,2024,24.0,13.3,34.4,30.0,45.1,2.5,226.398,424.5,226.398,cropwat_fao56_pm_from_advisor_or_excel_replicated_regional
P64,BAH-064,2024-08-01,2024,24.1,12.7,36.7,7.8,40.2,2.3,227.594,396.0,227.594,cropwat_fao56_pm_from_advisor_or_excel_replicated_regional
P64,BAH-064,2024-09-01,2024,20.0,6.8,31.8,12.2,48.4,2.0,156.472,274.8,156.472,cropwat_fao56_pm_from_advisor_or_excel_replicated_regional
P64,BAH-064,2024-10-01,2024,12.8,-1.0,29.1,0.4,47.7,1.9,126.837,174.4,126.837,cropwat_fao56_pm_from_advisor_or_excel_replicated_regional
P64,BAH-064,2024-11-01,2024,5.2,-12.1,20.6,22.4,64.0,2.0,63.252,87.9,63.252,cropwat_fao56_pm_from_advisor_or_excel_replicated_regional
P64,BAH-064,2024-12-01,2024,3.4,-9.3,15.3,38.6,74.3,2.0,33.267,65.8,33.267,cropwat_fao56_pm_from_advisor_or_excel_replicated_regional
P65,BAH-065,2024-01-01,2024,3.3,-7.0,14.9,50.8,71.8,2.3,38.933,78.8,38.933,cropwat_fao56_pm_from_advisor_or_excel_replicated_regional
P65,BAH-065,2024-02-01,2024,5.3,-5.9,17.2,7.6,63.5,2.1,58.265,84.6,58.265,cropwat_fao56_pm_from_advisor_or_excel_replicated_regional
P65,BAH-065,2024-03-01,2024,7.3,-2.9,25.1,47.4,59.6,2.3,118.586,121.9,118.586,cropwat_fao56_pm_from_advisor_or_excel_replicated_regional
P65,BAH-065,2024-04-01,2024,15.5,3.3,30.3,37.4,47.3,2.5,182.968,239.3,182.968,cropwat_fao56_pm_from_advisor_or_excel_replicated_regional
P65,BAH-065,2024-05-01,2024,15.1,2.5,29.5,48.6,57.7,2.4,189.987,223.7,189.987,cropwat_fao56_pm_from_advisor_or_excel_replicated_regional
P65,BAH-065,2024-06-01,2024,23.9,10.7,35.7,10.2,37.2,2.5,247.459,424.2,247.459,cropwat_fao56_pm_from_advisor_or_excel_replicated_regional
P65,BAH-065,2024-07-01,2024,24.0,13.3,34.4,30.0,45.1,2.5,226.398,424.5,226.398,cropwat_fao56_pm_from_advisor_or_excel_replicated_regional
P65,BAH-065,2024-08-01,2024,24.1,12.7,36.7,7.8,40.2,2.3,227.594,396.0,227.594,cropwat_fao56_pm_from_advisor_or_excel_replicated_regional
P65,BAH-065,2024-09-01,2024,20.0,6.8,31.8,12.2,48.4,2.0,156.472,274.8,156.472,cropwat_fao56_pm_from_advisor_or_excel_replicated_regional
P65,BAH-065,2024-10-01,2024,12.8,-1.0,29.1,0.4,47.7,1.9,126.837,174.4,126.837,cropwat_fao56_pm_from_advisor_or_excel_replicated_regional
P65,BAH-065,2024-11-01,2024,5.2,-12.1,20.6,22.4,64.0,2.0,63.252,87.9,63.252,cropwat_fao56_pm_from_advisor_or_excel_replicated_regional
P65,BAH-065,2024-12-01,2024,3.4,-9.3,15.3,38.6,74.3,2.0,33.267,65.8,33.267,cropwat_fao56_pm_from_advisor_or_excel_replicated_regional
P66,BAH-066,2024-01-01,2024,3.3,-7.0,14.9,50.8,71.8,2.3,38.933,78.8,38.933,cropwat_fao56_pm_from_advisor_or_excel_replicated_regional
P66,BAH-066,2024-02-01,2024,5.3,-5.9,17.2,7.6,63.5,2.1,58.265,84.6,58.265,cropwat_fao56_pm_from_advisor_or_excel_replicated_regional
P66,BAH-066,2024-03-01,2024,7.3,-2.9,25.1,47.4,59.6,2.3,118.586,121.9,118.586,cropwat_fao56_pm_from_advisor_or_excel_replicated_regional
P66,BAH-066,2024-04-01,2024,15.5,3.3,30.3,37.4,47.3,2.5,182.968,239.3,182.968,cropwat_fao56_pm_from_advisor_or_excel_replicated_regional
P66,BAH-066,2024-05-01,2024,15.1,2.5,29.5,48.6,57.7,2.4,189.987,223.7,189.987,cropwat_fao56_pm_from_advisor_or_excel_replicated_regional
P66,BAH-066,2024-06-01,2024,23.9,10.7,35.7,10.2,37.2,2.5,247.459,424.2,247.459,cropwat_fao56_pm_from_advisor_or_excel_replicated_regional
P66,BAH-066,2024-07-01,2024,24.0,13.3,34.4,30.0,45.1,2.5,226.398,424.5,226.398,cropwat_fao56_pm_from_advisor_or_excel_replicated_regional
P66,BAH-066,2024-08-01,2024,24.1,12.7,36.7,7.8,40.2,2.3,227.594,396.0,227.594,cropwat_fao56_pm_from_advisor_or_excel_replicated_regional
P66,BAH-066,2024-09-01,2024,20.0,6.8,31.8,12.2,48.4,2.0,156.472,274.8,156.472,cropwat_fao56_pm_from_advisor_or_excel_replicated_regional
P66,BAH-066,2024-10-01,2024,12.8,-1.0,29.1,0.4,47.7,1.9,126.837,174.4,126.837,cropwat_fao56_pm_from_advisor_or_excel_replicated_regional
P66,BAH-066,2024-11-01,2024,5.2,-12.1,20.6,22.4,64.0,2.0,63.252,87.9,63.252,cropwat_fao56_pm_from_advisor_or_excel_replicated_regional
P66,BAH-066,2024-12-01,2024,3.4,-9.3,15.3,38.6,74.3,2.0,33.267,65.8,33.267,cropwat_fao56_pm_from_advisor_or_excel_replicated_regional
P67,BAH-067,2024-01-01,2024,3.3,-7.0,14.9,50.8,71.8,2.3,38.933,78.8,38.933,cropwat_fao56_pm_from_advisor_or_excel_replicated_regional
P67,BAH-067,2024-02-01,2024,5.3,-5.9,17.2,7.6,63.5,2.1,58.265,84.6,58.265,cropwat_fao56_pm_from_advisor_or_excel_replicated_regional
P67,BAH-067,2024-03-01,2024,7.3,-2.9,25.1,47.4,59.6,2.3,118.586,121.9,118.586,cropwat_fao56_pm_from_advisor_or_excel_replicated_regional
P67,BAH-067,2024-04-01,2024,15.5,3.3,30.3,37.4,47.3,2.5,182.968,239.3,182.968,cropwat_fao56_pm_from_advisor_or_excel_replicated_regional
P67,BAH-067,2024-05-01,2024,15.1,2.5,29.5,48.6,57.7,2.4,189.987,223.7,189.987,cropwat_fao56_pm_from_advisor_or_excel_replicated_regional
P67,BAH-067,2024-06-01,2024,23.9,10.7,35.7,10.2,37.2,2.5,247.459,424.2,247.459,cropwat_fao56_pm_from_advisor_or_excel_replicated_regional
P67,BAH-067,2024-07-01,2024,24.0,13.3,34.4,30.0,45.1,2.5,226.398,424.5,226.398,cropwat_fao56_pm_from_advisor_or_excel_replicated_regional
P67,BAH-067,2024-08-01,2024,24.1,12.7,36.7,7.8,40.2,2.3,227.594,396.0,227.594,cropwat_fao56_pm_from_advisor_or_excel_replicated_regional
P67,BAH-067,2024-09-01,2024,20.0,6.8,31.8,12.2,48.4,2.0,156.472,274.8,156.472,cropwat_fao56_pm_from_advisor_or_excel_replicated_regional
P67,BAH-067,2024-10-01,2024,12.8,-1.0,29.1,0.4,47.7,1.9,126.837,174.4,126.837,cropwat_fao56_pm_from_advisor_or_excel_replicated_regional
P67,BAH-067,2024-11-01,2024,5.2,-12.1,20.6,22.4,64.0,2.0,63.252,87.9,63.252,cropwat_fao56_pm_from_advisor_or_excel_replicated_regional
P67,BAH-067,2024-12-01,2024,3.4,-9.3,15.3,38.6,74.3,2.0,33.267,65.8,33.267,cropwat_fao56_pm_from_advisor_or_excel_replicated_regional
P68,BAH-068,2024-01-01,2024,3.3,-7.0,14.9,50.8,71.8,2.3,38.933,78.8,38.933,cropwat_fao56_pm_from_advisor_or_excel_replicated_regional
P68,BAH-068,2024-02-01,2024,5.3,-5.9,17.2,7.6,63.5,2.1,58.265,84.6,58.265,cropwat_fao56_pm_from_advisor_or_excel_replicated_regional
P68,BAH-068,2024-03-01,2024,7.3,-2.9,25.1,47.4,59.6,2.3,118.586,121.9,118.586,cropwat_fao56_pm_from_advisor_or_excel_replicated_regional
P68,BAH-068,2024-04-01,2024,15.5,3.3,30.3,37.4,47.3,2.5,182.968,239.3,182.968,cropwat_fao56_pm_from_advisor_or_excel_replicated_regional
P68,BAH-068,2024-05-01,2024,15.1,2.5,29.5,48.6,57.7,2.4,189.987,223.7,189.987,cropwat_fao56_pm_from_advisor_or_excel_replicated_regional
P68,BAH-068,2024-06-01,2024,23.9,10.7,35.7,10.2,37.2,2.5,247.459,424.2,247.459,cropwat_fao56_pm_from_advisor_or_excel_replicated_regional
P68,BAH-068,2024-07-01,2024,24.0,13.3,34.4,30.0,45.1,2.5,226.398,424.5,226.398,cropwat_fao56_pm_from_advisor_or_excel_replicated_regional
P68,BAH-068,2024-08-01,2024,24.1,12.7,36.7,7.8,40.2,2.3,227.594,396.0,227.594,cropwat_fao56_pm_from_advisor_or_excel_replicated_regional
P68,BAH-068,2024-09-01,2024,20.0,6.8,31.8,12.2,48.4,2.0,156.472,274.8,156.472,cropwat_fao56_pm_from_advisor_or_excel_replicated_regional
P68,BAH-068,2024-10-01,2024,12.8,-1.0,29.1,0.4,47.7,1.9,126.837,174.4,126.837,cropwat_fao56_pm_from_advisor_or_excel_replicated_regional
P68,BAH-068,2024-11-01,2024,5.2,-12.1,20.6,22.4,64.0,2.0,63.252,87.9,63.252,cropwat_fao56_pm_from_advisor_or_excel_replicated_regional
P68,BAH-068,2024-12-01,2024,3.4,-9.3,15.3,38.6,74.3,2.0,33.267,65.8,33.267,cropwat_fao56_pm_from_advisor_or_excel_replicated_regional
P69,BAH-069,2024-01-01,2024,3.3,-7.0,14.9,50.8,71.8,2.3,38.933,78.8,38.933,cropwat_fao56_pm_from_advisor_or_excel_replicated_regional
P69,BAH-069,2024-02-01,2024,5.3,-5.9,17.2,7.6,63.5,2.1,58.265,84.6,58.265,cropwat_fao56_pm_from_advisor_or_excel_replicated_regional
P69,BAH-069,2024-03-01,2024,7.3,-2.9,25.1,47.4,59.6,2.3,118.586,121.9,118.586,cropwat_fao56_pm_from_advisor_or_excel_replicated_regional
P69,BAH-069,2024-04-01,2024,15.5,3.3,30.3,37.4,47.3,2.5,182.968,239.3,182.968,cropwat_fao56_pm_from_advisor_or_excel_replicated_regional
P69,BAH-069,2024-05-01,2024,15.1,2.5,29.5,48.6,57.7,2.4,189.987,223.7,189.987,cropwat_fao56_pm_from_advisor_or_excel_replicated_regional
P69,BAH-069,2024-06-01,2024,23.9,10.7,35.7,10.2,37.2,2.5,247.459,424.2,247.459,cropwat_fao56_pm_from_advisor_or_excel_replicated_regional
P69,BAH-069,2024-07-01,2024,24.0,13.3,34.4,30.0,45.1,2.5,226.398,424.5,226.398,cropwat_fao56_pm_from_advisor_or_excel_replicated_regional
P69,BAH-069,2024-08-01,2024,24.1,12.7,36.7,7.8,40.2,2.3,227.594,396.0,227.594,cropwat_fao56_pm_from_advisor_or_excel_replicated_regional
P69,BAH-069,2024-09-01,2024,20.0,6.8,31.8,12.2,48.4,2.0,156.472,274.8,156.472,cropwat_fao56_pm_from_advisor_or_excel_replicated_regional
P69,BAH-069,2024-10-01,2024,12.8,-1.0,29.1,0.4,47.7,1.9,126.837,174.4,126.837,cropwat_fao56_pm_from_advisor_or_excel_replicated_regional
P69,BAH-069,2024-11-01,2024,5.2,-12.1,20.6,22.4,64.0,2.0,63.252,87.9,63.252,cropwat_fao56_pm_from_advisor_or_excel_replicated_regional
P69,BAH-069,2024-12-01,2024,3.4,-9.3,15.3,38.6,74.3,2.0,33.267,65.8,33.267,cropwat_fao56_pm_from_advisor_or_excel_replicated_regional
P70,BAH-070,2024-01-01,2024,3.3,-7.0,14.9,50.8,71.8,2.3,38.933,78.8,38.933,cropwat_fao56_pm_from_advisor_or_excel_replicated_regional
P70,BAH-070,2024-02-01,2024,5.3,-5.9,17.2,7.6,63.5,2.1,58.265,84.6,58.265,cropwat_fao56_pm_from_advisor_or_excel_replicated_regional
P70,BAH-070,2024-03-01,2024,7.3,-2.9,25.1,47.4,59.6,2.3,118.586,121.9,118.586,cropwat_fao56_pm_from_advisor_or_excel_replicated_regional
P70,BAH-070,2024-04-01,2024,15.5,3.3,30.3,37.4,47.3,2.5,182.968,239.3,182.968,cropwat_fao56_pm_from_advisor_or_excel_replicated_regional
P70,BAH-070,2024-05-01,2024,15.1,2.5,29.5,48.6,57.7,2.4,189.987,223.7,189.987,cropwat_fao56_pm_from_advisor_or_excel_replicated_regional
P70,BAH-070,2024-06-01,2024,23.9,10.7,35.7,10.2,37.2,2.5,247.459,424.2,247.459,cropwat_fao56_pm_from_advisor_or_excel_replicated_regional
P70,BAH-070,2024-07-01,2024,24.0,13.3,34.4,30.0,45.1,2.5,226.398,424.5,226.398,cropwat_fao56_pm_from_advisor_or_excel_replicated_regional
P70,BAH-070,2024-08-01,2024,24.1,12.7,36.7,7.8,40.2,2.3,227.594,396.0,227.594,cropwat_fao56_pm_from_advisor_or_excel_replicated_regional
P70,BAH-070,2024-09-01,2024,20.0,6.8,31.8,12.2,48.4,2.0,156.472,274.8,156.472,cropwat_fao56_pm_from_advisor_or_excel_replicated_regional
P70,BAH-070,2024-10-01,2024,12.8,-1.0,29.1,0.4,47.7,1.9,126.837,174.4,126.837,cropwat_fao56_pm_from_advisor_or_excel_replicated_regional
P70,BAH-070,2024-11-01,2024,5.2,-12.1,20.6,22.4,64.0,2.0,63.252,87.9,63.252,cropwat_fao56_pm_from_advisor_or_excel_replicated_regional
P70,BAH-070,2024-12-01,2024,3.4,-9.3,15.3,38.6,74.3,2.0,33.267,65.8,33.267,cropwat_fao56_pm_from_advisor_or_excel_replicated_regional
P71,BAH-071,2024-01-01,2024,3.3,-7.0,14.9,50.8,71.8,2.3,38.933,78.8,38.933,cropwat_fao56_pm_from_advisor_or_excel_replicated_regional
P71,BAH-071,2024-02-01,2024,5.3,-5.9,17.2,7.6,63.5,2.1,58.265,84.6,58.265,cropwat_fao56_pm_from_advisor_or_excel_replicated_regional
P71,BAH-071,2024-03-01,2024,7.3,-2.9,25.1,47.4,59.6,2.3,118.586,121.9,118.586,cropwat_fao56_pm_from_advisor_or_excel_replicated_regional
P71,BAH-071,2024-04-01,2024,15.5,3.3,30.3,37.4,47.3,2.5,182.968,239.3,182.968,cropwat_fao56_pm_from_advisor_or_excel_replicated_regional
P71,BAH-071,2024-05-01,2024,15.1,2.5,29.5,48.6,57.7,2.4,189.987,223.7,189.987,cropwat_fao56_pm_from_advisor_or_excel_replicated_regional
P71,BAH-071,2024-06-01,2024,23.9,10.7,35.7,10.2,37.2,2.5,247.459,424.2,247.459,cropwat_fao56_pm_from_advisor_or_excel_replicated_regional
P71,BAH-071,2024-07-01,2024,24.0,13.3,34.4,30.0,45.1,2.5,226.398,424.5,226.398,cropwat_fao56_pm_from_advisor_or_excel_replicated_regional
P71,BAH-071,2024-08-01,2024,24.1,12.7,36.7,7.8,40.2,2.3,227.594,396.0,227.594,cropwat_fao56_pm_from_advisor_or_excel_replicated_regional
P71,BAH-071,2024-09-01,2024,20.0,6.8,31.8,12.2,48.4,2.0,156.472,274.8,156.472,cropwat_fao56_pm_from_advisor_or_excel_replicated_regional
P71,BAH-071,2024-10-01,2024,12.8,-1.0,29.1,0.4,47.7,1.9,126.837,174.4,126.837,cropwat_fao56_pm_from_advisor_or_excel_replicated_regional
P71,BAH-071,2024-11-01,2024,5.2,-12.1,20.6,22.4,64.0,2.0,63.252,87.9,63.252,cropwat_fao56_pm_from_advisor_or_excel_replicated_regional
P71,BAH-071,2024-12-01,2024,3.4,-9.3,15.3,38.6,74.3,2.0,33.267,65.8,33.267,cropwat_fao56_pm_from_advisor_or_excel_replicated_regional
P72,BAH-072,2024-01-01,2024,3.3,-7.0,14.9,50.8,71.8,2.3,38.933,78.8,38.933,cropwat_fao56_pm_from_advisor_or_excel_replicated_regional
P72,BAH-072,2024-02-01,2024,5.3,-5.9,17.2,7.6,63.5,2.1,58.265,84.6,58.265,cropwat_fao56_pm_from_advisor_or_excel_replicated_regional
P72,BAH-072,2024-03-01,2024,7.3,-2.9,25.1,47.4,59.6,2.3,118.586,121.9,118.586,cropwat_fao56_pm_from_advisor_or_excel_replicated_regional
P72,BAH-072,2024-04-01,2024,15.5,3.3,30.3,37.4,47.3,2.5,182.968,239.3,182.968,cropwat_fao56_pm_from_advisor_or_excel_replicated_regional
P72,BAH-072,2024-05-01,2024,15.1,2.5,29.5,48.6,57.7,2.4,189.987,223.7,189.987,cropwat_fao56_pm_from_advisor_or_excel_replicated_regional
P72,BAH-072,2024-06-01,2024,23.9,10.7,35.7,10.2,37.2,2.5,247.459,424.2,247.459,cropwat_fao56_pm_from_advisor_or_excel_replicated_regional
P72,BAH-072,2024-07-01,2024,24.0,13.3,34.4,30.0,45.1,2.5,226.398,424.5,226.398,cropwat_fao56_pm_from_advisor_or_excel_replicated_regional
P72,BAH-072,2024-08-01,2024,24.1,12.7,36.7,7.8,40.2,2.3,227.594,396.0,227.594,cropwat_fao56_pm_from_advisor_or_excel_replicated_regional
P72,BAH-072,2024-09-01,2024,20.0,6.8,31.8,12.2,48.4,2.0,156.472,274.8,156.472,cropwat_fao56_pm_from_advisor_or_excel_replicated_regional
P72,BAH-072,2024-10-01,2024,12.8,-1.0,29.1,0.4,47.7,1.9,126.837,174.4,126.837,cropwat_fao56_pm_from_advisor_or_excel_replicated_regional
P72,BAH-072,2024-11-01,2024,5.2,-12.1,20.6,22.4,64.0,2.0,63.252,87.9,63.252,cropwat_fao56_pm_from_advisor_or_excel_replicated_regional
P72,BAH-072,2024-12-01,2024,3.4,-9.3,15.3,38.6,74.3,2.0,33.267,65.8,33.267,cropwat_fao56_pm_from_advisor_or_excel_replicated_regional
P73,BAH-073,2024-01-01,2024,3.3,-7.0,14.9,50.8,71.8,2.3,38.933,78.8,38.933,cropwat_fao56_pm_from_advisor_or_excel_replicated_regional
P73,BAH-073,2024-02-01,2024,5.3,-5.9,17.2,7.6,63.5,2.1,58.265,84.6,58.265,cropwat_fao56_pm_from_advisor_or_excel_replicated_regional
P73,BAH-073,2024-03-01,2024,7.3,-2.9,25.1,47.4,59.6,2.3,118.586,121.9,118.586,cropwat_fao56_pm_from_advisor_or_excel_replicated_regional
P73,BAH-073,2024-04-01,2024,15.5,3.3,30.3,37.4,47.3,2.5,182.968,239.3,182.968,cropwat_fao56_pm_from_advisor_or_excel_replicated_regional
P73,BAH-073,2024-05-01,2024,15.1,2.5,29.5,48.6,57.7,2.4,189.987,223.7,189.987,cropwat_fao56_pm_from_advisor_or_excel_replicated_regional
P73,BAH-073,2024-06-01,2024,23.9,10.7,35.7,10.2,37.2,2.5,247.459,424.2,247.459,cropwat_fao56_pm_from_advisor_or_excel_replicated_regional
P73,BAH-073,2024-07-01,2024,24.0,13.3,34.4,30.0,45.1,2.5,226.398,424.5,226.398,cropwat_fao56_pm_from_advisor_or_excel_replicated_regional
P73,BAH-073,2024-08-01,2024,24.1,12.7,36.7,7.8,40.2,2.3,227.594,396.0,227.594,cropwat_fao56_pm_from_advisor_or_excel_replicated_regional
P73,BAH-073,2024-09-01,2024,20.0,6.8,31.8,12.2,48.4,2.0,156.472,274.8,156.472,cropwat_fao56_pm_from_advisor_or_excel_replicated_regional
P73,BAH-073,2024-10-01,2024,12.8,-1.0,29.1,0.4,47.7,1.9,126.837,174.4,126.837,cropwat_fao56_pm_from_advisor_or_excel_replicated_regional
P73,BAH-073,2024-11-01,2024,5.2,-12.1,20.6,22.4,64.0,2.0,63.252,87.9,63.252,cropwat_fao56_pm_from_advisor_or_excel_replicated_regional
P73,BAH-073,2024-12-01,2024,3.4,-9.3,15.3,38.6,74.3,2.0,33.267,65.8,33.267,cropwat_fao56_pm_from_advisor_or_excel_replicated_regional
P74,BAH-074,2024-01-01,2024,3.3,-7.0,14.9,50.8,71.8,2.3,38.933,78.8,38.933,cropwat_fao56_pm_from_advisor_or_excel_replicated_regional
P74,BAH-074,2024-02-01,2024,5.3,-5.9,17.2,7.6,63.5,2.1,58.265,84.6,58.265,cropwat_fao56_pm_from_advisor_or_excel_replicated_regional
P74,BAH-074,2024-03-01,2024,7.3,-2.9,25.1,47.4,59.6,2.3,118.586,121.9,118.586,cropwat_fao56_pm_from_advisor_or_excel_replicated_regional
P74,BAH-074,2024-04-01,2024,15.5,3.3,30.3,37.4,47.3,2.5,182.968,239.3,182.968,cropwat_fao56_pm_from_advisor_or_excel_replicated_regional
P74,BAH-074,2024-05-01,2024,15.1,2.5,29.5,48.6,57.7,2.4,189.987,223.7,189.987,cropwat_fao56_pm_from_advisor_or_excel_replicated_regional
P74,BAH-074,2024-06-01,2024,23.9,10.7,35.7,10.2,37.2,2.5,247.459,424.2,247.459,cropwat_fao56_pm_from_advisor_or_excel_replicated_regional
P74,BAH-074,2024-07-01,2024,24.0,13.3,34.4,30.0,45.1,2.5,226.398,424.5,226.398,cropwat_fao56_pm_from_advisor_or_excel_replicated_regional
P74,BAH-074,2024-08-01,2024,24.1,12.7,36.7,7.8,40.2,2.3,227.594,396.0,227.594,cropwat_fao56_pm_from_advisor_or_excel_replicated_regional
P74,BAH-074,2024-09-01,2024,20.0,6.8,31.8,12.2,48.4,2.0,156.472,274.8,156.472,cropwat_fao56_pm_from_advisor_or_excel_replicated_regional
P74,BAH-074,2024-10-01,2024,12.8,-1.0,29.1,0.4,47.7,1.9,126.837,174.4,126.837,cropwat_fao56_pm_from_advisor_or_excel_replicated_regional
P74,BAH-074,2024-11-01,2024,5.2,-12.1,20.6,22.4,64.0,2.0,63.252,87.9,63.252,cropwat_fao56_pm_from_advisor_or_excel_replicated_regional
P74,BAH-074,2024-12-01,2024,3.4,-9.3,15.3,38.6,74.3,2.0,33.267,65.8,33.267,cropwat_fao56_pm_from_advisor_or_excel_replicated_regional
P75,BAH-075,2024-01-01,2024,3.3,-7.0,14.9,50.8,71.8,2.3,38.933,78.8,38.933,cropwat_fao56_pm_from_advisor_or_excel_replicated_regional
P75,BAH-075,2024-02-01,2024,5.3,-5.9,17.2,7.6,63.5,2.1,58.265,84.6,58.265,cropwat_fao56_pm_from_advisor_or_excel_replicated_regional
P75,BAH-075,2024-03-01,2024,7.3,-2.9,25.1,47.4,59.6,2.3,118.586,121.9,118.586,cropwat_fao56_pm_from_advisor_or_excel_replicated_regional
P75,BAH-075,2024-04-01,2024,15.5,3.3,30.3,37.4,47.3,2.5,182.968,239.3,182.968,cropwat_fao56_pm_from_advisor_or_excel_replicated_regional
P75,BAH-075,2024-05-01,2024,15.1,2.5,29.5,48.6,57.7,2.4,189.987,223.7,189.987,cropwat_fao56_pm_from_advisor_or_excel_replicated_regional
P75,BAH-075,2024-06-01,2024,23.9,10.7,35.7,10.2,37.2,2.5,247.459,424.2,247.459,cropwat_fao56_pm_from_advisor_or_excel_replicated_regional
P75,BAH-075,2024-07-01,2024,24.0,13.3,34.4,30.0,45.1,2.5,226.398,424.5,226.398,cropwat_fao56_pm_from_advisor_or_excel_replicated_regional
P75,BAH-075,2024-08-01,2024,24.1,12.7,36.7,7.8,40.2,2.3,227.594,396.0,227.594,cropwat_fao56_pm_from_advisor_or_excel_replicated_regional
P75,BAH-075,2024-09-01,2024,20.0,6.8,31.8,12.2,48.4,2.0,156.472,274.8,156.472,cropwat_fao56_pm_from_advisor_or_excel_replicated_regional
P75,BAH-075,2024-10-01,2024,12.8,-1.0,29.1,0.4,47.7,1.9,126.837,174.4,126.837,cropwat_fao56_pm_from_advisor_or_excel_replicated_regional
P75,BAH-075,2024-11-01,2024,5.2,-12.1,20.6,22.4,64.0,2.0,63.252,87.9,63.252,cropwat_fao56_pm_from_advisor_or_excel_replicated_regional
P75,BAH-075,2024-12-01,2024,3.4,-9.3,15.3,38.6,74.3,2.0,33.267,65.8,33.267,cropwat_fao56_pm_from_advisor_or_excel_replicated_regional
P76,BAH-076,2024-01-01,2024,3.3,-7.0,14.9,50.8,71.8,2.3,38.933,78.8,38.933,cropwat_fao56_pm_from_advisor_or_excel_replicated_regional
P76,BAH-076,2024-02-01,2024,5.3,-5.9,17.2,7.6,63.5,2.1,58.265,84.6,58.265,cropwat_fao56_pm_from_advisor_or_excel_replicated_regional
P76,BAH-076,2024-03-01,2024,7.3,-2.9,25.1,47.4,59.6,2.3,118.586,121.9,118.586,cropwat_fao56_pm_from_advisor_or_excel_replicated_regional
P76,BAH-076,2024-04-01,2024,15.5,3.3,30.3,37.4,47.3,2.5,182.968,239.3,182.968,cropwat_fao56_pm_from_advisor_or_excel_replicated_regional
P76,BAH-076,2024-05-01,2024,15.1,2.5,29.5,48.6,57.7,2.4,189.987,223.7,189.987,cropwat_fao56_pm_from_advisor_or_excel_replicated_regional
P76,BAH-076,2024-06-01,2024,23.9,10.7,35.7,10.2,37.2,2.5,247.459,424.2,247.459,cropwat_fao56_pm_from_advisor_or_excel_replicated_regional
P76,BAH-076,2024-07-01,2024,24.0,13.3,34.4,30.0,45.1,2.5,226.398,424.5,226.398,cropwat_fao56_pm_from_advisor_or_excel_replicated_regional
P76,BAH-076,2024-08-01,2024,24.1,12.7,36.7,7.8,40.2,2.3,227.594,396.0,227.594,cropwat_fao56_pm_from_advisor_or_excel_replicated_regional
P76,BAH-076,2024-09-01,2024,20.0,6.8,31.8,12.2,48.4,2.0,156.472,274.8,156.472,cropwat_fao56_pm_from_advisor_or_excel_replicated_regional
P76,BAH-076,2024-10-01,2024,12.8,-1.0,29.1,0.4,47.7,1.9,126.837,174.4,126.837,cropwat_fao56_pm_from_advisor_or_excel_replicated_regional
P76,BAH-076,2024-11-01,2024,5.2,-12.1,20.6,22.4,64.0,2.0,63.252,87.9,63.252,cropwat_fao56_pm_from_advisor_or_excel_replicated_regional
P76,BAH-076,2024-12-01,2024,3.4,-9.3,15.3,38.6,74.3,2.0,33.267,65.8,33.267,cropwat_fao56_pm_from_advisor_or_excel_replicated_regional
P77,BAH-077,2024-01-01,2024,3.3,-7.0,14.9,50.8,71.8,2.3,38.933,78.8,38.933,cropwat_fao56_pm_from_advisor_or_excel_replicated_regional
P77,BAH-077,2024-02-01,2024,5.3,-5.9,17.2,7.6,63.5,2.1,58.265,84.6,58.265,cropwat_fao56_pm_from_advisor_or_excel_replicated_regional
P77,BAH-077,2024-03-01,2024,7.3,-2.9,25.1,47.4,59.6,2.3,118.586,121.9,118.586,cropwat_fao56_pm_from_advisor_or_excel_replicated_regional
P77,BAH-077,2024-04-01,2024,15.5,3.3,30.3,37.4,47.3,2.5,182.968,239.3,182.968,cropwat_fao56_pm_from_advisor_or_excel_replicated_regional
P77,BAH-077,2024-05-01,2024,15.1,2.5,29.5,48.6,57.7,2.4,189.987,223.7,189.987,cropwat_fao56_pm_from_advisor_or_excel_replicated_regional
P77,BAH-077,2024-06-01,2024,23.9,10.7,35.7,10.2,37.2,2.5,247.459,424.2,247.459,cropwat_fao56_pm_from_advisor_or_excel_replicated_regional
P77,BAH-077,2024-07-01,2024,24.0,13.3,34.4,30.0,45.1,2.5,226.398,424.5,226.398,cropwat_fao56_pm_from_advisor_or_excel_replicated_regional
P77,BAH-077,2024-08-01,2024,24.1,12.7,36.7,7.8,40.2,2.3,227.594,396.0,227.594,cropwat_fao56_pm_from_advisor_or_excel_replicated_regional
P77,BAH-077,2024-09-01,2024,20.0,6.8,31.8,12.2,48.4,2.0,156.472,274.8,156.472,cropwat_fao56_pm_from_advisor_or_excel_replicated_regional
P77,BAH-077,2024-10-01,2024,12.8,-1.0,29.1,0.4,47.7,1.9,126.837,174.4,126.837,cropwat_fao56_pm_from_advisor_or_excel_replicated_regional
P77,BAH-077,2024-11-01,2024,5.2,-12.1,20.6,22.4,64.0,2.0,63.252,87.9,63.252,cropwat_fao56_pm_from_advisor_or_excel_replicated_regional
P77,BAH-077,2024-12-01,2024,3.4,-9.3,15.3,38.6,74.3,2.0,33.267,65.8,33.267,cropwat_fao56_pm_from_advisor_or_excel_replicated_regional
P78,BAH-078,2024-01-01,2024,3.3,-7.0,14.9,50.8,71.8,2.3,38.933,78.8,38.933,cropwat_fao56_pm_from_advisor_or_excel_replicated_regional
P78,BAH-078,2024-02-01,2024,5.3,-5.9,17.2,7.6,63.5,2.1,58.265,84.6,58.265,cropwat_fao56_pm_from_advisor_or_excel_replicated_regional
P78,BAH-078,2024-03-01,2024,7.3,-2.9,25.1,47.4,59.6,2.3,118.586,121.9,118.586,cropwat_fao56_pm_from_advisor_or_excel_replicated_regional
P78,BAH-078,2024-04-01,2024,15.5,3.3,30.3,37.4,47.3,2.5,182.968,239.3,182.968,cropwat_fao56_pm_from_advisor_or_excel_replicated_regional
P78,BAH-078,2024-05-01,2024,15.1,2.5,29.5,48.6,57.7,2.4,189.987,223.7,189.987,cropwat_fao56_pm_from_advisor_or_excel_replicated_regional
P78,BAH-078,2024-06-01,2024,23.9,10.7,35.7,10.2,37.2,2.5,247.459,424.2,247.459,cropwat_fao56_pm_from_advisor_or_excel_replicated_regional
P78,BAH-078,2024-07-01,2024,24.0,13.3,34.4,30.0,45.1,2.5,226.398,424.5,226.398,cropwat_fao56_pm_from_advisor_or_excel_replicated_regional
P78,BAH-078,2024-08-01,2024,24.1,12.7,36.7,7.8,40.2,2.3,227.594,396.0,227.594,cropwat_fao56_pm_from_advisor_or_excel_replicated_regional
P78,BAH-078,2024-09-01,2024,20.0,6.8,31.8,12.2,48.4,2.0,156.472,274.8,156.472,cropwat_fao56_pm_from_advisor_or_excel_replicated_regional
P78,BAH-078,2024-10-01,2024,12.8,-1.0,29.1,0.4,47.7,1.9,126.837,174.4,126.837,cropwat_fao56_pm_from_advisor_or_excel_replicated_regional
P78,BAH-078,2024-11-01,2024,5.2,-12.1,20.6,22.4,64.0,2.0,63.252,87.9,63.252,cropwat_fao56_pm_from_advisor_or_excel_replicated_regional
P78,BAH-078,2024-12-01,2024,3.4,-9.3,15.3,38.6,74.3,2.0,33.267,65.8,33.267,cropwat_fao56_pm_from_advisor_or_excel_replicated_regional
P79,BOR-079,2024-01-01,2024,3.3,-7.0,14.9,50.8,71.8,2.3,38.933,78.8,38.933,cropwat_fao56_pm_from_advisor_or_excel_replicated_regional
P79,BOR-079,2024-02-01,2024,5.3,-5.9,17.2,7.6,63.5,2.1,58.265,84.6,58.265,cropwat_fao56_pm_from_advisor_or_excel_replicated_regional
P79,BOR-079,2024-03-01,2024,7.3,-2.9,25.1,47.4,59.6,2.3,118.586,121.9,118.586,cropwat_fao56_pm_from_advisor_or_excel_replicated_regional
P79,BOR-079,2024-04-01,2024,15.5,3.3,30.3,37.4,47.3,2.5,182.968,239.3,182.968,cropwat_fao56_pm_from_advisor_or_excel_replicated_regional
P79,BOR-079,2024-05-01,2024,15.1,2.5,29.5,48.6,57.7,2.4,189.987,223.7,189.987,cropwat_fao56_pm_from_advisor_or_excel_replicated_regional
P79,BOR-079,2024-06-01,2024,23.9,10.7,35.7,10.2,37.2,2.5,247.459,424.2,247.459,cropwat_fao56_pm_from_advisor_or_excel_replicated_regional
P79,BOR-079,2024-07-01,2024,24.0,13.3,34.4,30.0,45.1,2.5,226.398,424.5,226.398,cropwat_fao56_pm_from_advisor_or_excel_replicated_regional
P79,BOR-079,2024-08-01,2024,24.1,12.7,36.7,7.8,40.2,2.3,227.594,396.0,227.594,cropwat_fao56_pm_from_advisor_or_excel_replicated_regional
P79,BOR-079,2024-09-01,2024,20.0,6.8,31.8,12.2,48.4,2.0,156.472,274.8,156.472,cropwat_fao56_pm_from_advisor_or_excel_replicated_regional
P79,BOR-079,2024-10-01,2024,12.8,-1.0,29.1,0.4,47.7,1.9,126.837,174.4,126.837,cropwat_fao56_pm_from_advisor_or_excel_replicated_regional
P79,BOR-079,2024-11-01,2024,5.2,-12.1,20.6,22.4,64.0,2.0,63.252,87.9,63.252,cropwat_fao56_pm_from_advisor_or_excel_replicated_regional
P79,BOR-079,2024-12-01,2024,3.4,-9.3,15.3,38.6,74.3,2.0,33.267,65.8,33.267,cropwat_fao56_pm_from_advisor_or_excel_replicated_regional
P80,BOR-080,2024-01-01,2024,3.3,-7.0,14.9,50.8,71.8,2.3,38.933,78.8,38.933,cropwat_fao56_pm_from_advisor_or_excel_replicated_regional
P80,BOR-080,2024-02-01,2024,5.3,-5.9,17.2,7.6,63.5,2.1,58.265,84.6,58.265,cropwat_fao56_pm_from_advisor_or_excel_replicated_regional
P80,BOR-080,2024-03-01,2024,7.3,-2.9,25.1,47.4,59.6,2.3,118.586,121.9,118.586,cropwat_fao56_pm_from_advisor_or_excel_replicated_regional
P80,BOR-080,2024-04-01,2024,15.5,3.3,30.3,37.4,47.3,2.5,182.968,239.3,182.968,cropwat_fao56_pm_from_advisor_or_excel_replicated_regional
P80,BOR-080,2024-05-01,2024,15.1,2.5,29.5,48.6,57.7,2.4,189.987,223.7,189.987,cropwat_fao56_pm_from_advisor_or_excel_replicated_regional
P80,BOR-080,2024-06-01,2024,23.9,10.7,35.7,10.2,37.2,2.5,247.459,424.2,247.459,cropwat_fao56_pm_from_advisor_or_excel_replicated_regional
P80,BOR-080,2024-07-01,2024,24.0,13.3,34.4,30.0,45.1,2.5,226.398,424.5,226.398,cropwat_fao56_pm_from_advisor_or_excel_replicated_regional
P80,BOR-080,2024-08-01,2024,24.1,12.7,36.7,7.8,40.2,2.3,227.594,396.0,227.594,cropwat_fao56_pm_from_advisor_or_excel_replicated_regional
P80,BOR-080,2024-09-01,2024,20.0,6.8,31.8,12.2,48.4,2.0,156.472,274.8,156.472,cropwat_fao56_pm_from_advisor_or_excel_replicated_regional
P80,BOR-080,2024-10-01,2024,12.8,-1.0,29.1,0.4,47.7,1.9,126.837,174.4,126.837,cropwat_fao56_pm_from_advisor_or_excel_replicated_regional
P80,BOR-080,2024-11-01,2024,5.2,-12.1,20.6,22.4,64.0,2.0,63.252,87.9,63.252,cropwat_fao56_pm_from_advisor_or_excel_replicated_regional
P80,BOR-080,2024-12-01,2024,3.4,-9.3,15.3,38.6,74.3,2.0,33.267,65.8,33.267,cropwat_fao56_pm_from_advisor_or_excel_replicated_regional
P81,BOR-081,2024-01-01,2024,3.3,-7.0,14.9,50.8,71.8,2.3,38.933,78.8,38.933,cropwat_fao56_pm_from_advisor_or_excel_replicated_regional
P81,BOR-081,2024-02-01,2024,5.3,-5.9,17.2,7.6,63.5,2.1,58.265,84.6,58.265,cropwat_fao56_pm_from_advisor_or_excel_replicated_regional
P81,BOR-081,2024-03-01,2024,7.3,-2.9,25.1,47.4,59.6,2.3,118.586,121.9,118.586,cropwat_fao56_pm_from_advisor_or_excel_replicated_regional
P81,BOR-081,2024-04-01,2024,15.5,3.3,30.3,37.4,47.3,2.5,182.968,239.3,182.968,cropwat_fao56_pm_from_advisor_or_excel_replicated_regional
P81,BOR-081,2024-05-01,2024,15.1,2.5,29.5,48.6,57.7,2.4,189.987,223.7,189.987,cropwat_fao56_pm_from_advisor_or_excel_replicated_regional
P81,BOR-081,2024-06-01,2024,23.9,10.7,35.7,10.2,37.2,2.5,247.459,424.2,247.459,cropwat_fao56_pm_from_advisor_or_excel_replicated_regional
P81,BOR-081,2024-07-01,2024,24.0,13.3,34.4,30.0,45.1,2.5,226.398,424.5,226.398,cropwat_fao56_pm_from_advisor_or_excel_replicated_regional
P81,BOR-081,2024-08-01,2024,24.1,12.7,36.7,7.8,40.2,2.3,227.594,396.0,227.594,cropwat_fao56_pm_from_advisor_or_excel_replicated_regional
P81,BOR-081,2024-09-01,2024,20.0,6.8,31.8,12.2,48.4,2.0,156.472,274.8,156.472,cropwat_fao56_pm_from_advisor_or_excel_replicated_regional
P81,BOR-081,2024-10-01,2024,12.8,-1.0,29.1,0.4,47.7,1.9,126.837,174.4,126.837,cropwat_fao56_pm_from_advisor_or_excel_replicated_regional
P81,BOR-081,2024-11-01,2024,5.2,-12.1,20.6,22.4,64.0,2.0,63.252,87.9,63.252,cropwat_fao56_pm_from_advisor_or_excel_replicated_regional
P81,BOR-081,2024-12-01,2024,3.4,-9.3,15.3,38.6,74.3,2.0,33.267,65.8,33.267,cropwat_fao56_pm_from_advisor_or_excel_replicated_regional
P82,BOR-082,2024-01-01,2024,3.3,-7.0,14.9,50.8,71.8,2.3,38.933,78.8,38.933,cropwat_fao56_pm_from_advisor_or_excel_replicated_regional
P82,BOR-082,2024-02-01,2024,5.3,-5.9,17.2,7.6,63.5,2.1,58.265,84.6,58.265,cropwat_fao56_pm_from_advisor_or_excel_replicated_regional
P82,BOR-082,2024-03-01,2024,7.3,-2.9,25.1,47.4,59.6,2.3,118.586,121.9,118.586,cropwat_fao56_pm_from_advisor_or_excel_replicated_regional
P82,BOR-082,2024-04-01,2024,15.5,3.3,30.3,37.4,47.3,2.5,182.968,239.3,182.968,cropwat_fao56_pm_from_advisor_or_excel_replicated_regional
P82,BOR-082,2024-05-01,2024,15.1,2.5,29.5,48.6,57.7,2.4,189.987,223.7,189.987,cropwat_fao56_pm_from_advisor_or_excel_replicated_regional
P82,BOR-082,2024-06-01,2024,23.9,10.7,35.7,10.2,37.2,2.5,247.459,424.2,247.459,cropwat_fao56_pm_from_advisor_or_excel_replicated_regional
P82,BOR-082,2024-07-01,2024,24.0,13.3,34.4,30.0,45.1,2.5,226.398,424.5,226.398,cropwat_fao56_pm_from_advisor_or_excel_replicated_regional
P82,BOR-082,2024-08-01,2024,24.1,12.7,36.7,7.8,40.2,2.3,227.594,396.0,227.594,cropwat_fao56_pm_from_advisor_or_excel_replicated_regional
P82,BOR-082,2024-09-01,2024,20.0,6.8,31.8,12.2,48.4,2.0,156.472,274.8,156.472,cropwat_fao56_pm_from_advisor_or_excel_replicated_regional
P82,BOR-082,2024-10-01,2024,12.8,-1.0,29.1,0.4,47.7,1.9,126.837,174.4,126.837,cropwat_fao56_pm_from_advisor_or_excel_replicated_regional
P82,BOR-082,2024-11-01,2024,5.2,-12.1,20.6,22.4,64.0,2.0,63.252,87.9,63.252,cropwat_fao56_pm_from_advisor_or_excel_replicated_regional
P82,BOR-082,2024-12-01,2024,3.4,-9.3,15.3,38.6,74.3,2.0,33.267,65.8,33.267,cropwat_fao56_pm_from_advisor_or_excel_replicated_regional
P83,BOR-083,2024-01-01,2024,3.3,-7.0,14.9,50.8,71.8,2.3,38.933,78.8,38.933,cropwat_fao56_pm_from_advisor_or_excel_replicated_regional
P83,BOR-083,2024-02-01,2024,5.3,-5.9,17.2,7.6,63.5,2.1,58.265,84.6,58.265,cropwat_fao56_pm_from_advisor_or_excel_replicated_regional
P83,BOR-083,2024-03-01,2024,7.3,-2.9,25.1,47.4,59.6,2.3,118.586,121.9,118.586,cropwat_fao56_pm_from_advisor_or_excel_replicated_regional
P83,BOR-083,2024-04-01,2024,15.5,3.3,30.3,37.4,47.3,2.5,182.968,239.3,182.968,cropwat_fao56_pm_from_advisor_or_excel_replicated_regional
P83,BOR-083,2024-05-01,2024,15.1,2.5,29.5,48.6,57.7,2.4,189.987,223.7,189.987,cropwat_fao56_pm_from_advisor_or_excel_replicated_regional
P83,BOR-083,2024-06-01,2024,23.9,10.7,35.7,10.2,37.2,2.5,247.459,424.2,247.459,cropwat_fao56_pm_from_advisor_or_excel_replicated_regional
P83,BOR-083,2024-07-01,2024,24.0,13.3,34.4,30.0,45.1,2.5,226.398,424.5,226.398,cropwat_fao56_pm_from_advisor_or_excel_replicated_regional
P83,BOR-083,2024-08-01,2024,24.1,12.7,36.7,7.8,40.2,2.3,227.594,396.0,227.594,cropwat_fao56_pm_from_advisor_or_excel_replicated_regional
P83,BOR-083,2024-09-01,2024,20.0,6.8,31.8,12.2,48.4,2.0,156.472,274.8,156.472,cropwat_fao56_pm_from_advisor_or_excel_replicated_regional
P83,BOR-083,2024-10-01,2024,12.8,-1.0,29.1,0.4,47.7,1.9,126.837,174.4,126.837,cropwat_fao56_pm_from_advisor_or_excel_replicated_regional
P83,BOR-083,2024-11-01,2024,5.2,-12.1,20.6,22.4,64.0,2.0,63.252,87.9,63.252,cropwat_fao56_pm_from_advisor_or_excel_replicated_regional
P83,BOR-083,2024-12-01,2024,3.4,-9.3,15.3,38.6,74.3,2.0,33.267,65.8,33.267,cropwat_fao56_pm_from_advisor_or_excel_replicated_regional
P84,BOR-084,2024-01-01,2024,3.3,-7.0,14.9,50.8,71.8,2.3,38.933,78.8,38.933,cropwat_fao56_pm_from_advisor_or_excel_replicated_regional
P84,BOR-084,2024-02-01,2024,5.3,-5.9,17.2,7.6,63.5,2.1,58.265,84.6,58.265,cropwat_fao56_pm_from_advisor_or_excel_replicated_regional
P84,BOR-084,2024-03-01,2024,7.3,-2.9,25.1,47.4,59.6,2.3,118.586,121.9,118.586,cropwat_fao56_pm_from_advisor_or_excel_replicated_regional
P84,BOR-084,2024-04-01,2024,15.5,3.3,30.3,37.4,47.3,2.5,182.968,239.3,182.968,cropwat_fao56_pm_from_advisor_or_excel_replicated_regional
P84,BOR-084,2024-05-01,2024,15.1,2.5,29.5,48.6,57.7,2.4,189.987,223.7,189.987,cropwat_fao56_pm_from_advisor_or_excel_replicated_regional
P84,BOR-084,2024-06-01,2024,23.9,10.7,35.7,10.2,37.2,2.5,247.459,424.2,247.459,cropwat_fao56_pm_from_advisor_or_excel_replicated_regional
P84,BOR-084,2024-07-01,2024,24.0,13.3,34.4,30.0,45.1,2.5,226.398,424.5,226.398,cropwat_fao56_pm_from_advisor_or_excel_replicated_regional
P84,BOR-084,2024-08-01,2024,24.1,12.7,36.7,7.8,40.2,2.3,227.594,396.0,227.594,cropwat_fao56_pm_from_advisor_or_excel_replicated_regional
P84,BOR-084,2024-09-01,2024,20.0,6.8,31.8,12.2,48.4,2.0,156.472,274.8,156.472,cropwat_fao56_pm_from_advisor_or_excel_replicated_regional
P84,BOR-084,2024-10-01,2024,12.8,-1.0,29.1,0.4,47.7,1.9,126.837,174.4,126.837,cropwat_fao56_pm_from_advisor_or_excel_replicated_regional
P84,BOR-084,2024-11-01,2024,5.2,-12.1,20.6,22.4,64.0,2.0,63.252,87.9,63.252,cropwat_fao56_pm_from_advisor_or_excel_replicated_regional
P84,BOR-084,2024-12-01,2024,3.4,-9.3,15.3,38.6,74.3,2.0,33.267,65.8,33.267,cropwat_fao56_pm_from_advisor_or_excel_replicated_regional
P85,BOR-085,2024-01-01,2024,3.3,-7.0,14.9,50.8,71.8,2.3,38.933,78.8,38.933,cropwat_fao56_pm_from_advisor_or_excel_replicated_regional
P85,BOR-085,2024-02-01,2024,5.3,-5.9,17.2,7.6,63.5,2.1,58.265,84.6,58.265,cropwat_fao56_pm_from_advisor_or_excel_replicated_regional
P85,BOR-085,2024-03-01,2024,7.3,-2.9,25.1,47.4,59.6,2.3,118.586,121.9,118.586,cropwat_fao56_pm_from_advisor_or_excel_replicated_regional
P85,BOR-085,2024-04-01,2024,15.5,3.3,30.3,37.4,47.3,2.5,182.968,239.3,182.968,cropwat_fao56_pm_from_advisor_or_excel_replicated_regional
P85,BOR-085,2024-05-01,2024,15.1,2.5,29.5,48.6,57.7,2.4,189.987,223.7,189.987,cropwat_fao56_pm_from_advisor_or_excel_replicated_regional
P85,BOR-085,2024-06-01,2024,23.9,10.7,35.7,10.2,37.2,2.5,247.459,424.2,247.459,cropwat_fao56_pm_from_advisor_or_excel_replicated_regional
P85,BOR-085,2024-07-01,2024,24.0,13.3,34.4,30.0,45.1,2.5,226.398,424.5,226.398,cropwat_fao56_pm_from_advisor_or_excel_replicated_regional
P85,BOR-085,2024-08-01,2024,24.1,12.7,36.7,7.8,40.2,2.3,227.594,396.0,227.594,cropwat_fao56_pm_from_advisor_or_excel_replicated_regional
P85,BOR-085,2024-09-01,2024,20.0,6.8,31.8,12.2,48.4,2.0,156.472,274.8,156.472,cropwat_fao56_pm_from_advisor_or_excel_replicated_regional
P85,BOR-085,2024-10-01,2024,12.8,-1.0,29.1,0.4,47.7,1.9,126.837,174.4,126.837,cropwat_fao56_pm_from_advisor_or_excel_replicated_regional
P85,BOR-085,2024-11-01,2024,5.2,-12.1,20.6,22.4,64.0,2.0,63.252,87.9,63.252,cropwat_fao56_pm_from_advisor_or_excel_replicated_regional
P85,BOR-085,2024-12-01,2024,3.4,-9.3,15.3,38.6,74.3,2.0,33.267,65.8,33.267,cropwat_fao56_pm_from_advisor_or_excel_replicated_regional
P86,BOR-086,2024-01-01,2024,3.3,-7.0,14.9,50.8,71.8,2.3,38.933,78.8,38.933,cropwat_fao56_pm_from_advisor_or_excel_replicated_regional
P86,BOR-086,2024-02-01,2024,5.3,-5.9,17.2,7.6,63.5,2.1,58.265,84.6,58.265,cropwat_fao56_pm_from_advisor_or_excel_replicated_regional
P86,BOR-086,2024-03-01,2024,7.3,-2.9,25.1,47.4,59.6,2.3,118.586,121.9,118.586,cropwat_fao56_pm_from_advisor_or_excel_replicated_regional
P86,BOR-086,2024-04-01,2024,15.5,3.3,30.3,37.4,47.3,2.5,182.968,239.3,182.968,cropwat_fao56_pm_from_advisor_or_excel_replicated_regional
P86,BOR-086,2024-05-01,2024,15.1,2.5,29.5,48.6,57.7,2.4,189.987,223.7,189.987,cropwat_fao56_pm_from_advisor_or_excel_replicated_regional
P86,BOR-086,2024-06-01,2024,23.9,10.7,35.7,10.2,37.2,2.5,247.459,424.2,247.459,cropwat_fao56_pm_from_advisor_or_excel_replicated_regional
P86,BOR-086,2024-07-01,2024,24.0,13.3,34.4,30.0,45.1,2.5,226.398,424.5,226.398,cropwat_fao56_pm_from_advisor_or_excel_replicated_regional
P86,BOR-086,2024-08-01,2024,24.1,12.7,36.7,7.8,40.2,2.3,227.594,396.0,227.594,cropwat_fao56_pm_from_advisor_or_excel_replicated_regional
P86,BOR-086,2024-09-01,2024,20.0,6.8,31.8,12.2,48.4,2.0,156.472,274.8,156.472,cropwat_fao56_pm_from_advisor_or_excel_replicated_regional
P86,BOR-086,2024-10-01,2024,12.8,-1.0,29.1,0.4,47.7,1.9,126.837,174.4,126.837,cropwat_fao56_pm_from_advisor_or_excel_replicated_regional
P86,BOR-086,2024-11-01,2024,5.2,-12.1,20.6,22.4,64.0,2.0,63.252,87.9,63.252,cropwat_fao56_pm_from_advisor_or_excel_replicated_regional
P86,BOR-086,2024-12-01,2024,3.4,-9.3,15.3,38.6,74.3,2.0,33.267,65.8,33.267,cropwat_fao56_pm_from_advisor_or_excel_replicated_regional
P87,BOR-087,2024-01-01,2024,3.3,-7.0,14.9,50.8,71.8,2.3,38.933,78.8,38.933,cropwat_fao56_pm_from_advisor_or_excel_replicated_regional
P87,BOR-087,2024-02-01,2024,5.3,-5.9,17.2,7.6,63.5,2.1,58.265,84.6,58.265,cropwat_fao56_pm_from_advisor_or_excel_replicated_regional
P87,BOR-087,2024-03-01,2024,7.3,-2.9,25.1,47.4,59.6,2.3,118.586,121.9,118.586,cropwat_fao56_pm_from_advisor_or_excel_replicated_regional
P87,BOR-087,2024-04-01,2024,15.5,3.3,30.3,37.4,47.3,2.5,182.968,239.3,182.968,cropwat_fao56_pm_from_advisor_or_excel_replicated_regional
P87,BOR-087,2024-05-01,2024,15.1,2.5,29.5,48.6,57.7,2.4,189.987,223.7,189.987,cropwat_fao56_pm_from_advisor_or_excel_replicated_regional
P87,BOR-087,2024-06-01,2024,23.9,10.7,35.7,10.2,37.2,2.5,247.459,424.2,247.459,cropwat_fao56_pm_from_advisor_or_excel_replicated_regional
P87,BOR-087,2024-07-01,2024,24.0,13.3,34.4,30.0,45.1,2.5,226.398,424.5,226.398,cropwat_fao56_pm_from_advisor_or_excel_replicated_regional
P87,BOR-087,2024-08-01,2024,24.1,12.7,36.7,7.8,40.2,2.3,227.594,396.0,227.594,cropwat_fao56_pm_from_advisor_or_excel_replicated_regional
P87,BOR-087,2024-09-01,2024,20.0,6.8,31.8,12.2,48.4,2.0,156.472,274.8,156.472,cropwat_fao56_pm_from_advisor_or_excel_replicated_regional
P87,BOR-087,2024-10-01,2024,12.8,-1.0,29.1,0.4,47.7,1.9,126.837,174.4,126.837,cropwat_fao56_pm_from_advisor_or_excel_replicated_regional
P87,BOR-087,2024-11-01,2024,5.2,-12.1,20.6,22.4,64.0,2.0,63.252,87.9,63.252,cropwat_fao56_pm_from_advisor_or_excel_replicated_regional
P87,BOR-087,2024-12-01,2024,3.4,-9.3,15.3,38.6,74.3,2.0,33.267,65.8,33.267,cropwat_fao56_pm_from_advisor_or_excel_replicated_regional
P88,BOR-088,2024-01-01,2024,3.3,-7.0,14.9,50.8,71.8,2.3,38.933,78.8,38.933,cropwat_fao56_pm_from_advisor_or_excel_replicated_regional
P88,BOR-088,2024-02-01,2024,5.3,-5.9,17.2,7.6,63.5,2.1,58.265,84.6,58.265,cropwat_fao56_pm_from_advisor_or_excel_replicated_regional
P88,BOR-088,2024-03-01,2024,7.3,-2.9,25.1,47.4,59.6,2.3,118.586,121.9,118.586,cropwat_fao56_pm_from_advisor_or_excel_replicated_regional
P88,BOR-088,2024-04-01,2024,15.5,3.3,30.3,37.4,47.3,2.5,182.968,239.3,182.968,cropwat_fao56_pm_from_advisor_or_excel_replicated_regional
P88,BOR-088,2024-05-01,2024,15.1,2.5,29.5,48.6,57.7,2.4,189.987,223.7,189.987,cropwat_fao56_pm_from_advisor_or_excel_replicated_regional
P88,BOR-088,2024-06-01,2024,23.9,10.7,35.7,10.2,37.2,2.5,247.459,424.2,247.459,cropwat_fao56_pm_from_advisor_or_excel_replicated_regional
P88,BOR-088,2024-07-01,2024,24.0,13.3,34.4,30.0,45.1,2.5,226.398,424.5,226.398,cropwat_fao56_pm_from_advisor_or_excel_replicated_regional
P88,BOR-088,2024-08-01,2024,24.1,12.7,36.7,7.8,40.2,2.3,227.594,396.0,227.594,cropwat_fao56_pm_from_advisor_or_excel_replicated_regional
P88,BOR-088,2024-09-01,2024,20.0,6.8,31.8,12.2,48.4,2.0,156.472,274.8,156.472,cropwat_fao56_pm_from_advisor_or_excel_replicated_regional
P88,BOR-088,2024-10-01,2024,12.8,-1.0,29.1,0.4,47.7,1.9,126.837,174.4,126.837,cropwat_fao56_pm_from_advisor_or_excel_replicated_regional
P88,BOR-088,2024-11-01,2024,5.2,-12.1,20.6,22.4,64.0,2.0,63.252,87.9,63.252,cropwat_fao56_pm_from_advisor_or_excel_replicated_regional
P88,BOR-088,2024-12-01,2024,3.4,-9.3,15.3,38.6,74.3,2.0,33.267,65.8,33.267,cropwat_fao56_pm_from_advisor_or_excel_replicated_regional
P89,BOR-089,2024-01-01,2024,3.3,-7.0,14.9,50.8,71.8,2.3,38.933,78.8,38.933,cropwat_fao56_pm_from_advisor_or_excel_replicated_regional
P89,BOR-089,2024-02-01,2024,5.3,-5.9,17.2,7.6,63.5,2.1,58.265,84.6,58.265,cropwat_fao56_pm_from_advisor_or_excel_replicated_regional
P89,BOR-089,2024-03-01,2024,7.3,-2.9,25.1,47.4,59.6,2.3,118.586,121.9,118.586,cropwat_fao56_pm_from_advisor_or_excel_replicated_regional
P89,BOR-089,2024-04-01,2024,15.5,3.3,30.3,37.4,47.3,2.5,182.968,239.3,182.968,cropwat_fao56_pm_from_advisor_or_excel_replicated_regional
P89,BOR-089,2024-05-01,2024,15.1,2.5,29.5,48.6,57.7,2.4,189.987,223.7,189.987,cropwat_fao56_pm_from_advisor_or_excel_replicated_regional
P89,BOR-089,2024-06-01,2024,23.9,10.7,35.7,10.2,37.2,2.5,247.459,424.2,247.459,cropwat_fao56_pm_from_advisor_or_excel_replicated_regional
P89,BOR-089,2024-07-01,2024,24.0,13.3,34.4,30.0,45.1,2.5,226.398,424.5,226.398,cropwat_fao56_pm_from_advisor_or_excel_replicated_regional
P89,BOR-089,2024-08-01,2024,24.1,12.7,36.7,7.8,40.2,2.3,227.594,396.0,227.594,cropwat_fao56_pm_from_advisor_or_excel_replicated_regional
P89,BOR-089,2024-09-01,2024,20.0,6.8,31.8,12.2,48.4,2.0,156.472,274.8,156.472,cropwat_fao56_pm_from_advisor_or_excel_replicated_regional
P89,BOR-089,2024-10-01,2024,12.8,-1.0,29.1,0.4,47.7,1.9,126.837,174.4,126.837,cropwat_fao56_pm_from_advisor_or_excel_replicated_regional
P89,BOR-089,2024-11-01,2024,5.2,-12.1,20.6,22.4,64.0,2.0,63.252,87.9,63.252,cropwat_fao56_pm_from_advisor_or_excel_replicated_regional
P89,BOR-089,2024-12-01,2024,3.4,-9.3,15.3,38.6,74.3,2.0,33.267,65.8,33.267,cropwat_fao56_pm_from_advisor_or_excel_replicated_regional
P90,BOR-090,2024-01-01,2024,3.3,-7.0,14.9,50.8,71.8,2.3,38.933,78.8,38.933,cropwat_fao56_pm_from_advisor_or_excel_replicated_regional
P90,BOR-090,2024-02-01,2024,5.3,-5.9,17.2,7.6,63.5,2.1,58.265,84.6,58.265,cropwat_fao56_pm_from_advisor_or_excel_replicated_regional
P90,BOR-090,2024-03-01,2024,7.3,-2.9,25.1,47.4,59.6,2.3,118.586,121.9,118.586,cropwat_fao56_pm_from_advisor_or_excel_replicated_regional
P90,BOR-090,2024-04-01,2024,15.5,3.3,30.3,37.4,47.3,2.5,182.968,239.3,182.968,cropwat_fao56_pm_from_advisor_or_excel_replicated_regional
P90,BOR-090,2024-05-01,2024,15.1,2.5,29.5,48.6,57.7,2.4,189.987,223.7,189.987,cropwat_fao56_pm_from_advisor_or_excel_replicated_regional
P90,BOR-090,2024-06-01,2024,23.9,10.7,35.7,10.2,37.2,2.5,247.459,424.2,247.459,cropwat_fao56_pm_from_advisor_or_excel_replicated_regional
P90,BOR-090,2024-07-01,2024,24.0,13.3,34.4,30.0,45.1,2.5,226.398,424.5,226.398,cropwat_fao56_pm_from_advisor_or_excel_replicated_regional
P90,BOR-090,2024-08-01,2024,24.1,12.7,36.7,7.8,40.2,2.3,227.594,396.0,227.594,cropwat_fao56_pm_from_advisor_or_excel_replicated_regional
P90,BOR-090,2024-09-01,2024,20.0,6.8,31.8,12.2,48.4,2.0,156.472,274.8,156.472,cropwat_fao56_pm_from_advisor_or_excel_replicated_regional
P90,BOR-090,2024-10-01,2024,12.8,-1.0,29.1,0.4,47.7,1.9,126.837,174.4,126.837,cropwat_fao56_pm_from_advisor_or_excel_replicated_regional
P90,BOR-090,2024-11-01,2024,5.2,-12.1,20.6,22.4,64.0,2.0,63.252,87.9,63.252,cropwat_fao56_pm_from_advisor_or_excel_replicated_regional
P90,BOR-090,2024-12-01,2024,3.4,-9.3,15.3,38.6,74.3,2.0,33.267,65.8,33.267,cropwat_fao56_pm_from_advisor_or_excel_replicated_regional
P91,BOR-091,2024-01-01,2024,3.3,-7.0,14.9,50.8,71.8,2.3,38.933,78.8,38.933,cropwat_fao56_pm_from_advisor_or_excel_replicated_regional
P91,BOR-091,2024-02-01,2024,5.3,-5.9,17.2,7.6,63.5,2.1,58.265,84.6,58.265,cropwat_fao56_pm_from_advisor_or_excel_replicated_regional
P91,BOR-091,2024-03-01,2024,7.3,-2.9,25.1,47.4,59.6,2.3,118.586,121.9,118.586,cropwat_fao56_pm_from_advisor_or_excel_replicated_regional
P91,BOR-091,2024-04-01,2024,15.5,3.3,30.3,37.4,47.3,2.5,182.968,239.3,182.968,cropwat_fao56_pm_from_advisor_or_excel_replicated_regional
P91,BOR-091,2024-05-01,2024,15.1,2.5,29.5,48.6,57.7,2.4,189.987,223.7,189.987,cropwat_fao56_pm_from_advisor_or_excel_replicated_regional
P91,BOR-091,2024-06-01,2024,23.9,10.7,35.7,10.2,37.2,2.5,247.459,424.2,247.459,cropwat_fao56_pm_from_advisor_or_excel_replicated_regional
P91,BOR-091,2024-07-01,2024,24.0,13.3,34.4,30.0,45.1,2.5,226.398,424.5,226.398,cropwat_fao56_pm_from_advisor_or_excel_replicated_regional
P91,BOR-091,2024-08-01,2024,24.1,12.7,36.7,7.8,40.2,2.3,227.594,396.0,227.594,cropwat_fao56_pm_from_advisor_or_excel_replicated_regional
P91,BOR-091,2024-09-01,2024,20.0,6.8,31.8,12.2,48.4,2.0,156.472,274.8,156.472,cropwat_fao56_pm_from_advisor_or_excel_replicated_regional
P91,BOR-091,2024-10-01,2024,12.8,-1.0,29.1,0.4,47.7,1.9,126.837,174.4,126.837,cropwat_fao56_pm_from_advisor_or_excel_replicated_regional
P91,BOR-091,2024-11-01,2024,5.2,-12.1,20.6,22.4,64.0,2.0,63.252,87.9,63.252,cropwat_fao56_pm_from_advisor_or_excel_replicated_regional
P91,BOR-091,2024-12-01,2024,3.4,-9.3,15.3,38.6,74.3,2.0,33.267,65.8,33.267,cropwat_fao56_pm_from_advisor_or_excel_replicated_regional
P92,BOR-092,2024-01-01,2024,3.3,-7.0,14.9,50.8,71.8,2.3,38.933,78.8,38.933,cropwat_fao56_pm_from_advisor_or_excel_replicated_regional
P92,BOR-092,2024-02-01,2024,5.3,-5.9,17.2,7.6,63.5,2.1,58.265,84.6,58.265,cropwat_fao56_pm_from_advisor_or_excel_replicated_regional
P92,BOR-092,2024-03-01,2024,7.3,-2.9,25.1,47.4,59.6,2.3,118.586,121.9,118.586,cropwat_fao56_pm_from_advisor_or_excel_replicated_regional
P92,BOR-092,2024-04-01,2024,15.5,3.3,30.3,37.4,47.3,2.5,182.968,239.3,182.968,cropwat_fao56_pm_from_advisor_or_excel_replicated_regional
P92,BOR-092,2024-05-01,2024,15.1,2.5,29.5,48.6,57.7,2.4,189.987,223.7,189.987,cropwat_fao56_pm_from_advisor_or_excel_replicated_regional
P92,BOR-092,2024-06-01,2024,23.9,10.7,35.7,10.2,37.2,2.5,247.459,424.2,247.459,cropwat_fao56_pm_from_advisor_or_excel_replicated_regional
P92,BOR-092,2024-07-01,2024,24.0,13.3,34.4,30.0,45.1,2.5,226.398,424.5,226.398,cropwat_fao56_pm_from_advisor_or_excel_replicated_regional
P92,BOR-092,2024-08-01,2024,24.1,12.7,36.7,7.8,40.2,2.3,227.594,396.0,227.594,cropwat_fao56_pm_from_advisor_or_excel_replicated_regional
P92,BOR-092,2024-09-01,2024,20.0,6.8,31.8,12.2,48.4,2.0,156.472,274.8,156.472,cropwat_fao56_pm_from_advisor_or_excel_replicated_regional
P92,BOR-092,2024-10-01,2024,12.8,-1.0,29.1,0.4,47.7,1.9,126.837,174.4,126.837,cropwat_fao56_pm_from_advisor_or_excel_replicated_regional
P92,BOR-092,2024-11-01,2024,5.2,-12.1,20.6,22.4,64.0,2.0,63.252,87.9,63.252,cropwat_fao56_pm_from_advisor_or_excel_replicated_regional
P92,BOR-092,2024-12-01,2024,3.4,-9.3,15.3,38.6,74.3,2.0,33.267,65.8,33.267,cropwat_fao56_pm_from_advisor_or_excel_replicated_regional
P93,BOR-093,2024-01-01,2024,3.3,-7.0,14.9,50.8,71.8,2.3,38.933,78.8,38.933,cropwat_fao56_pm_from_advisor_or_excel_replicated_regional
P93,BOR-093,2024-02-01,2024,5.3,-5.9,17.2,7.6,63.5,2.1,58.265,84.6,58.265,cropwat_fao56_pm_from_advisor_or_excel_replicated_regional
P93,BOR-093,2024-03-01,2024,7.3,-2.9,25.1,47.4,59.6,2.3,118.586,121.9,118.586,cropwat_fao56_pm_from_advisor_or_excel_replicated_regional
P93,BOR-093,2024-04-01,2024,15.5,3.3,30.3,37.4,47.3,2.5,182.968,239.3,182.968,cropwat_fao56_pm_from_advisor_or_excel_replicated_regional
P93,BOR-093,2024-05-01,2024,15.1,2.5,29.5,48.6,57.7,2.4,189.987,223.7,189.987,cropwat_fao56_pm_from_advisor_or_excel_replicated_regional
P93,BOR-093,2024-06-01,2024,23.9,10.7,35.7,10.2,37.2,2.5,247.459,424.2,247.459,cropwat_fao56_pm_from_advisor_or_excel_replicated_regional
P93,BOR-093,2024-07-01,2024,24.0,13.3,34.4,30.0,45.1,2.5,226.398,424.5,226.398,cropwat_fao56_pm_from_advisor_or_excel_replicated_regional
P93,BOR-093,2024-08-01,2024,24.1,12.7,36.7,7.8,40.2,2.3,227.594,396.0,227.594,cropwat_fao56_pm_from_advisor_or_excel_replicated_regional
P93,BOR-093,2024-09-01,2024,20.0,6.8,31.8,12.2,48.4,2.0,156.472,274.8,156.472,cropwat_fao56_pm_from_advisor_or_excel_replicated_regional
P93,BOR-093,2024-10-01,2024,12.8,-1.0,29.1,0.4,47.7,1.9,126.837,174.4,126.837,cropwat_fao56_pm_from_advisor_or_excel_replicated_regional
P93,BOR-093,2024-11-01,2024,5.2,-12.1,20.6,22.4,64.0,2.0,63.252,87.9,63.252,cropwat_fao56_pm_from_advisor_or_excel_replicated_regional
P93,BOR-093,2024-12-01,2024,3.4,-9.3,15.3,38.6,74.3,2.0,33.267,65.8,33.267,cropwat_fao56_pm_from_advisor_or_excel_replicated_regional
P94,BOR-094,2024-01-01,2024,3.3,-7.0,14.9,50.8,71.8,2.3,38.933,78.8,38.933,cropwat_fao56_pm_from_advisor_or_excel_replicated_regional
P94,BOR-094,2024-02-01,2024,5.3,-5.9,17.2,7.6,63.5,2.1,58.265,84.6,58.265,cropwat_fao56_pm_from_advisor_or_excel_replicated_regional
P94,BOR-094,2024-03-01,2024,7.3,-2.9,25.1,47.4,59.6,2.3,118.586,121.9,118.586,cropwat_fao56_pm_from_advisor_or_excel_replicated_regional
P94,BOR-094,2024-04-01,2024,15.5,3.3,30.3,37.4,47.3,2.5,182.968,239.3,182.968,cropwat_fao56_pm_from_advisor_or_excel_replicated_regional
P94,BOR-094,2024-05-01,2024,15.1,2.5,29.5,48.6,57.7,2.4,189.987,223.7,189.987,cropwat_fao56_pm_from_advisor_or_excel_replicated_regional
P94,BOR-094,2024-06-01,2024,23.9,10.7,35.7,10.2,37.2,2.5,247.459,424.2,247.459,cropwat_fao56_pm_from_advisor_or_excel_replicated_regional
P94,BOR-094,2024-07-01,2024,24.0,13.3,34.4,30.0,45.1,2.5,226.398,424.5,226.398,cropwat_fao56_pm_from_advisor_or_excel_replicated_regional
P94,BOR-094,2024-08-01,2024,24.1,12.7,36.7,7.8,40.2,2.3,227.594,396.0,227.594,cropwat_fao56_pm_from_advisor_or_excel_replicated_regional
P94,BOR-094,2024-09-01,2024,20.0,6.8,31.8,12.2,48.4,2.0,156.472,274.8,156.472,cropwat_fao56_pm_from_advisor_or_excel_replicated_regional
P94,BOR-094,2024-10-01,2024,12.8,-1.0,29.1,0.4,47.7,1.9,126.837,174.4,126.837,cropwat_fao56_pm_from_advisor_or_excel_replicated_regional
P94,BOR-094,2024-11-01,2024,5.2,-12.1,20.6,22.4,64.0,2.0,63.252,87.9,63.252,cropwat_fao56_pm_from_advisor_or_excel_replicated_regional
P94,BOR-094,2024-12-01,2024,3.4,-9.3,15.3,38.6,74.3,2.0,33.267,65.8,33.267,cropwat_fao56_pm_from_advisor_or_excel_replicated_regional
P95,BOR-095,2024-01-01,2024,3.3,-7.0,14.9,50.8,71.8,2.3,38.933,78.8,38.933,cropwat_fao56_pm_from_advisor_or_excel_replicated_regional
P95,BOR-095,2024-02-01,2024,5.3,-5.9,17.2,7.6,63.5,2.1,58.265,84.6,58.265,cropwat_fao56_pm_from_advisor_or_excel_replicated_regional
P95,BOR-095,2024-03-01,2024,7.3,-2.9,25.1,47.4,59.6,2.3,118.586,121.9,118.586,cropwat_fao56_pm_from_advisor_or_excel_replicated_regional
P95,BOR-095,2024-04-01,2024,15.5,3.3,30.3,37.4,47.3,2.5,182.968,239.3,182.968,cropwat_fao56_pm_from_advisor_or_excel_replicated_regional
P95,BOR-095,2024-05-01,2024,15.1,2.5,29.5,48.6,57.7,2.4,189.987,223.7,189.987,cropwat_fao56_pm_from_advisor_or_excel_replicated_regional
P95,BOR-095,2024-06-01,2024,23.9,10.7,35.7,10.2,37.2,2.5,247.459,424.2,247.459,cropwat_fao56_pm_from_advisor_or_excel_replicated_regional
P95,BOR-095,2024-07-01,2024,24.0,13.3,34.4,30.0,45.1,2.5,226.398,424.5,226.398,cropwat_fao56_pm_from_advisor_or_excel_replicated_regional
P95,BOR-095,2024-08-01,2024,24.1,12.7,36.7,7.8,40.2,2.3,227.594,396.0,227.594,cropwat_fao56_pm_from_advisor_or_excel_replicated_regional
P95,BOR-095,2024-09-01,2024,20.0,6.8,31.8,12.2,48.4,2.0,156.472,274.8,156.472,cropwat_fao56_pm_from_advisor_or_excel_replicated_regional
P95,BOR-095,2024-10-01,2024,12.8,-1.0,29.1,0.4,47.7,1.9,126.837,174.4,126.837,cropwat_fao56_pm_from_advisor_or_excel_replicated_regional
P95,BOR-095,2024-11-01,2024,5.2,-12.1,20.6,22.4,64.0,2.0,63.252,87.9,63.252,cropwat_fao56_pm_from_advisor_or_excel_replicated_regional
P95,BOR-095,2024-12-01,2024,3.4,-9.3,15.3,38.6,74.3,2.0,33.267,65.8,33.267,cropwat_fao56_pm_from_advisor_or_excel_replicated_regional
P96,BOR-096,2024-01-01,2024,3.3,-7.0,14.9,50.8,71.8,2.3,38.933,78.8,38.933,cropwat_fao56_pm_from_advisor_or_excel_replicated_regional
P96,BOR-096,2024-02-01,2024,5.3,-5.9,17.2,7.6,63.5,2.1,58.265,84.6,58.265,cropwat_fao56_pm_from_advisor_or_excel_replicated_regional
P96,BOR-096,2024-03-01,2024,7.3,-2.9,25.1,47.4,59.6,2.3,118.586,121.9,118.586,cropwat_fao56_pm_from_advisor_or_excel_replicated_regional
P96,BOR-096,2024-04-01,2024,15.5,3.3,30.3,37.4,47.3,2.5,182.968,239.3,182.968,cropwat_fao56_pm_from_advisor_or_excel_replicated_regional
P96,BOR-096,2024-05-01,2024,15.1,2.5,29.5,48.6,57.7,2.4,189.987,223.7,189.987,cropwat_fao56_pm_from_advisor_or_excel_replicated_regional
P96,BOR-096,2024-06-01,2024,23.9,10.7,35.7,10.2,37.2,2.5,247.459,424.2,247.459,cropwat_fao56_pm_from_advisor_or_excel_replicated_regional
P96,BOR-096,2024-07-01,2024,24.0,13.3,34.4,30.0,45.1,2.5,226.398,424.5,226.398,cropwat_fao56_pm_from_advisor_or_excel_replicated_regional
P96,BOR-096,2024-08-01,2024,24.1,12.7,36.7,7.8,40.2,2.3,227.594,396.0,227.594,cropwat_fao56_pm_from_advisor_or_excel_replicated_regional
P96,BOR-096,2024-09-01,2024,20.0,6.8,31.8,12.2,48.4,2.0,156.472,274.8,156.472,cropwat_fao56_pm_from_advisor_or_excel_replicated_regional
P96,BOR-096,2024-10-01,2024,12.8,-1.0,29.1,0.4,47.7,1.9,126.837,174.4,126.837,cropwat_fao56_pm_from_advisor_or_excel_replicated_regional
P96,BOR-096,2024-11-01,2024,5.2,-12.1,20.6,22.4,64.0,2.0,63.252,87.9,63.252,cropwat_fao56_pm_from_advisor_or_excel_replicated_regional
P96,BOR-096,2024-12-01,2024,3.4,-9.3,15.3,38.6,74.3,2.0,33.267,65.8,33.267,cropwat_fao56_pm_from_advisor_or_excel_replicated_regional
P97,BOR-097,2024-01-01,2024,3.3,-7.0,14.9,50.8,71.8,2.3,38.933,78.8,38.933,cropwat_fao56_pm_from_advisor_or_excel_replicated_regional
P97,BOR-097,2024-02-01,2024,5.3,-5.9,17.2,7.6,63.5,2.1,58.265,84.6,58.265,cropwat_fao56_pm_from_advisor_or_excel_replicated_regional
P97,BOR-097,2024-03-01,2024,7.3,-2.9,25.1,47.4,59.6,2.3,118.586,121.9,118.586,cropwat_fao56_pm_from_advisor_or_excel_replicated_regional
P97,BOR-097,2024-04-01,2024,15.5,3.3,30.3,37.4,47.3,2.5,182.968,239.3,182.968,cropwat_fao56_pm_from_advisor_or_excel_replicated_regional
P97,BOR-097,2024-05-01,2024,15.1,2.5,29.5,48.6,57.7,2.4,189.987,223.7,189.987,cropwat_fao56_pm_from_advisor_or_excel_replicated_regional
P97,BOR-097,2024-06-01,2024,23.9,10.7,35.7,10.2,37.2,2.5,247.459,424.2,247.459,cropwat_fao56_pm_from_advisor_or_excel_replicated_regional
P97,BOR-097,2024-07-01,2024,24.0,13.3,34.4,30.0,45.1,2.5,226.398,424.5,226.398,cropwat_fao56_pm_from_advisor_or_excel_replicated_regional
P97,BOR-097,2024-08-01,2024,24.1,12.7,36.7,7.8,40.2,2.3,227.594,396.0,227.594,cropwat_fao56_pm_from_advisor_or_excel_replicated_regional
P97,BOR-097,2024-09-01,2024,20.0,6.8,31.8,12.2,48.4,2.0,156.472,274.8,156.472,cropwat_fao56_pm_from_advisor_or_excel_replicated_regional
P97,BOR-097,2024-10-01,2024,12.8,-1.0,29.1,0.4,47.7,1.9,126.837,174.4,126.837,cropwat_fao56_pm_from_advisor_or_excel_replicated_regional
P97,BOR-097,2024-11-01,2024,5.2,-12.1,20.6,22.4,64.0,2.0,63.252,87.9,63.252,cropwat_fao56_pm_from_advisor_or_excel_replicated_regional
P97,BOR-097,2024-12-01,2024,3.4,-9.3,15.3,38.6,74.3,2.0,33.267,65.8,33.267,cropwat_fao56_pm_from_advisor_or_excel_replicated_regional
P98,BOR-098,2024-01-01,2024,3.3,-7.0,14.9,50.8,71.8,2.3,38.933,78.8,38.933,cropwat_fao56_pm_from_advisor_or_excel_replicated_regional
P98,BOR-098,2024-02-01,2024,5.3,-5.9,17.2,7.6,63.5,2.1,58.265,84.6,58.265,cropwat_fao56_pm_from_advisor_or_excel_replicated_regional
P98,BOR-098,2024-03-01,2024,7.3,-2.9,25.1,47.4,59.6,2.3,118.586,121.9,118.586,cropwat_fao56_pm_from_advisor_or_excel_replicated_regional
P98,BOR-098,2024-04-01,2024,15.5,3.3,30.3,37.4,47.3,2.5,182.968,239.3,182.968,cropwat_fao56_pm_from_advisor_or_excel_replicated_regional
P98,BOR-098,2024-05-01,2024,15.1,2.5,29.5,48.6,57.7,2.4,189.987,223.7,189.987,cropwat_fao56_pm_from_advisor_or_excel_replicated_regional
P98,BOR-098,2024-06-01,2024,23.9,10.7,35.7,10.2,37.2,2.5,247.459,424.2,247.459,cropwat_fao56_pm_from_advisor_or_excel_replicated_regional
P98,BOR-098,2024-07-01,2024,24.0,13.3,34.4,30.0,45.1,2.5,226.398,424.5,226.398,cropwat_fao56_pm_from_advisor_or_excel_replicated_regional
P98,BOR-098,2024-08-01,2024,24.1,12.7,36.7,7.8,40.2,2.3,227.594,396.0,227.594,cropwat_fao56_pm_from_advisor_or_excel_replicated_regional
P98,BOR-098,2024-09-01,2024,20.0,6.8,31.8,12.2,48.4,2.0,156.472,274.8,156.472,cropwat_fao56_pm_from_advisor_or_excel_replicated_regional
P98,BOR-098,2024-10-01,2024,12.8,-1.0,29.1,0.4,47.7,1.9,126.837,174.4,126.837,cropwat_fao56_pm_from_advisor_or_excel_replicated_regional
P98,BOR-098,2024-11-01,2024,5.2,-12.1,20.6,22.4,64.0,2.0,63.252,87.9,63.252,cropwat_fao56_pm_from_advisor_or_excel_replicated_regional
P98,BOR-098,2024-12-01,2024,3.4,-9.3,15.3,38.6,74.3,2.0,33.267,65.8,33.267,cropwat_fao56_pm_from_advisor_or_excel_replicated_regional
P99,BOR-099,2024-01-01,2024,3.3,-7.0,14.9,50.8,71.8,2.3,38.933,78.8,38.933,cropwat_fao56_pm_from_advisor_or_excel_replicated_regional
P99,BOR-099,2024-02-01,2024,5.3,-5.9,17.2,7.6,63.5,2.1,58.265,84.6,58.265,cropwat_fao56_pm_from_advisor_or_excel_replicated_regional
P99,BOR-099,2024-03-01,2024,7.3,-2.9,25.1,47.4,59.6,2.3,118.586,121.9,118.586,cropwat_fao56_pm_from_advisor_or_excel_replicated_regional
P99,BOR-099,2024-04-01,2024,15.5,3.3,30.3,37.4,47.3,2.5,182.968,239.3,182.968,cropwat_fao56_pm_from_advisor_or_excel_replicated_regional
P99,BOR-099,2024-05-01,2024,15.1,2.5,29.5,48.6,57.7,2.4,189.987,223.7,189.987,cropwat_fao56_pm_from_advisor_or_excel_replicated_regional
P99,BOR-099,2024-06-01,2024,23.9,10.7,35.7,10.2,37.2,2.5,247.459,424.2,247.459,cropwat_fao56_pm_from_advisor_or_excel_replicated_regional
P99,BOR-099,2024-07-01,2024,24.0,13.3,34.4,30.0,45.1,2.5,226.398,424.5,226.398,cropwat_fao56_pm_from_advisor_or_excel_replicated_regional
P99,BOR-099,2024-08-01,2024,24.1,12.7,36.7,7.8,40.2,2.3,227.594,396.0,227.594,cropwat_fao56_pm_from_advisor_or_excel_replicated_regional
P99,BOR-099,2024-09-01,2024,20.0,6.8,31.8,12.2,48.4,2.0,156.472,274.8,156.472,cropwat_fao56_pm_from_advisor_or_excel_replicated_regional
P99,BOR-099,2024-10-01,2024,12.8,-1.0,29.1,0.4,47.7,1.9,126.837,174.4,126.837,cropwat_fao56_pm_from_advisor_or_excel_replicated_regional
P99,BOR-099,2024-11-01,2024,5.2,-12.1,20.6,22.4,64.0,2.0,63.252,87.9,63.252,cropwat_fao56_pm_from_advisor_or_excel_replicated_regional
P99,BOR-099,2024-12-01,2024,3.4,-9.3,15.3,38.6,74.3,2.0,33.267,65.8,33.267,cropwat_fao56_pm_from_advisor_or_excel_replicated_regional
P100,BOR-100,2024-01-01,2024,3.3,-7.0,14.9,50.8,71.8,2.3,38.933,78.8,38.933,cropwat_fao56_pm_from_advisor_or_excel_replicated_regional
P100,BOR-100,2024-02-01,2024,5.3,-5.9,17.2,7.6,63.5,2.1,58.265,84.6,58.265,cropwat_fao56_pm_from_advisor_or_excel_replicated_regional
P100,BOR-100,2024-03-01,2024,7.3,-2.9,25.1,47.4,59.6,2.3,118.586,121.9,118.586,cropwat_fao56_pm_from_advisor_or_excel_replicated_regional
P100,BOR-100,2024-04-01,2024,15.5,3.3,30.3,37.4,47.3,2.5,182.968,239.3,182.968,cropwat_fao56_pm_from_advisor_or_excel_replicated_regional
P100,BOR-100,2024-05-01,2024,15.1,2.5,29.5,48.6,57.7,2.4,189.987,223.7,189.987,cropwat_fao56_pm_from_advisor_or_excel_replicated_regional
P100,BOR-100,2024-06-01,2024,23.9,10.7,35.7,10.2,37.2,2.5,247.459,424.2,247.459,cropwat_fao56_pm_from_advisor_or_excel_replicated_regional
P100,BOR-100,2024-07-01,2024,24.0,13.3,34.4,30.0,45.1,2.5,226.398,424.5,226.398,cropwat_fao56_pm_from_advisor_or_excel_replicated_regional
P100,BOR-100,2024-08-01,2024,24.1,12.7,36.7,7.8,40.2,2.3,227.594,396.0,227.594,cropwat_fao56_pm_from_advisor_or_excel_replicated_regional
P100,BOR-100,2024-09-01,2024,20.0,6.8,31.8,12.2,48.4,2.0,156.472,274.8,156.472,cropwat_fao56_pm_from_advisor_or_excel_replicated_regional
P100,BOR-100,2024-10-01,2024,12.8,-1.0,29.1,0.4,47.7,1.9,126.837,174.4,126.837,cropwat_fao56_pm_from_advisor_or_excel_replicated_regional
P100,BOR-100,2024-11-01,2024,5.2,-12.1,20.6,22.4,64.0,2.0,63.252,87.9,63.252,cropwat_fao56_pm_from_advisor_or_excel_replicated_regional
P100,BOR-100,2024-12-01,2024,3.4,-9.3,15.3,38.6,74.3,2.0,33.267,65.8,33.267,cropwat_fao56_pm_from_advisor_or_excel_replicated_regional
P101,BOR-101,2024-01-01,2024,3.3,-7.0,14.9,50.8,71.8,2.3,38.933,78.8,38.933,cropwat_fao56_pm_from_advisor_or_excel_replicated_regional
P101,BOR-101,2024-02-01,2024,5.3,-5.9,17.2,7.6,63.5,2.1,58.265,84.6,58.265,cropwat_fao56_pm_from_advisor_or_excel_replicated_regional
P101,BOR-101,2024-03-01,2024,7.3,-2.9,25.1,47.4,59.6,2.3,118.586,121.9,118.586,cropwat_fao56_pm_from_advisor_or_excel_replicated_regional
P101,BOR-101,2024-04-01,2024,15.5,3.3,30.3,37.4,47.3,2.5,182.968,239.3,182.968,cropwat_fao56_pm_from_advisor_or_excel_replicated_regional
P101,BOR-101,2024-05-01,2024,15.1,2.5,29.5,48.6,57.7,2.4,189.987,223.7,189.987,cropwat_fao56_pm_from_advisor_or_excel_replicated_regional
P101,BOR-101,2024-06-01,2024,23.9,10.7,35.7,10.2,37.2,2.5,247.459,424.2,247.459,cropwat_fao56_pm_from_advisor_or_excel_replicated_regional
P101,BOR-101,2024-07-01,2024,24.0,13.3,34.4,30.0,45.1,2.5,226.398,424.5,226.398,cropwat_fao56_pm_from_advisor_or_excel_replicated_regional
P101,BOR-101,2024-08-01,2024,24.1,12.7,36.7,7.8,40.2,2.3,227.594,396.0,227.594,cropwat_fao56_pm_from_advisor_or_excel_replicated_regional
P101,BOR-101,2024-09-01,2024,20.0,6.8,31.8,12.2,48.4,2.0,156.472,274.8,156.472,cropwat_fao56_pm_from_advisor_or_excel_replicated_regional
P101,BOR-101,2024-10-01,2024,12.8,-1.0,29.1,0.4,47.7,1.9,126.837,174.4,126.837,cropwat_fao56_pm_from_advisor_or_excel_replicated_regional
P101,BOR-101,2024-11-01,2024,5.2,-12.1,20.6,22.4,64.0,2.0,63.252,87.9,63.252,cropwat_fao56_pm_from_advisor_or_excel_replicated_regional
P101,BOR-101,2024-12-01,2024,3.4,-9.3,15.3,38.6,74.3,2.0,33.267,65.8,33.267,cropwat_fao56_pm_from_advisor_or_excel_replicated_regional
P102,BOR-102,2024-01-01,2024,3.3,-7.0,14.9,50.8,71.8,2.3,38.933,78.8,38.933,cropwat_fao56_pm_from_advisor_or_excel_replicated_regional
P102,BOR-102,2024-02-01,2024,5.3,-5.9,17.2,7.6,63.5,2.1,58.265,84.6,58.265,cropwat_fao56_pm_from_advisor_or_excel_replicated_regional
P102,BOR-102,2024-03-01,2024,7.3,-2.9,25.1,47.4,59.6,2.3,118.586,121.9,118.586,cropwat_fao56_pm_from_advisor_or_excel_replicated_regional
P102,BOR-102,2024-04-01,2024,15.5,3.3,30.3,37.4,47.3,2.5,182.968,239.3,182.968,cropwat_fao56_pm_from_advisor_or_excel_replicated_regional
P102,BOR-102,2024-05-01,2024,15.1,2.5,29.5,48.6,57.7,2.4,189.987,223.7,189.987,cropwat_fao56_pm_from_advisor_or_excel_replicated_regional
P102,BOR-102,2024-06-01,2024,23.9,10.7,35.7,10.2,37.2,2.5,247.459,424.2,247.459,cropwat_fao56_pm_from_advisor_or_excel_replicated_regional
P102,BOR-102,2024-07-01,2024,24.0,13.3,34.4,30.0,45.1,2.5,226.398,424.5,226.398,cropwat_fao56_pm_from_advisor_or_excel_replicated_regional
P102,BOR-102,2024-08-01,2024,24.1,12.7,36.7,7.8,40.2,2.3,227.594,396.0,227.594,cropwat_fao56_pm_from_advisor_or_excel_replicated_regional
P102,BOR-102,2024-09-01,2024,20.0,6.8,31.8,12.2,48.4,2.0,156.472,274.8,156.472,cropwat_fao56_pm_from_advisor_or_excel_replicated_regional
P102,BOR-102,2024-10-01,2024,12.8,-1.0,29.1,0.4,47.7,1.9,126.837,174.4,126.837,cropwat_fao56_pm_from_advisor_or_excel_replicated_regional
P102,BOR-102,2024-11-01,2024,5.2,-12.1,20.6,22.4,64.0,2.0,63.252,87.9,63.252,cropwat_fao56_pm_from_advisor_or_excel_replicated_regional
P102,BOR-102,2024-12-01,2024,3.4,-9.3,15.3,38.6,74.3,2.0,33.267,65.8,33.267,cropwat_fao56_pm_from_advisor_or_excel_replicated_regional
P103,BOR-103,2024-01-01,2024,3.3,-7.0,14.9,50.8,71.8,2.3,38.933,78.8,38.933,cropwat_fao56_pm_from_advisor_or_excel_replicated_regional
P103,BOR-103,2024-02-01,2024,5.3,-5.9,17.2,7.6,63.5,2.1,58.265,84.6,58.265,cropwat_fao56_pm_from_advisor_or_excel_replicated_regional
P103,BOR-103,2024-03-01,2024,7.3,-2.9,25.1,47.4,59.6,2.3,118.586,121.9,118.586,cropwat_fao56_pm_from_advisor_or_excel_replicated_regional
P103,BOR-103,2024-04-01,2024,15.5,3.3,30.3,37.4,47.3,2.5,182.968,239.3,182.968,cropwat_fao56_pm_from_advisor_or_excel_replicated_regional
P103,BOR-103,2024-05-01,2024,15.1,2.5,29.5,48.6,57.7,2.4,189.987,223.7,189.987,cropwat_fao56_pm_from_advisor_or_excel_replicated_regional
P103,BOR-103,2024-06-01,2024,23.9,10.7,35.7,10.2,37.2,2.5,247.459,424.2,247.459,cropwat_fao56_pm_from_advisor_or_excel_replicated_regional
P103,BOR-103,2024-07-01,2024,24.0,13.3,34.4,30.0,45.1,2.5,226.398,424.5,226.398,cropwat_fao56_pm_from_advisor_or_excel_replicated_regional
P103,BOR-103,2024-08-01,2024,24.1,12.7,36.7,7.8,40.2,2.3,227.594,396.0,227.594,cropwat_fao56_pm_from_advisor_or_excel_replicated_regional
P103,BOR-103,2024-09-01,2024,20.0,6.8,31.8,12.2,48.4,2.0,156.472,274.8,156.472,cropwat_fao56_pm_from_advisor_or_excel_replicated_regional
P103,BOR-103,2024-10-01,2024,12.8,-1.0,29.1,0.4,47.7,1.9,126.837,174.4,126.837,cropwat_fao56_pm_from_advisor_or_excel_replicated_regional
P103,BOR-103,2024-11-01,2024,5.2,-12.1,20.6,22.4,64.0,2.0,63.252,87.9,63.252,cropwat_fao56_pm_from_advisor_or_excel_replicated_regional
P103,BOR-103,2024-12-01,2024,3.4,-9.3,15.3,38.6,74.3,2.0,33.267,65.8,33.267,cropwat_fao56_pm_from_advisor_or_excel_replicated_regional
P104,BOR-104,2024-01-01,2024,3.3,-7.0,14.9,50.8,71.8,2.3,38.933,78.8,38.933,cropwat_fao56_pm_from_advisor_or_excel_replicated_regional
P104,BOR-104,2024-02-01,2024,5.3,-5.9,17.2,7.6,63.5,2.1,58.265,84.6,58.265,cropwat_fao56_pm_from_advisor_or_excel_replicated_regional
P104,BOR-104,2024-03-01,2024,7.3,-2.9,25.1,47.4,59.6,2.3,118.586,121.9,118.586,cropwat_fao56_pm_from_advisor_or_excel_replicated_regional
P104,BOR-104,2024-04-01,2024,15.5,3.3,30.3,37.4,47.3,2.5,182.968,239.3,182.968,cropwat_fao56_pm_from_advisor_or_excel_replicated_regional
P104,BOR-104,2024-05-01,2024,15.1,2.5,29.5,48.6,57.7,2.4,189.987,223.7,189.987,cropwat_fao56_pm_from_advisor_or_excel_replicated_regional
P104,BOR-104,2024-06-01,2024,23.9,10.7,35.7,10.2,37.2,2.5,247.459,424.2,247.459,cropwat_fao56_pm_from_advisor_or_excel_replicated_regional
P104,BOR-104,2024-07-01,2024,24.0,13.3,34.4,30.0,45.1,2.5,226.398,424.5,226.398,cropwat_fao56_pm_from_advisor_or_excel_replicated_regional
P104,BOR-104,2024-08-01,2024,24.1,12.7,36.7,7.8,40.2,2.3,227.594,396.0,227.594,cropwat_fao56_pm_from_advisor_or_excel_replicated_regional
P104,BOR-104,2024-09-01,2024,20.0,6.8,31.8,12.2,48.4,2.0,156.472,274.8,156.472,cropwat_fao56_pm_from_advisor_or_excel_replicated_regional
P104,BOR-104,2024-10-01,2024,12.8,-1.0,29.1,0.4,47.7,1.9,126.837,174.4,126.837,cropwat_fao56_pm_from_advisor_or_excel_replicated_regional
P104,BOR-104,2024-11-01,2024,5.2,-12.1,20.6,22.4,64.0,2.0,63.252,87.9,63.252,cropwat_fao56_pm_from_advisor_or_excel_replicated_regional
P104,BOR-104,2024-12-01,2024,3.4,-9.3,15.3,38.6,74.3,2.0,33.267,65.8,33.267,cropwat_fao56_pm_from_advisor_or_excel_replicated_regional
P105,BOR-105,2024-01-01,2024,3.3,-7.0,14.9,50.8,71.8,2.3,38.933,78.8,38.933,cropwat_fao56_pm_from_advisor_or_excel_replicated_regional
P105,BOR-105,2024-02-01,2024,5.3,-5.9,17.2,7.6,63.5,2.1,58.265,84.6,58.265,cropwat_fao56_pm_from_advisor_or_excel_replicated_regional
P105,BOR-105,2024-03-01,2024,7.3,-2.9,25.1,47.4,59.6,2.3,118.586,121.9,118.586,cropwat_fao56_pm_from_advisor_or_excel_replicated_regional
P105,BOR-105,2024-04-01,2024,15.5,3.3,30.3,37.4,47.3,2.5,182.968,239.3,182.968,cropwat_fao56_pm_from_advisor_or_excel_replicated_regional
P105,BOR-105,2024-05-01,2024,15.1,2.5,29.5,48.6,57.7,2.4,189.987,223.7,189.987,cropwat_fao56_pm_from_advisor_or_excel_replicated_regional
P105,BOR-105,2024-06-01,2024,23.9,10.7,35.7,10.2,37.2,2.5,247.459,424.2,247.459,cropwat_fao56_pm_from_advisor_or_excel_replicated_regional
P105,BOR-105,2024-07-01,2024,24.0,13.3,34.4,30.0,45.1,2.5,226.398,424.5,226.398,cropwat_fao56_pm_from_advisor_or_excel_replicated_regional
P105,BOR-105,2024-08-01,2024,24.1,12.7,36.7,7.8,40.2,2.3,227.594,396.0,227.594,cropwat_fao56_pm_from_advisor_or_excel_replicated_regional
P105,BOR-105,2024-09-01,2024,20.0,6.8,31.8,12.2,48.4,2.0,156.472,274.8,156.472,cropwat_fao56_pm_from_advisor_or_excel_replicated_regional
P105,BOR-105,2024-10-01,2024,12.8,-1.0,29.1,0.4,47.7,1.9,126.837,174.4,126.837,cropwat_fao56_pm_from_advisor_or_excel_replicated_regional
P105,BOR-105,2024-11-01,2024,5.2,-12.1,20.6,22.4,64.0,2.0,63.252,87.9,63.252,cropwat_fao56_pm_from_advisor_or_excel_replicated_regional
P105,BOR-105,2024-12-01,2024,3.4,-9.3,15.3,38.6,74.3,2.0,33.267,65.8,33.267,cropwat_fao56_pm_from_advisor_or_excel_replicated_regional
P106,BOR-106,2024-01-01,2024,3.3,-7.0,14.9,50.8,71.8,2.3,38.933,78.8,38.933,cropwat_fao56_pm_from_advisor_or_excel_replicated_regional
P106,BOR-106,2024-02-01,2024,5.3,-5.9,17.2,7.6,63.5,2.1,58.265,84.6,58.265,cropwat_fao56_pm_from_advisor_or_excel_replicated_regional
P106,BOR-106,2024-03-01,2024,7.3,-2.9,25.1,47.4,59.6,2.3,118.586,121.9,118.586,cropwat_fao56_pm_from_advisor_or_excel_replicated_regional
P106,BOR-106,2024-04-01,2024,15.5,3.3,30.3,37.4,47.3,2.5,182.968,239.3,182.968,cropwat_fao56_pm_from_advisor_or_excel_replicated_regional
P106,BOR-106,2024-05-01,2024,15.1,2.5,29.5,48.6,57.7,2.4,189.987,223.7,189.987,cropwat_fao56_pm_from_advisor_or_excel_replicated_regional
P106,BOR-106,2024-06-01,2024,23.9,10.7,35.7,10.2,37.2,2.5,247.459,424.2,247.459,cropwat_fao56_pm_from_advisor_or_excel_replicated_regional
P106,BOR-106,2024-07-01,2024,24.0,13.3,34.4,30.0,45.1,2.5,226.398,424.5,226.398,cropwat_fao56_pm_from_advisor_or_excel_replicated_regional
P106,BOR-106,2024-08-01,2024,24.1,12.7,36.7,7.8,40.2,2.3,227.594,396.0,227.594,cropwat_fao56_pm_from_advisor_or_excel_replicated_regional
P106,BOR-106,2024-09-01,2024,20.0,6.8,31.8,12.2,48.4,2.0,156.472,274.8,156.472,cropwat_fao56_pm_from_advisor_or_excel_replicated_regional
P106,BOR-106,2024-10-01,2024,12.8,-1.0,29.1,0.4,47.7,1.9,126.837,174.4,126.837,cropwat_fao56_pm_from_advisor_or_excel_replicated_regional
P106,BOR-106,2024-11-01,2024,5.2,-12.1,20.6,22.4,64.0,2.0,63.252,87.9,63.252,cropwat_fao56_pm_from_advisor_or_excel_replicated_regional
P106,BOR-106,2024-12-01,2024,3.4,-9.3,15.3,38.6,74.3,2.0,33.267,65.8,33.267,cropwat_fao56_pm_from_advisor_or_excel_replicated_regional
P107,BOR-107,2024-01-01,2024,3.3,-7.0,14.9,50.8,71.8,2.3,38.933,78.8,38.933,cropwat_fao56_pm_from_advisor_or_excel_replicated_regional
P107,BOR-107,2024-02-01,2024,5.3,-5.9,17.2,7.6,63.5,2.1,58.265,84.6,58.265,cropwat_fao56_pm_from_advisor_or_excel_replicated_regional
P107,BOR-107,2024-03-01,2024,7.3,-2.9,25.1,47.4,59.6,2.3,118.586,121.9,118.586,cropwat_fao56_pm_from_advisor_or_excel_replicated_regional
P107,BOR-107,2024-04-01,2024,15.5,3.3,30.3,37.4,47.3,2.5,182.968,239.3,182.968,cropwat_fao56_pm_from_advisor_or_excel_replicated_regional
P107,BOR-107,2024-05-01,2024,15.1,2.5,29.5,48.6,57.7,2.4,189.987,223.7,189.987,cropwat_fao56_pm_from_advisor_or_excel_replicated_regional
P107,BOR-107,2024-06-01,2024,23.9,10.7,35.7,10.2,37.2,2.5,247.459,424.2,247.459,cropwat_fao56_pm_from_advisor_or_excel_replicated_regional
P107,BOR-107,2024-07-01,2024,24.0,13.3,34.4,30.0,45.1,2.5,226.398,424.5,226.398,cropwat_fao56_pm_from_advisor_or_excel_replicated_regional
P107,BOR-107,2024-08-01,2024,24.1,12.7,36.7,7.8,40.2,2.3,227.594,396.0,227.594,cropwat_fao56_pm_from_advisor_or_excel_replicated_regional
P107,BOR-107,2024-09-01,2024,20.0,6.8,31.8,12.2,48.4,2.0,156.472,274.8,156.472,cropwat_fao56_pm_from_advisor_or_excel_replicated_regional
P107,BOR-107,2024-10-01,2024,12.8,-1.0,29.1,0.4,47.7,1.9,126.837,174.4,126.837,cropwat_fao56_pm_from_advisor_or_excel_replicated_regional
P107,BOR-107,2024-11-01,2024,5.2,-12.1,20.6,22.4,64.0,2.0,63.252,87.9,63.252,cropwat_fao56_pm_from_advisor_or_excel_replicated_regional
P107,BOR-107,2024-12-01,2024,3.4,-9.3,15.3,38.6,74.3,2.0,33.267,65.8,33.267,cropwat_fao56_pm_from_advisor_or_excel_replicated_regional
P108,BOR-108,2024-01-01,2024,3.3,-7.0,14.9,50.8,71.8,2.3,38.933,78.8,38.933,cropwat_fao56_pm_from_advisor_or_excel_replicated_regional
P108,BOR-108,2024-02-01,2024,5.3,-5.9,17.2,7.6,63.5,2.1,58.265,84.6,58.265,cropwat_fao56_pm_from_advisor_or_excel_replicated_regional
P108,BOR-108,2024-03-01,2024,7.3,-2.9,25.1,47.4,59.6,2.3,118.586,121.9,118.586,cropwat_fao56_pm_from_advisor_or_excel_replicated_regional
P108,BOR-108,2024-04-01,2024,15.5,3.3,30.3,37.4,47.3,2.5,182.968,239.3,182.968,cropwat_fao56_pm_from_advisor_or_excel_replicated_regional
P108,BOR-108,2024-05-01,2024,15.1,2.5,29.5,48.6,57.7,2.4,189.987,223.7,189.987,cropwat_fao56_pm_from_advisor_or_excel_replicated_regional
P108,BOR-108,2024-06-01,2024,23.9,10.7,35.7,10.2,37.2,2.5,247.459,424.2,247.459,cropwat_fao56_pm_from_advisor_or_excel_replicated_regional
P108,BOR-108,2024-07-01,2024,24.0,13.3,34.4,30.0,45.1,2.5,226.398,424.5,226.398,cropwat_fao56_pm_from_advisor_or_excel_replicated_regional
P108,BOR-108,2024-08-01,2024,24.1,12.7,36.7,7.8,40.2,2.3,227.594,396.0,227.594,cropwat_fao56_pm_from_advisor_or_excel_replicated_regional
P108,BOR-108,2024-09-01,2024,20.0,6.8,31.8,12.2,48.4,2.0,156.472,274.8,156.472,cropwat_fao56_pm_from_advisor_or_excel_replicated_regional
P108,BOR-108,2024-10-01,2024,12.8,-1.0,29.1,0.4,47.7,1.9,126.837,174.4,126.837,cropwat_fao56_pm_from_advisor_or_excel_replicated_regional
P108,BOR-108,2024-11-01,2024,5.2,-12.1,20.6,22.4,64.0,2.0,63.252,87.9,63.252,cropwat_fao56_pm_from_advisor_or_excel_replicated_regional
P108,BOR-108,2024-12-01,2024,3.4,-9.3,15.3,38.6,74.3,2.0,33.267,65.8,33.267,cropwat_fao56_pm_from_advisor_or_excel_replicated_regional
P109,BOR-109,2024-01-01,2024,3.3,-7.0,14.9,50.8,71.8,2.3,38.933,78.8,38.933,cropwat_fao56_pm_from_advisor_or_excel_replicated_regional
P109,BOR-109,2024-02-01,2024,5.3,-5.9,17.2,7.6,63.5,2.1,58.265,84.6,58.265,cropwat_fao56_pm_from_advisor_or_excel_replicated_regional
P109,BOR-109,2024-03-01,2024,7.3,-2.9,25.1,47.4,59.6,2.3,118.586,121.9,118.586,cropwat_fao56_pm_from_advisor_or_excel_replicated_regional
P109,BOR-109,2024-04-01,2024,15.5,3.3,30.3,37.4,47.3,2.5,182.968,239.3,182.968,cropwat_fao56_pm_from_advisor_or_excel_replicated_regional
P109,BOR-109,2024-05-01,2024,15.1,2.5,29.5,48.6,57.7,2.4,189.987,223.7,189.987,cropwat_fao56_pm_from_advisor_or_excel_replicated_regional
P109,BOR-109,2024-06-01,2024,23.9,10.7,35.7,10.2,37.2,2.5,247.459,424.2,247.459,cropwat_fao56_pm_from_advisor_or_excel_replicated_regional
P109,BOR-109,2024-07-01,2024,24.0,13.3,34.4,30.0,45.1,2.5,226.398,424.5,226.398,cropwat_fao56_pm_from_advisor_or_excel_replicated_regional
P109,BOR-109,2024-08-01,2024,24.1,12.7,36.7,7.8,40.2,2.3,227.594,396.0,227.594,cropwat_fao56_pm_from_advisor_or_excel_replicated_regional
P109,BOR-109,2024-09-01,2024,20.0,6.8,31.8,12.2,48.4,2.0,156.472,274.8,156.472,cropwat_fao56_pm_from_advisor_or_excel_replicated_regional
P109,BOR-109,2024-10-01,2024,12.8,-1.0,29.1,0.4,47.7,1.9,126.837,174.4,126.837,cropwat_fao56_pm_from_advisor_or_excel_replicated_regional
P109,BOR-109,2024-11-01,2024,5.2,-12.1,20.6,22.4,64.0,2.0,63.252,87.9,63.252,cropwat_fao56_pm_from_advisor_or_excel_replicated_regional
P109,BOR-109,2024-12-01,2024,3.4,-9.3,15.3,38.6,74.3,2.0,33.267,65.8,33.267,cropwat_fao56_pm_from_advisor_or_excel_replicated_regional
P110,BOR-110,2024-01-01,2024,3.3,-7.0,14.9,50.8,71.8,2.3,38.933,78.8,38.933,cropwat_fao56_pm_from_advisor_or_excel_replicated_regional
P110,BOR-110,2024-02-01,2024,5.3,-5.9,17.2,7.6,63.5,2.1,58.265,84.6,58.265,cropwat_fao56_pm_from_advisor_or_excel_replicated_regional
P110,BOR-110,2024-03-01,2024,7.3,-2.9,25.1,47.4,59.6,2.3,118.586,121.9,118.586,cropwat_fao56_pm_from_advisor_or_excel_replicated_regional
P110,BOR-110,2024-04-01,2024,15.5,3.3,30.3,37.4,47.3,2.5,182.968,239.3,182.968,cropwat_fao56_pm_from_advisor_or_excel_replicated_regional
P110,BOR-110,2024-05-01,2024,15.1,2.5,29.5,48.6,57.7,2.4,189.987,223.7,189.987,cropwat_fao56_pm_from_advisor_or_excel_replicated_regional
P110,BOR-110,2024-06-01,2024,23.9,10.7,35.7,10.2,37.2,2.5,247.459,424.2,247.459,cropwat_fao56_pm_from_advisor_or_excel_replicated_regional
P110,BOR-110,2024-07-01,2024,24.0,13.3,34.4,30.0,45.1,2.5,226.398,424.5,226.398,cropwat_fao56_pm_from_advisor_or_excel_replicated_regional
P110,BOR-110,2024-08-01,2024,24.1,12.7,36.7,7.8,40.2,2.3,227.594,396.0,227.594,cropwat_fao56_pm_from_advisor_or_excel_replicated_regional
P110,BOR-110,2024-09-01,2024,20.0,6.8,31.8,12.2,48.4,2.0,156.472,274.8,156.472,cropwat_fao56_pm_from_advisor_or_excel_replicated_regional
P110,BOR-110,2024-10-01,2024,12.8,-1.0,29.1,0.4,47.7,1.9,126.837,174.4,126.837,cropwat_fao56_pm_from_advisor_or_excel_replicated_regional
P110,BOR-110,2024-11-01,2024,5.2,-12.1,20.6,22.4,64.0,2.0,63.252,87.9,63.252,cropwat_fao56_pm_from_advisor_or_excel_replicated_regional
P110,BOR-110,2024-12-01,2024,3.4,-9.3,15.3,38.6,74.3,2.0,33.267,65.8,33.267,cropwat_fao56_pm_from_advisor_or_excel_replicated_regional
P111,BOR-111,2024-01-01,2024,3.3,-7.0,14.9,50.8,71.8,2.3,38.933,78.8,38.933,cropwat_fao56_pm_from_advisor_or_excel_replicated_regional
P111,BOR-111,2024-02-01,2024,5.3,-5.9,17.2,7.6,63.5,2.1,58.265,84.6,58.265,cropwat_fao56_pm_from_advisor_or_excel_replicated_regional
P111,BOR-111,2024-03-01,2024,7.3,-2.9,25.1,47.4,59.6,2.3,118.586,121.9,118.586,cropwat_fao56_pm_from_advisor_or_excel_replicated_regional
P111,BOR-111,2024-04-01,2024,15.5,3.3,30.3,37.4,47.3,2.5,182.968,239.3,182.968,cropwat_fao56_pm_from_advisor_or_excel_replicated_regional
P111,BOR-111,2024-05-01,2024,15.1,2.5,29.5,48.6,57.7,2.4,189.987,223.7,189.987,cropwat_fao56_pm_from_advisor_or_excel_replicated_regional
P111,BOR-111,2024-06-01,2024,23.9,10.7,35.7,10.2,37.2,2.5,247.459,424.2,247.459,cropwat_fao56_pm_from_advisor_or_excel_replicated_regional
P111,BOR-111,2024-07-01,2024,24.0,13.3,34.4,30.0,45.1,2.5,226.398,424.5,226.398,cropwat_fao56_pm_from_advisor_or_excel_replicated_regional
P111,BOR-111,2024-08-01,2024,24.1,12.7,36.7,7.8,40.2,2.3,227.594,396.0,227.594,cropwat_fao56_pm_from_advisor_or_excel_replicated_regional
P111,BOR-111,2024-09-01,2024,20.0,6.8,31.8,12.2,48.4,2.0,156.472,274.8,156.472,cropwat_fao56_pm_from_advisor_or_excel_replicated_regional
P111,BOR-111,2024-10-01,2024,12.8,-1.0,29.1,0.4,47.7,1.9,126.837,174.4,126.837,cropwat_fao56_pm_from_advisor_or_excel_replicated_regional
P111,BOR-111,2024-11-01,2024,5.2,-12.1,20.6,22.4,64.0,2.0,63.252,87.9,63.252,cropwat_fao56_pm_from_advisor_or_excel_replicated_regional
P111,BOR-111,2024-12-01,2024,3.4,-9.3,15.3,38.6,74.3,2.0,33.267,65.8,33.267,cropwat_fao56_pm_from_advisor_or_excel_replicated_regional
P112,BOR-112,2024-01-01,2024,3.3,-7.0,14.9,50.8,71.8,2.3,38.933,78.8,38.933,cropwat_fao56_pm_from_advisor_or_excel_replicated_regional
P112,BOR-112,2024-02-01,2024,5.3,-5.9,17.2,7.6,63.5,2.1,58.265,84.6,58.265,cropwat_fao56_pm_from_advisor_or_excel_replicated_regional
P112,BOR-112,2024-03-01,2024,7.3,-2.9,25.1,47.4,59.6,2.3,118.586,121.9,118.586,cropwat_fao56_pm_from_advisor_or_excel_replicated_regional
P112,BOR-112,2024-04-01,2024,15.5,3.3,30.3,37.4,47.3,2.5,182.968,239.3,182.968,cropwat_fao56_pm_from_advisor_or_excel_replicated_regional
P112,BOR-112,2024-05-01,2024,15.1,2.5,29.5,48.6,57.7,2.4,189.987,223.7,189.987,cropwat_fao56_pm_from_advisor_or_excel_replicated_regional
P112,BOR-112,2024-06-01,2024,23.9,10.7,35.7,10.2,37.2,2.5,247.459,424.2,247.459,cropwat_fao56_pm_from_advisor_or_excel_replicated_regional
P112,BOR-112,2024-07-01,2024,24.0,13.3,34.4,30.0,45.1,2.5,226.398,424.5,226.398,cropwat_fao56_pm_from_advisor_or_excel_replicated_regional
P112,BOR-112,2024-08-01,2024,24.1,12.7,36.7,7.8,40.2,2.3,227.594,396.0,227.594,cropwat_fao56_pm_from_advisor_or_excel_replicated_regional
P112,BOR-112,2024-09-01,2024,20.0,6.8,31.8,12.2,48.4,2.0,156.472,274.8,156.472,cropwat_fao56_pm_from_advisor_or_excel_replicated_regional
P112,BOR-112,2024-10-01,2024,12.8,-1.0,29.1,0.4,47.7,1.9,126.837,174.4,126.837,cropwat_fao56_pm_from_advisor_or_excel_replicated_regional
P112,BOR-112,2024-11-01,2024,5.2,-12.1,20.6,22.4,64.0,2.0,63.252,87.9,63.252,cropwat_fao56_pm_from_advisor_or_excel_replicated_regional
P112,BOR-112,2024-12-01,2024,3.4,-9.3,15.3,38.6,74.3,2.0,33.267,65.8,33.267,cropwat_fao56_pm_from_advisor_or_excel_replicated_regional
P113,BOR-113,2024-01-01,2024,3.3,-7.0,14.9,50.8,71.8,2.3,38.933,78.8,38.933,cropwat_fao56_pm_from_advisor_or_excel_replicated_regional
P113,BOR-113,2024-02-01,2024,5.3,-5.9,17.2,7.6,63.5,2.1,58.265,84.6,58.265,cropwat_fao56_pm_from_advisor_or_excel_replicated_regional
P113,BOR-113,2024-03-01,2024,7.3,-2.9,25.1,47.4,59.6,2.3,118.586,121.9,118.586,cropwat_fao56_pm_from_advisor_or_excel_replicated_regional
P113,BOR-113,2024-04-01,2024,15.5,3.3,30.3,37.4,47.3,2.5,182.968,239.3,182.968,cropwat_fao56_pm_from_advisor_or_excel_replicated_regional
P113,BOR-113,2024-05-01,2024,15.1,2.5,29.5,48.6,57.7,2.4,189.987,223.7,189.987,cropwat_fao56_pm_from_advisor_or_excel_replicated_regional
P113,BOR-113,2024-06-01,2024,23.9,10.7,35.7,10.2,37.2,2.5,247.459,424.2,247.459,cropwat_fao56_pm_from_advisor_or_excel_replicated_regional
P113,BOR-113,2024-07-01,2024,24.0,13.3,34.4,30.0,45.1,2.5,226.398,424.5,226.398,cropwat_fao56_pm_from_advisor_or_excel_replicated_regional
P113,BOR-113,2024-08-01,2024,24.1,12.7,36.7,7.8,40.2,2.3,227.594,396.0,227.594,cropwat_fao56_pm_from_advisor_or_excel_replicated_regional
P113,BOR-113,2024-09-01,2024,20.0,6.8,31.8,12.2,48.4,2.0,156.472,274.8,156.472,cropwat_fao56_pm_from_advisor_or_excel_replicated_regional
P113,BOR-113,2024-10-01,2024,12.8,-1.0,29.1,0.4,47.7,1.9,126.837,174.4,126.837,cropwat_fao56_pm_from_advisor_or_excel_replicated_regional
P113,BOR-113,2024-11-01,2024,5.2,-12.1,20.6,22.4,64.0,2.0,63.252,87.9,63.252,cropwat_fao56_pm_from_advisor_or_excel_replicated_regional
P113,BOR-113,2024-12-01,2024,3.4,-9.3,15.3,38.6,74.3,2.0,33.267,65.8,33.267,cropwat_fao56_pm_from_advisor_or_excel_replicated_regional
P114,BOR-114,2024-01-01,2024,3.3,-7.0,14.9,50.8,71.8,2.3,38.933,78.8,38.933,cropwat_fao56_pm_from_advisor_or_excel_replicated_regional
P114,BOR-114,2024-02-01,2024,5.3,-5.9,17.2,7.6,63.5,2.1,58.265,84.6,58.265,cropwat_fao56_pm_from_advisor_or_excel_replicated_regional
P114,BOR-114,2024-03-01,2024,7.3,-2.9,25.1,47.4,59.6,2.3,118.586,121.9,118.586,cropwat_fao56_pm_from_advisor_or_excel_replicated_regional
P114,BOR-114,2024-04-01,2024,15.5,3.3,30.3,37.4,47.3,2.5,182.968,239.3,182.968,cropwat_fao56_pm_from_advisor_or_excel_replicated_regional
P114,BOR-114,2024-05-01,2024,15.1,2.5,29.5,48.6,57.7,2.4,189.987,223.7,189.987,cropwat_fao56_pm_from_advisor_or_excel_replicated_regional
P114,BOR-114,2024-06-01,2024,23.9,10.7,35.7,10.2,37.2,2.5,247.459,424.2,247.459,cropwat_fao56_pm_from_advisor_or_excel_replicated_regional
P114,BOR-114,2024-07-01,2024,24.0,13.3,34.4,30.0,45.1,2.5,226.398,424.5,226.398,cropwat_fao56_pm_from_advisor_or_excel_replicated_regional
P114,BOR-114,2024-08-01,2024,24.1,12.7,36.7,7.8,40.2,2.3,227.594,396.0,227.594,cropwat_fao56_pm_from_advisor_or_excel_replicated_regional
P114,BOR-114,2024-09-01,2024,20.0,6.8,31.8,12.2,48.4,2.0,156.472,274.8,156.472,cropwat_fao56_pm_from_advisor_or_excel_replicated_regional
P114,BOR-114,2024-10-01,2024,12.8,-1.0,29.1,0.4,47.7,1.9,126.837,174.4,126.837,cropwat_fao56_pm_from_advisor_or_excel_replicated_regional
P114,BOR-114,2024-11-01,2024,5.2,-12.1,20.6,22.4,64.0,2.0,63.252,87.9,63.252,cropwat_fao56_pm_from_advisor_or_excel_replicated_regional
P114,BOR-114,2024-12-01,2024,3.4,-9.3,15.3,38.6,74.3,2.0,33.267,65.8,33.267,cropwat_fao56_pm_from_advisor_or_excel_replicated_regional
P115,BOR-115,2024-01-01,2024,3.3,-7.0,14.9,50.8,71.8,2.3,38.933,78.8,38.933,cropwat_fao56_pm_from_advisor_or_excel_replicated_regional
P115,BOR-115,2024-02-01,2024,5.3,-5.9,17.2,7.6,63.5,2.1,58.265,84.6,58.265,cropwat_fao56_pm_from_advisor_or_excel_replicated_regional
P115,BOR-115,2024-03-01,2024,7.3,-2.9,25.1,47.4,59.6,2.3,118.586,121.9,118.586,cropwat_fao56_pm_from_advisor_or_excel_replicated_regional
P115,BOR-115,2024-04-01,2024,15.5,3.3,30.3,37.4,47.3,2.5,182.968,239.3,182.968,cropwat_fao56_pm_from_advisor_or_excel_replicated_regional
P115,BOR-115,2024-05-01,2024,15.1,2.5,29.5,48.6,57.7,2.4,189.987,223.7,189.987,cropwat_fao56_pm_from_advisor_or_excel_replicated_regional
P115,BOR-115,2024-06-01,2024,23.9,10.7,35.7,10.2,37.2,2.5,247.459,424.2,247.459,cropwat_fao56_pm_from_advisor_or_excel_replicated_regional
P115,BOR-115,2024-07-01,2024,24.0,13.3,34.4,30.0,45.1,2.5,226.398,424.5,226.398,cropwat_fao56_pm_from_advisor_or_excel_replicated_regional
P115,BOR-115,2024-08-01,2024,24.1,12.7,36.7,7.8,40.2,2.3,227.594,396.0,227.594,cropwat_fao56_pm_from_advisor_or_excel_replicated_regional
P115,BOR-115,2024-09-01,2024,20.0,6.8,31.8,12.2,48.4,2.0,156.472,274.8,156.472,cropwat_fao56_pm_from_advisor_or_excel_replicated_regional
P115,BOR-115,2024-10-01,2024,12.8,-1.0,29.1,0.4,47.7,1.9,126.837,174.4,126.837,cropwat_fao56_pm_from_advisor_or_excel_replicated_regional
P115,BOR-115,2024-11-01,2024,5.2,-12.1,20.6,22.4,64.0,2.0,63.252,87.9,63.252,cropwat_fao56_pm_from_advisor_or_excel_replicated_regional
P115,BOR-115,2024-12-01,2024,3.4,-9.3,15.3,38.6,74.3,2.0,33.267,65.8,33.267,cropwat_fao56_pm_from_advisor_or_excel_replicated_regional
P116,BOR-116,2024-01-01,2024,3.3,-7.0,14.9,50.8,71.8,2.3,38.933,78.8,38.933,cropwat_fao56_pm_from_advisor_or_excel_replicated_regional
P116,BOR-116,2024-02-01,2024,5.3,-5.9,17.2,7.6,63.5,2.1,58.265,84.6,58.265,cropwat_fao56_pm_from_advisor_or_excel_replicated_regional
P116,BOR-116,2024-03-01,2024,7.3,-2.9,25.1,47.4,59.6,2.3,118.586,121.9,118.586,cropwat_fao56_pm_from_advisor_or_excel_replicated_regional
P116,BOR-116,2024-04-01,2024,15.5,3.3,30.3,37.4,47.3,2.5,182.968,239.3,182.968,cropwat_fao56_pm_from_advisor_or_excel_replicated_regional
P116,BOR-116,2024-05-01,2024,15.1,2.5,29.5,48.6,57.7,2.4,189.987,223.7,189.987,cropwat_fao56_pm_from_advisor_or_excel_replicated_regional
P116,BOR-116,2024-06-01,2024,23.9,10.7,35.7,10.2,37.2,2.5,247.459,424.2,247.459,cropwat_fao56_pm_from_advisor_or_excel_replicated_regional
P116,BOR-116,2024-07-01,2024,24.0,13.3,34.4,30.0,45.1,2.5,226.398,424.5,226.398,cropwat_fao56_pm_from_advisor_or_excel_replicated_regional
P116,BOR-116,2024-08-01,2024,24.1,12.7,36.7,7.8,40.2,2.3,227.594,396.0,227.594,cropwat_fao56_pm_from_advisor_or_excel_replicated_regional
P116,BOR-116,2024-09-01,2024,20.0,6.8,31.8,12.2,48.4,2.0,156.472,274.8,156.472,cropwat_fao56_pm_from_advisor_or_excel_replicated_regional
P116,BOR-116,2024-10-01,2024,12.8,-1.0,29.1,0.4,47.7,1.9,126.837,174.4,126.837,cropwat_fao56_pm_from_advisor_or_excel_replicated_regional
P116,BOR-116,2024-11-01,2024,5.2,-12.1,20.6,22.4,64.0,2.0,63.252,87.9,63.252,cropwat_fao56_pm_from_advisor_or_excel_replicated_regional
P116,BOR-116,2024-12-01,2024,3.4,-9.3,15.3,38.6,74.3,2.0,33.267,65.8,33.267,cropwat_fao56_pm_from_advisor_or_excel_replicated_regional
P117,BOR-117,2024-01-01,2024,3.3,-7.0,14.9,50.8,71.8,2.3,38.933,78.8,38.933,cropwat_fao56_pm_from_advisor_or_excel_replicated_regional
P117,BOR-117,2024-02-01,2024,5.3,-5.9,17.2,7.6,63.5,2.1,58.265,84.6,58.265,cropwat_fao56_pm_from_advisor_or_excel_replicated_regional
P117,BOR-117,2024-03-01,2024,7.3,-2.9,25.1,47.4,59.6,2.3,118.586,121.9,118.586,cropwat_fao56_pm_from_advisor_or_excel_replicated_regional
P117,BOR-117,2024-04-01,2024,15.5,3.3,30.3,37.4,47.3,2.5,182.968,239.3,182.968,cropwat_fao56_pm_from_advisor_or_excel_replicated_regional
P117,BOR-117,2024-05-01,2024,15.1,2.5,29.5,48.6,57.7,2.4,189.987,223.7,189.987,cropwat_fao56_pm_from_advisor_or_excel_replicated_regional
P117,BOR-117,2024-06-01,2024,23.9,10.7,35.7,10.2,37.2,2.5,247.459,424.2,247.459,cropwat_fao56_pm_from_advisor_or_excel_replicated_regional
P117,BOR-117,2024-07-01,2024,24.0,13.3,34.4,30.0,45.1,2.5,226.398,424.5,226.398,cropwat_fao56_pm_from_advisor_or_excel_replicated_regional
P117,BOR-117,2024-08-01,2024,24.1,12.7,36.7,7.8,40.2,2.3,227.594,396.0,227.594,cropwat_fao56_pm_from_advisor_or_excel_replicated_regional
P117,BOR-117,2024-09-01,2024,20.0,6.8,31.8,12.2,48.4,2.0,156.472,274.8,156.472,cropwat_fao56_pm_from_advisor_or_excel_replicated_regional
P117,BOR-117,2024-10-01,2024,12.8,-1.0,29.1,0.4,47.7,1.9,126.837,174.4,126.837,cropwat_fao56_pm_from_advisor_or_excel_replicated_regional
P117,BOR-117,2024-11-01,2024,5.2,-12.1,20.6,22.4,64.0,2.0,63.252,87.9,63.252,cropwat_fao56_pm_from_advisor_or_excel_replicated_regional
P117,BOR-117,2024-12-01,2024,3.4,-9.3,15.3,38.6,74.3,2.0,33.267,65.8,33.267,cropwat_fao56_pm_from_advisor_or_excel_replicated_regional
P118,BOR-118,2024-01-01,2024,3.3,-7.0,14.9,50.8,71.8,2.3,38.933,78.8,38.933,cropwat_fao56_pm_from_advisor_or_excel_replicated_regional
P118,BOR-118,2024-02-01,2024,5.3,-5.9,17.2,7.6,63.5,2.1,58.265,84.6,58.265,cropwat_fao56_pm_from_advisor_or_excel_replicated_regional
P118,BOR-118,2024-03-01,2024,7.3,-2.9,25.1,47.4,59.6,2.3,118.586,121.9,118.586,cropwat_fao56_pm_from_advisor_or_excel_replicated_regional
P118,BOR-118,2024-04-01,2024,15.5,3.3,30.3,37.4,47.3,2.5,182.968,239.3,182.968,cropwat_fao56_pm_from_advisor_or_excel_replicated_regional
P118,BOR-118,2024-05-01,2024,15.1,2.5,29.5,48.6,57.7,2.4,189.987,223.7,189.987,cropwat_fao56_pm_from_advisor_or_excel_replicated_regional
P118,BOR-118,2024-06-01,2024,23.9,10.7,35.7,10.2,37.2,2.5,247.459,424.2,247.459,cropwat_fao56_pm_from_advisor_or_excel_replicated_regional
P118,BOR-118,2024-07-01,2024,24.0,13.3,34.4,30.0,45.1,2.5,226.398,424.5,226.398,cropwat_fao56_pm_from_advisor_or_excel_replicated_regional
P118,BOR-118,2024-08-01,2024,24.1,12.7,36.7,7.8,40.2,2.3,227.594,396.0,227.594,cropwat_fao56_pm_from_advisor_or_excel_replicated_regional
P118,BOR-118,2024-09-01,2024,20.0,6.8,31.8,12.2,48.4,2.0,156.472,274.8,156.472,cropwat_fao56_pm_from_advisor_or_excel_replicated_regional
P118,BOR-118,2024-10-01,2024,12.8,-1.0,29.1,0.4,47.7,1.9,126.837,174.4,126.837,cropwat_fao56_pm_from_advisor_or_excel_replicated_regional
P118,BOR-118,2024-11-01,2024,5.2,-12.1,20.6,22.4,64.0,2.0,63.252,87.9,63.252,cropwat_fao56_pm_from_advisor_or_excel_replicated_regional
P118,BOR-118,2024-12-01,2024,3.4,-9.3,15.3,38.6,74.3,2.0,33.267,65.8,33.267,cropwat_fao56_pm_from_advisor_or_excel_replicated_regional
P119,BOR-119,2024-01-01,2024,3.3,-7.0,14.9,50.8,71.8,2.3,38.933,78.8,38.933,cropwat_fao56_pm_from_advisor_or_excel_replicated_regional
P119,BOR-119,2024-02-01,2024,5.3,-5.9,17.2,7.6,63.5,2.1,58.265,84.6,58.265,cropwat_fao56_pm_from_advisor_or_excel_replicated_regional
P119,BOR-119,2024-03-01,2024,7.3,-2.9,25.1,47.4,59.6,2.3,118.586,121.9,118.586,cropwat_fao56_pm_from_advisor_or_excel_replicated_regional
P119,BOR-119,2024-04-01,2024,15.5,3.3,30.3,37.4,47.3,2.5,182.968,239.3,182.968,cropwat_fao56_pm_from_advisor_or_excel_replicated_regional
P119,BOR-119,2024-05-01,2024,15.1,2.5,29.5,48.6,57.7,2.4,189.987,223.7,189.987,cropwat_fao56_pm_from_advisor_or_excel_replicated_regional
P119,BOR-119,2024-06-01,2024,23.9,10.7,35.7,10.2,37.2,2.5,247.459,424.2,247.459,cropwat_fao56_pm_from_advisor_or_excel_replicated_regional
P119,BOR-119,2024-07-01,2024,24.0,13.3,34.4,30.0,45.1,2.5,226.398,424.5,226.398,cropwat_fao56_pm_from_advisor_or_excel_replicated_regional
P119,BOR-119,2024-08-01,2024,24.1,12.7,36.7,7.8,40.2,2.3,227.594,396.0,227.594,cropwat_fao56_pm_from_advisor_or_excel_replicated_regional
P119,BOR-119,2024-09-01,2024,20.0,6.8,31.8,12.2,48.4,2.0,156.472,274.8,156.472,cropwat_fao56_pm_from_advisor_or_excel_replicated_regional
P119,BOR-119,2024-10-01,2024,12.8,-1.0,29.1,0.4,47.7,1.9,126.837,174.4,126.837,cropwat_fao56_pm_from_advisor_or_excel_replicated_regional
P119,BOR-119,2024-11-01,2024,5.2,-12.1,20.6,22.4,64.0,2.0,63.252,87.9,63.252,cropwat_fao56_pm_from_advisor_or_excel_replicated_regional
P119,BOR-119,2024-12-01,2024,3.4,-9.3,15.3,38.6,74.3,2.0,33.267,65.8,33.267,cropwat_fao56_pm_from_advisor_or_excel_replicated_regional
P120,BOR-120,2024-01-01,2024,3.3,-7.0,14.9,50.8,71.8,2.3,38.933,78.8,38.933,cropwat_fao56_pm_from_advisor_or_excel_replicated_regional
P120,BOR-120,2024-02-01,2024,5.3,-5.9,17.2,7.6,63.5,2.1,58.265,84.6,58.265,cropwat_fao56_pm_from_advisor_or_excel_replicated_regional
P120,BOR-120,2024-03-01,2024,7.3,-2.9,25.1,47.4,59.6,2.3,118.586,121.9,118.586,cropwat_fao56_pm_from_advisor_or_excel_replicated_regional
P120,BOR-120,2024-04-01,2024,15.5,3.3,30.3,37.4,47.3,2.5,182.968,239.3,182.968,cropwat_fao56_pm_from_advisor_or_excel_replicated_regional
P120,BOR-120,2024-05-01,2024,15.1,2.5,29.5,48.6,57.7,2.4,189.987,223.7,189.987,cropwat_fao56_pm_from_advisor_or_excel_replicated_regional
P120,BOR-120,2024-06-01,2024,23.9,10.7,35.7,10.2,37.2,2.5,247.459,424.2,247.459,cropwat_fao56_pm_from_advisor_or_excel_replicated_regional
P120,BOR-120,2024-07-01,2024,24.0,13.3,34.4,30.0,45.1,2.5,226.398,424.5,226.398,cropwat_fao56_pm_from_advisor_or_excel_replicated_regional
P120,BOR-120,2024-08-01,2024,24.1,12.7,36.7,7.8,40.2,2.3,227.594,396.0,227.594,cropwat_fao56_pm_from_advisor_or_excel_replicated_regional
P120,BOR-120,2024-09-01,2024,20.0,6.8,31.8,12.2,48.4,2.0,156.472,274.8,156.472,cropwat_fao56_pm_from_advisor_or_excel_replicated_regional
P120,BOR-120,2024-10-01,2024,12.8,-1.0,29.1,0.4,47.7,1.9,126.837,174.4,126.837,cropwat_fao56_pm_from_advisor_or_excel_replicated_regional
P120,BOR-120,2024-11-01,2024,5.2,-12.1,20.6,22.4,64.0,2.0,63.252,87.9,63.252,cropwat_fao56_pm_from_advisor_or_excel_replicated_regional
P120,BOR-120,2024-12-01,2024,3.4,-9.3,15.3,38.6,74.3,2.0,33.267,65.8,33.267,cropwat_fao56_pm_from_advisor_or_excel_replicated_regional
P121,BOR-121,2024-01-01,2024,3.3,-7.0,14.9,50.8,71.8,2.3,38.933,78.8,38.933,cropwat_fao56_pm_from_advisor_or_excel_replicated_regional
P121,BOR-121,2024-02-01,2024,5.3,-5.9,17.2,7.6,63.5,2.1,58.265,84.6,58.265,cropwat_fao56_pm_from_advisor_or_excel_replicated_regional
P121,BOR-121,2024-03-01,2024,7.3,-2.9,25.1,47.4,59.6,2.3,118.586,121.9,118.586,cropwat_fao56_pm_from_advisor_or_excel_replicated_regional
P121,BOR-121,2024-04-01,2024,15.5,3.3,30.3,37.4,47.3,2.5,182.968,239.3,182.968,cropwat_fao56_pm_from_advisor_or_excel_replicated_regional
P121,BOR-121,2024-05-01,2024,15.1,2.5,29.5,48.6,57.7,2.4,189.987,223.7,189.987,cropwat_fao56_pm_from_advisor_or_excel_replicated_regional
P121,BOR-121,2024-06-01,2024,23.9,10.7,35.7,10.2,37.2,2.5,247.459,424.2,247.459,cropwat_fao56_pm_from_advisor_or_excel_replicated_regional
P121,BOR-121,2024-07-01,2024,24.0,13.3,34.4,30.0,45.1,2.5,226.398,424.5,226.398,cropwat_fao56_pm_from_advisor_or_excel_replicated_regional
P121,BOR-121,2024-08-01,2024,24.1,12.7,36.7,7.8,40.2,2.3,227.594,396.0,227.594,cropwat_fao56_pm_from_advisor_or_excel_replicated_regional
P121,BOR-121,2024-09-01,2024,20.0,6.8,31.8,12.2,48.4,2.0,156.472,274.8,156.472,cropwat_fao56_pm_from_advisor_or_excel_replicated_regional
P121,BOR-121,2024-10-01,2024,12.8,-1.0,29.1,0.4,47.7,1.9,126.837,174.4,126.837,cropwat_fao56_pm_from_advisor_or_excel_replicated_regional
P121,BOR-121,2024-11-01,2024,5.2,-12.1,20.6,22.4,64.0,2.0,63.252,87.9,63.252,cropwat_fao56_pm_from_advisor_or_excel_replicated_regional
P121,BOR-121,2024-12-01,2024,3.4,-9.3,15.3,38.6,74.3,2.0,33.267,65.8,33.267,cropwat_fao56_pm_from_advisor_or_excel_replicated_regional
P122,KEM-122,2024-01-01,2024,3.3,-7.0,14.9,50.8,71.8,2.3,38.933,78.8,38.933,cropwat_fao56_pm_from_advisor_or_excel_replicated_regional
P122,KEM-122,2024-02-01,2024,5.3,-5.9,17.2,7.6,63.5,2.1,58.265,84.6,58.265,cropwat_fao56_pm_from_advisor_or_excel_replicated_regional
P122,KEM-122,2024-03-01,2024,7.3,-2.9,25.1,47.4,59.6,2.3,118.586,121.9,118.586,cropwat_fao56_pm_from_advisor_or_excel_replicated_regional
P122,KEM-122,2024-04-01,2024,15.5,3.3,30.3,37.4,47.3,2.5,182.968,239.3,182.968,cropwat_fao56_pm_from_advisor_or_excel_replicated_regional
P122,KEM-122,2024-05-01,2024,15.1,2.5,29.5,48.6,57.7,2.4,189.987,223.7,189.987,cropwat_fao56_pm_from_advisor_or_excel_replicated_regional
P122,KEM-122,2024-06-01,2024,23.9,10.7,35.7,10.2,37.2,2.5,247.459,424.2,247.459,cropwat_fao56_pm_from_advisor_or_excel_replicated_regional
P122,KEM-122,2024-07-01,2024,24.0,13.3,34.4,30.0,45.1,2.5,226.398,424.5,226.398,cropwat_fao56_pm_from_advisor_or_excel_replicated_regional
P122,KEM-122,2024-08-01,2024,24.1,12.7,36.7,7.8,40.2,2.3,227.594,396.0,227.594,cropwat_fao56_pm_from_advisor_or_excel_replicated_regional
P122,KEM-122,2024-09-01,2024,20.0,6.8,31.8,12.2,48.4,2.0,156.472,274.8,156.472,cropwat_fao56_pm_from_advisor_or_excel_replicated_regional
P122,KEM-122,2024-10-01,2024,12.8,-1.0,29.1,0.4,47.7,1.9,126.837,174.4,126.837,cropwat_fao56_pm_from_advisor_or_excel_replicated_regional
P122,KEM-122,2024-11-01,2024,5.2,-12.1,20.6,22.4,64.0,2.0,63.252,87.9,63.252,cropwat_fao56_pm_from_advisor_or_excel_replicated_regional
P122,KEM-122,2024-12-01,2024,3.4,-9.3,15.3,38.6,74.3,2.0,33.267,65.8,33.267,cropwat_fao56_pm_from_advisor_or_excel_replicated_regional
P123,KEM-123,2024-01-01,2024,3.3,-7.0,14.9,50.8,71.8,2.3,38.933,78.8,38.933,cropwat_fao56_pm_from_advisor_or_excel_replicated_regional
P123,KEM-123,2024-02-01,2024,5.3,-5.9,17.2,7.6,63.5,2.1,58.265,84.6,58.265,cropwat_fao56_pm_from_advisor_or_excel_replicated_regional
P123,KEM-123,2024-03-01,2024,7.3,-2.9,25.1,47.4,59.6,2.3,118.586,121.9,118.586,cropwat_fao56_pm_from_advisor_or_excel_replicated_regional
P123,KEM-123,2024-04-01,2024,15.5,3.3,30.3,37.4,47.3,2.5,182.968,239.3,182.968,cropwat_fao56_pm_from_advisor_or_excel_replicated_regional
P123,KEM-123,2024-05-01,2024,15.1,2.5,29.5,48.6,57.7,2.4,189.987,223.7,189.987,cropwat_fao56_pm_from_advisor_or_excel_replicated_regional
P123,KEM-123,2024-06-01,2024,23.9,10.7,35.7,10.2,37.2,2.5,247.459,424.2,247.459,cropwat_fao56_pm_from_advisor_or_excel_replicated_regional
P123,KEM-123,2024-07-01,2024,24.0,13.3,34.4,30.0,45.1,2.5,226.398,424.5,226.398,cropwat_fao56_pm_from_advisor_or_excel_replicated_regional
P123,KEM-123,2024-08-01,2024,24.1,12.7,36.7,7.8,40.2,2.3,227.594,396.0,227.594,cropwat_fao56_pm_from_advisor_or_excel_replicated_regional
P123,KEM-123,2024-09-01,2024,20.0,6.8,31.8,12.2,48.4,2.0,156.472,274.8,156.472,cropwat_fao56_pm_from_advisor_or_excel_replicated_regional
P123,KEM-123,2024-10-01,2024,12.8,-1.0,29.1,0.4,47.7,1.9,126.837,174.4,126.837,cropwat_fao56_pm_from_advisor_or_excel_replicated_regional
P123,KEM-123,2024-11-01,2024,5.2,-12.1,20.6,22.4,64.0,2.0,63.252,87.9,63.252,cropwat_fao56_pm_from_advisor_or_excel_replicated_regional
P123,KEM-123,2024-12-01,2024,3.4,-9.3,15.3,38.6,74.3,2.0,33.267,65.8,33.267,cropwat_fao56_pm_from_advisor_or_excel_replicated_regional
P124,KEM-124,2024-01-01,2024,3.3,-7.0,14.9,50.8,71.8,2.3,38.933,78.8,38.933,cropwat_fao56_pm_from_advisor_or_excel_replicated_regional
P124,KEM-124,2024-02-01,2024,5.3,-5.9,17.2,7.6,63.5,2.1,58.265,84.6,58.265,cropwat_fao56_pm_from_advisor_or_excel_replicated_regional
P124,KEM-124,2024-03-01,2024,7.3,-2.9,25.1,47.4,59.6,2.3,118.586,121.9,118.586,cropwat_fao56_pm_from_advisor_or_excel_replicated_regional
P124,KEM-124,2024-04-01,2024,15.5,3.3,30.3,37.4,47.3,2.5,182.968,239.3,182.968,cropwat_fao56_pm_from_advisor_or_excel_replicated_regional
P124,KEM-124,2024-05-01,2024,15.1,2.5,29.5,48.6,57.7,2.4,189.987,223.7,189.987,cropwat_fao56_pm_from_advisor_or_excel_replicated_regional
P124,KEM-124,2024-06-01,2024,23.9,10.7,35.7,10.2,37.2,2.5,247.459,424.2,247.459,cropwat_fao56_pm_from_advisor_or_excel_replicated_regional
P124,KEM-124,2024-07-01,2024,24.0,13.3,34.4,30.0,45.1,2.5,226.398,424.5,226.398,cropwat_fao56_pm_from_advisor_or_excel_replicated_regional
P124,KEM-124,2024-08-01,2024,24.1,12.7,36.7,7.8,40.2,2.3,227.594,396.0,227.594,cropwat_fao56_pm_from_advisor_or_excel_replicated_regional
P124,KEM-124,2024-09-01,2024,20.0,6.8,31.8,12.2,48.4,2.0,156.472,274.8,156.472,cropwat_fao56_pm_from_advisor_or_excel_replicated_regional
P124,KEM-124,2024-10-01,2024,12.8,-1.0,29.1,0.4,47.7,1.9,126.837,174.4,126.837,cropwat_fao56_pm_from_advisor_or_excel_replicated_regional
P124,KEM-124,2024-11-01,2024,5.2,-12.1,20.6,22.4,64.0,2.0,63.252,87.9,63.252,cropwat_fao56_pm_from_advisor_or_excel_replicated_regional
P124,KEM-124,2024-12-01,2024,3.4,-9.3,15.3,38.6,74.3,2.0,33.267,65.8,33.267,cropwat_fao56_pm_from_advisor_or_excel_replicated_regional
P125,KEM-125,2024-01-01,2024,3.3,-7.0,14.9,50.8,71.8,2.3,38.933,78.8,38.933,cropwat_fao56_pm_from_advisor_or_excel_replicated_regional
P125,KEM-125,2024-02-01,2024,5.3,-5.9,17.2,7.6,63.5,2.1,58.265,84.6,58.265,cropwat_fao56_pm_from_advisor_or_excel_replicated_regional
P125,KEM-125,2024-03-01,2024,7.3,-2.9,25.1,47.4,59.6,2.3,118.586,121.9,118.586,cropwat_fao56_pm_from_advisor_or_excel_replicated_regional
P125,KEM-125,2024-04-01,2024,15.5,3.3,30.3,37.4,47.3,2.5,182.968,239.3,182.968,cropwat_fao56_pm_from_advisor_or_excel_replicated_regional
P125,KEM-125,2024-05-01,2024,15.1,2.5,29.5,48.6,57.7,2.4,189.987,223.7,189.987,cropwat_fao56_pm_from_advisor_or_excel_replicated_regional
P125,KEM-125,2024-06-01,2024,23.9,10.7,35.7,10.2,37.2,2.5,247.459,424.2,247.459,cropwat_fao56_pm_from_advisor_or_excel_replicated_regional
P125,KEM-125,2024-07-01,2024,24.0,13.3,34.4,30.0,45.1,2.5,226.398,424.5,226.398,cropwat_fao56_pm_from_advisor_or_excel_replicated_regional
P125,KEM-125,2024-08-01,2024,24.1,12.7,36.7,7.8,40.2,2.3,227.594,396.0,227.594,cropwat_fao56_pm_from_advisor_or_excel_replicated_regional
P125,KEM-125,2024-09-01,2024,20.0,6.8,31.8,12.2,48.4,2.0,156.472,274.8,156.472,cropwat_fao56_pm_from_advisor_or_excel_replicated_regional
P125,KEM-125,2024-10-01,2024,12.8,-1.0,29.1,0.4,47.7,1.9,126.837,174.4,126.837,cropwat_fao56_pm_from_advisor_or_excel_replicated_regional
P125,KEM-125,2024-11-01,2024,5.2,-12.1,20.6,22.4,64.0,2.0,63.252,87.9,63.252,cropwat_fao56_pm_from_advisor_or_excel_replicated_regional
P125,KEM-125,2024-12-01,2024,3.4,-9.3,15.3,38.6,74.3,2.0,33.267,65.8,33.267,cropwat_fao56_pm_from_advisor_or_excel_replicated_regional
P126,KEM-126,2024-01-01,2024,3.3,-7.0,14.9,50.8,71.8,2.3,38.933,78.8,38.933,cropwat_fao56_pm_from_advisor_or_excel_replicated_regional
P126,KEM-126,2024-02-01,2024,5.3,-5.9,17.2,7.6,63.5,2.1,58.265,84.6,58.265,cropwat_fao56_pm_from_advisor_or_excel_replicated_regional
P126,KEM-126,2024-03-01,2024,7.3,-2.9,25.1,47.4,59.6,2.3,118.586,121.9,118.586,cropwat_fao56_pm_from_advisor_or_excel_replicated_regional
P126,KEM-126,2024-04-01,2024,15.5,3.3,30.3,37.4,47.3,2.5,182.968,239.3,182.968,cropwat_fao56_pm_from_advisor_or_excel_replicated_regional
P126,KEM-126,2024-05-01,2024,15.1,2.5,29.5,48.6,57.7,2.4,189.987,223.7,189.987,cropwat_fao56_pm_from_advisor_or_excel_replicated_regional
P126,KEM-126,2024-06-01,2024,23.9,10.7,35.7,10.2,37.2,2.5,247.459,424.2,247.459,cropwat_fao56_pm_from_advisor_or_excel_replicated_regional
P126,KEM-126,2024-07-01,2024,24.0,13.3,34.4,30.0,45.1,2.5,226.398,424.5,226.398,cropwat_fao56_pm_from_advisor_or_excel_replicated_regional
P126,KEM-126,2024-08-01,2024,24.1,12.7,36.7,7.8,40.2,2.3,227.594,396.0,227.594,cropwat_fao56_pm_from_advisor_or_excel_replicated_regional
P126,KEM-126,2024-09-01,2024,20.0,6.8,31.8,12.2,48.4,2.0,156.472,274.8,156.472,cropwat_fao56_pm_from_advisor_or_excel_replicated_regional
P126,KEM-126,2024-10-01,2024,12.8,-1.0,29.1,0.4,47.7,1.9,126.837,174.4,126.837,cropwat_fao56_pm_from_advisor_or_excel_replicated_regional
P126,KEM-126,2024-11-01,2024,5.2,-12.1,20.6,22.4,64.0,2.0,63.252,87.9,63.252,cropwat_fao56_pm_from_advisor_or_excel_replicated_regional
P126,KEM-126,2024-12-01,2024,3.4,-9.3,15.3,38.6,74.3,2.0,33.267,65.8,33.267,cropwat_fao56_pm_from_advisor_or_excel_replicated_regional
P127,KEM-127,2024-01-01,2024,3.3,-7.0,14.9,50.8,71.8,2.3,38.933,78.8,38.933,cropwat_fao56_pm_from_advisor_or_excel_replicated_regional
P127,KEM-127,2024-02-01,2024,5.3,-5.9,17.2,7.6,63.5,2.1,58.265,84.6,58.265,cropwat_fao56_pm_from_advisor_or_excel_replicated_regional
P127,KEM-127,2024-03-01,2024,7.3,-2.9,25.1,47.4,59.6,2.3,118.586,121.9,118.586,cropwat_fao56_pm_from_advisor_or_excel_replicated_regional
P127,KEM-127,2024-04-01,2024,15.5,3.3,30.3,37.4,47.3,2.5,182.968,239.3,182.968,cropwat_fao56_pm_from_advisor_or_excel_replicated_regional
P127,KEM-127,2024-05-01,2024,15.1,2.5,29.5,48.6,57.7,2.4,189.987,223.7,189.987,cropwat_fao56_pm_from_advisor_or_excel_replicated_regional
P127,KEM-127,2024-06-01,2024,23.9,10.7,35.7,10.2,37.2,2.5,247.459,424.2,247.459,cropwat_fao56_pm_from_advisor_or_excel_replicated_regional
P127,KEM-127,2024-07-01,2024,24.0,13.3,34.4,30.0,45.1,2.5,226.398,424.5,226.398,cropwat_fao56_pm_from_advisor_or_excel_replicated_regional
P127,KEM-127,2024-08-01,2024,24.1,12.7,36.7,7.8,40.2,2.3,227.594,396.0,227.594,cropwat_fao56_pm_from_advisor_or_excel_replicated_regional
P127,KEM-127,2024-09-01,2024,20.0,6.8,31.8,12.2,48.4,2.0,156.472,274.8,156.472,cropwat_fao56_pm_from_advisor_or_excel_replicated_regional
P127,KEM-127,2024-10-01,2024,12.8,-1.0,29.1,0.4,47.7,1.9,126.837,174.4,126.837,cropwat_fao56_pm_from_advisor_or_excel_replicated_regional
P127,KEM-127,2024-11-01,2024,5.2,-12.1,20.6,22.4,64.0,2.0,63.252,87.9,63.252,cropwat_fao56_pm_from_advisor_or_excel_replicated_regional
P127,KEM-127,2024-12-01,2024,3.4,-9.3,15.3,38.6,74.3,2.0,33.267,65.8,33.267,cropwat_fao56_pm_from_advisor_or_excel_replicated_regional
P128,KEM-128,2024-01-01,2024,3.3,-7.0,14.9,50.8,71.8,2.3,38.933,78.8,38.933,cropwat_fao56_pm_from_advisor_or_excel_replicated_regional
P128,KEM-128,2024-02-01,2024,5.3,-5.9,17.2,7.6,63.5,2.1,58.265,84.6,58.265,cropwat_fao56_pm_from_advisor_or_excel_replicated_regional
P128,KEM-128,2024-03-01,2024,7.3,-2.9,25.1,47.4,59.6,2.3,118.586,121.9,118.586,cropwat_fao56_pm_from_advisor_or_excel_replicated_regional
P128,KEM-128,2024-04-01,2024,15.5,3.3,30.3,37.4,47.3,2.5,182.968,239.3,182.968,cropwat_fao56_pm_from_advisor_or_excel_replicated_regional
P128,KEM-128,2024-05-01,2024,15.1,2.5,29.5,48.6,57.7,2.4,189.987,223.7,189.987,cropwat_fao56_pm_from_advisor_or_excel_replicated_regional
P128,KEM-128,2024-06-01,2024,23.9,10.7,35.7,10.2,37.2,2.5,247.459,424.2,247.459,cropwat_fao56_pm_from_advisor_or_excel_replicated_regional
P128,KEM-128,2024-07-01,2024,24.0,13.3,34.4,30.0,45.1,2.5,226.398,424.5,226.398,cropwat_fao56_pm_from_advisor_or_excel_replicated_regional
P128,KEM-128,2024-08-01,2024,24.1,12.7,36.7,7.8,40.2,2.3,227.594,396.0,227.594,cropwat_fao56_pm_from_advisor_or_excel_replicated_regional
P128,KEM-128,2024-09-01,2024,20.0,6.8,31.8,12.2,48.4,2.0,156.472,274.8,156.472,cropwat_fao56_pm_from_advisor_or_excel_replicated_regional
P128,KEM-128,2024-10-01,2024,12.8,-1.0,29.1,0.4,47.7,1.9,126.837,174.4,126.837,cropwat_fao56_pm_from_advisor_or_excel_replicated_regional
P128,KEM-128,2024-11-01,2024,5.2,-12.1,20.6,22.4,64.0,2.0,63.252,87.9,63.252,cropwat_fao56_pm_from_advisor_or_excel_replicated_regional
P128,KEM-128,2024-12-01,2024,3.4,-9.3,15.3,38.6,74.3,2.0,33.267,65.8,33.267,cropwat_fao56_pm_from_advisor_or_excel_replicated_regional
P129,KEM-129,2024-01-01,2024,3.3,-7.0,14.9,50.8,71.8,2.3,38.933,78.8,38.933,cropwat_fao56_pm_from_advisor_or_excel_replicated_regional
P129,KEM-129,2024-02-01,2024,5.3,-5.9,17.2,7.6,63.5,2.1,58.265,84.6,58.265,cropwat_fao56_pm_from_advisor_or_excel_replicated_regional
P129,KEM-129,2024-03-01,2024,7.3,-2.9,25.1,47.4,59.6,2.3,118.586,121.9,118.586,cropwat_fao56_pm_from_advisor_or_excel_replicated_regional
P129,KEM-129,2024-04-01,2024,15.5,3.3,30.3,37.4,47.3,2.5,182.968,239.3,182.968,cropwat_fao56_pm_from_advisor_or_excel_replicated_regional
P129,KEM-129,2024-05-01,2024,15.1,2.5,29.5,48.6,57.7,2.4,189.987,223.7,189.987,cropwat_fao56_pm_from_advisor_or_excel_replicated_regional
P129,KEM-129,2024-06-01,2024,23.9,10.7,35.7,10.2,37.2,2.5,247.459,424.2,247.459,cropwat_fao56_pm_from_advisor_or_excel_replicated_regional
P129,KEM-129,2024-07-01,2024,24.0,13.3,34.4,30.0,45.1,2.5,226.398,424.5,226.398,cropwat_fao56_pm_from_advisor_or_excel_replicated_regional
P129,KEM-129,2024-08-01,2024,24.1,12.7,36.7,7.8,40.2,2.3,227.594,396.0,227.594,cropwat_fao56_pm_from_advisor_or_excel_replicated_regional
P129,KEM-129,2024-09-01,2024,20.0,6.8,31.8,12.2,48.4,2.0,156.472,274.8,156.472,cropwat_fao56_pm_from_advisor_or_excel_replicated_regional
P129,KEM-129,2024-10-01,2024,12.8,-1.0,29.1,0.4,47.7,1.9,126.837,174.4,126.837,cropwat_fao56_pm_from_advisor_or_excel_replicated_regional
P129,KEM-129,2024-11-01,2024,5.2,-12.1,20.6,22.4,64.0,2.0,63.252,87.9,63.252,cropwat_fao56_pm_from_advisor_or_excel_replicated_regional
P129,KEM-129,2024-12-01,2024,3.4,-9.3,15.3,38.6,74.3,2.0,33.267,65.8,33.267,cropwat_fao56_pm_from_advisor_or_excel_replicated_regional
P130,KEM-130,2024-01-01,2024,3.3,-7.0,14.9,50.8,71.8,2.3,38.933,78.8,38.933,cropwat_fao56_pm_from_advisor_or_excel_replicated_regional
P130,KEM-130,2024-02-01,2024,5.3,-5.9,17.2,7.6,63.5,2.1,58.265,84.6,58.265,cropwat_fao56_pm_from_advisor_or_excel_replicated_regional
P130,KEM-130,2024-03-01,2024,7.3,-2.9,25.1,47.4,59.6,2.3,118.586,121.9,118.586,cropwat_fao56_pm_from_advisor_or_excel_replicated_regional
P130,KEM-130,2024-04-01,2024,15.5,3.3,30.3,37.4,47.3,2.5,182.968,239.3,182.968,cropwat_fao56_pm_from_advisor_or_excel_replicated_regional
P130,KEM-130,2024-05-01,2024,15.1,2.5,29.5,48.6,57.7,2.4,189.987,223.7,189.987,cropwat_fao56_pm_from_advisor_or_excel_replicated_regional
P130,KEM-130,2024-06-01,2024,23.9,10.7,35.7,10.2,37.2,2.5,247.459,424.2,247.459,cropwat_fao56_pm_from_advisor_or_excel_replicated_regional
P130,KEM-130,2024-07-01,2024,24.0,13.3,34.4,30.0,45.1,2.5,226.398,424.5,226.398,cropwat_fao56_pm_from_advisor_or_excel_replicated_regional
P130,KEM-130,2024-08-01,2024,24.1,12.7,36.7,7.8,40.2,2.3,227.594,396.0,227.594,cropwat_fao56_pm_from_advisor_or_excel_replicated_regional
P130,KEM-130,2024-09-01,2024,20.0,6.8,31.8,12.2,48.4,2.0,156.472,274.8,156.472,cropwat_fao56_pm_from_advisor_or_excel_replicated_regional
P130,KEM-130,2024-10-01,2024,12.8,-1.0,29.1,0.4,47.7,1.9,126.837,174.4,126.837,cropwat_fao56_pm_from_advisor_or_excel_replicated_regional
P130,KEM-130,2024-11-01,2024,5.2,-12.1,20.6,22.4,64.0,2.0,63.252,87.9,63.252,cropwat_fao56_pm_from_advisor_or_excel_replicated_regional
P130,KEM-130,2024-12-01,2024,3.4,-9.3,15.3,38.6,74.3,2.0,33.267,65.8,33.267,cropwat_fao56_pm_from_advisor_or_excel_replicated_regional
P131,KEM-131,2024-01-01,2024,3.3,-7.0,14.9,50.8,71.8,2.3,38.933,78.8,38.933,cropwat_fao56_pm_from_advisor_or_excel_replicated_regional
P131,KEM-131,2024-02-01,2024,5.3,-5.9,17.2,7.6,63.5,2.1,58.265,84.6,58.265,cropwat_fao56_pm_from_advisor_or_excel_replicated_regional
P131,KEM-131,2024-03-01,2024,7.3,-2.9,25.1,47.4,59.6,2.3,118.586,121.9,118.586,cropwat_fao56_pm_from_advisor_or_excel_replicated_regional
P131,KEM-131,2024-04-01,2024,15.5,3.3,30.3,37.4,47.3,2.5,182.968,239.3,182.968,cropwat_fao56_pm_from_advisor_or_excel_replicated_regional
P131,KEM-131,2024-05-01,2024,15.1,2.5,29.5,48.6,57.7,2.4,189.987,223.7,189.987,cropwat_fao56_pm_from_advisor_or_excel_replicated_regional
P131,KEM-131,2024-06-01,2024,23.9,10.7,35.7,10.2,37.2,2.5,247.459,424.2,247.459,cropwat_fao56_pm_from_advisor_or_excel_replicated_regional
P131,KEM-131,2024-07-01,2024,24.0,13.3,34.4,30.0,45.1,2.5,226.398,424.5,226.398,cropwat_fao56_pm_from_advisor_or_excel_replicated_regional
P131,KEM-131,2024-08-01,2024,24.1,12.7,36.7,7.8,40.2,2.3,227.594,396.0,227.594,cropwat_fao56_pm_from_advisor_or_excel_replicated_regional
P131,KEM-131,2024-09-01,2024,20.0,6.8,31.8,12.2,48.4,2.0,156.472,274.8,156.472,cropwat_fao56_pm_from_advisor_or_excel_replicated_regional
P131,KEM-131,2024-10-01,2024,12.8,-1.0,29.1,0.4,47.7,1.9,126.837,174.4,126.837,cropwat_fao56_pm_from_advisor_or_excel_replicated_regional
P131,KEM-131,2024-11-01,2024,5.2,-12.1,20.6,22.4,64.0,2.0,63.252,87.9,63.252,cropwat_fao56_pm_from_advisor_or_excel_replicated_regional
P131,KEM-131,2024-12-01,2024,3.4,-9.3,15.3,38.6,74.3,2.0,33.267,65.8,33.267,cropwat_fao56_pm_from_advisor_or_excel_replicated_regional
P132,KEM-132,2024-01-01,2024,3.3,-7.0,14.9,50.8,71.8,2.3,38.933,78.8,38.933,cropwat_fao56_pm_from_advisor_or_excel_replicated_regional
P132,KEM-132,2024-02-01,2024,5.3,-5.9,17.2,7.6,63.5,2.1,58.265,84.6,58.265,cropwat_fao56_pm_from_advisor_or_excel_replicated_regional
P132,KEM-132,2024-03-01,2024,7.3,-2.9,25.1,47.4,59.6,2.3,118.586,121.9,118.586,cropwat_fao56_pm_from_advisor_or_excel_replicated_regional
P132,KEM-132,2024-04-01,2024,15.5,3.3,30.3,37.4,47.3,2.5,182.968,239.3,182.968,cropwat_fao56_pm_from_advisor_or_excel_replicated_regional
P132,KEM-132,2024-05-01,2024,15.1,2.5,29.5,48.6,57.7,2.4,189.987,223.7,189.987,cropwat_fao56_pm_from_advisor_or_excel_replicated_regional
P132,KEM-132,2024-06-01,2024,23.9,10.7,35.7,10.2,37.2,2.5,247.459,424.2,247.459,cropwat_fao56_pm_from_advisor_or_excel_replicated_regional
P132,KEM-132,2024-07-01,2024,24.0,13.3,34.4,30.0,45.1,2.5,226.398,424.5,226.398,cropwat_fao56_pm_from_advisor_or_excel_replicated_regional
P132,KEM-132,2024-08-01,2024,24.1,12.7,36.7,7.8,40.2,2.3,227.594,396.0,227.594,cropwat_fao56_pm_from_advisor_or_excel_replicated_regional
P132,KEM-132,2024-09-01,2024,20.0,6.8,31.8,12.2,48.4,2.0,156.472,274.8,156.472,cropwat_fao56_pm_from_advisor_or_excel_replicated_regional
P132,KEM-132,2024-10-01,2024,12.8,-1.0,29.1,0.4,47.7,1.9,126.837,174.4,126.837,cropwat_fao56_pm_from_advisor_or_excel_replicated_regional
P132,KEM-132,2024-11-01,2024,5.2,-12.1,20.6,22.4,64.0,2.0,63.252,87.9,63.252,cropwat_fao56_pm_from_advisor_or_excel_replicated_regional
P132,KEM-132,2024-12-01,2024,3.4,-9.3,15.3,38.6,74.3,2.0,33.267,65.8,33.267,cropwat_fao56_pm_from_advisor_or_excel_replicated_regional
P133,KEM-133,2024-01-01,2024,3.3,-7.0,14.9,50.8,71.8,2.3,38.933,78.8,38.933,cropwat_fao56_pm_from_advisor_or_excel_replicated_regional
P133,KEM-133,2024-02-01,2024,5.3,-5.9,17.2,7.6,63.5,2.1,58.265,84.6,58.265,cropwat_fao56_pm_from_advisor_or_excel_replicated_regional
P133,KEM-133,2024-03-01,2024,7.3,-2.9,25.1,47.4,59.6,2.3,118.586,121.9,118.586,cropwat_fao56_pm_from_advisor_or_excel_replicated_regional
P133,KEM-133,2024-04-01,2024,15.5,3.3,30.3,37.4,47.3,2.5,182.968,239.3,182.968,cropwat_fao56_pm_from_advisor_or_excel_replicated_regional
P133,KEM-133,2024-05-01,2024,15.1,2.5,29.5,48.6,57.7,2.4,189.987,223.7,189.987,cropwat_fao56_pm_from_advisor_or_excel_replicated_regional
P133,KEM-133,2024-06-01,2024,23.9,10.7,35.7,10.2,37.2,2.5,247.459,424.2,247.459,cropwat_fao56_pm_from_advisor_or_excel_replicated_regional
P133,KEM-133,2024-07-01,2024,24.0,13.3,34.4,30.0,45.1,2.5,226.398,424.5,226.398,cropwat_fao56_pm_from_advisor_or_excel_replicated_regional
P133,KEM-133,2024-08-01,2024,24.1,12.7,36.7,7.8,40.2,2.3,227.594,396.0,227.594,cropwat_fao56_pm_from_advisor_or_excel_replicated_regional
P133,KEM-133,2024-09-01,2024,20.0,6.8,31.8,12.2,48.4,2.0,156.472,274.8,156.472,cropwat_fao56_pm_from_advisor_or_excel_replicated_regional
P133,KEM-133,2024-10-01,2024,12.8,-1.0,29.1,0.4,47.7,1.9,126.837,174.4,126.837,cropwat_fao56_pm_from_advisor_or_excel_replicated_regional
P133,KEM-133,2024-11-01,2024,5.2,-12.1,20.6,22.4,64.0,2.0,63.252,87.9,63.252,cropwat_fao56_pm_from_advisor_or_excel_replicated_regional
P133,KEM-133,2024-12-01,2024,3.4,-9.3,15.3,38.6,74.3,2.0,33.267,65.8,33.267,cropwat_fao56_pm_from_advisor_or_excel_replicated_regional
P134,KEM-134,2024-01-01,2024,3.3,-7.0,14.9,50.8,71.8,2.3,38.933,78.8,38.933,cropwat_fao56_pm_from_advisor_or_excel_replicated_regional
P134,KEM-134,2024-02-01,2024,5.3,-5.9,17.2,7.6,63.5,2.1,58.265,84.6,58.265,cropwat_fao56_pm_from_advisor_or_excel_replicated_regional
P134,KEM-134,2024-03-01,2024,7.3,-2.9,25.1,47.4,59.6,2.3,118.586,121.9,118.586,cropwat_fao56_pm_from_advisor_or_excel_replicated_regional
P134,KEM-134,2024-04-01,2024,15.5,3.3,30.3,37.4,47.3,2.5,182.968,239.3,182.968,cropwat_fao56_pm_from_advisor_or_excel_replicated_regional
P134,KEM-134,2024-05-01,2024,15.1,2.5,29.5,48.6,57.7,2.4,189.987,223.7,189.987,cropwat_fao56_pm_from_advisor_or_excel_replicated_regional
P134,KEM-134,2024-06-01,2024,23.9,10.7,35.7,10.2,37.2,2.5,247.459,424.2,247.459,cropwat_fao56_pm_from_advisor_or_excel_replicated_regional
P134,KEM-134,2024-07-01,2024,24.0,13.3,34.4,30.0,45.1,2.5,226.398,424.5,226.398,cropwat_fao56_pm_from_advisor_or_excel_replicated_regional
P134,KEM-134,2024-08-01,2024,24.1,12.7,36.7,7.8,40.2,2.3,227.594,396.0,227.594,cropwat_fao56_pm_from_advisor_or_excel_replicated_regional
P134,KEM-134,2024-09-01,2024,20.0,6.8,31.8,12.2,48.4,2.0,156.472,274.8,156.472,cropwat_fao56_pm_from_advisor_or_excel_replicated_regional
P134,KEM-134,2024-10-01,2024,12.8,-1.0,29.1,0.4,47.7,1.9,126.837,174.4,126.837,cropwat_fao56_pm_from_advisor_or_excel_replicated_regional
P134,KEM-134,2024-11-01,2024,5.2,-12.1,20.6,22.4,64.0,2.0,63.252,87.9,63.252,cropwat_fao56_pm_from_advisor_or_excel_replicated_regional
P134,KEM-134,2024-12-01,2024,3.4,-9.3,15.3,38.6,74.3,2.0,33.267,65.8,33.267,cropwat_fao56_pm_from_advisor_or_excel_replicated_regional
P135,KEM-135,2024-01-01,2024,3.3,-7.0,14.9,50.8,71.8,2.3,38.933,78.8,38.933,cropwat_fao56_pm_from_advisor_or_excel_replicated_regional
P135,KEM-135,2024-02-01,2024,5.3,-5.9,17.2,7.6,63.5,2.1,58.265,84.6,58.265,cropwat_fao56_pm_from_advisor_or_excel_replicated_regional
P135,KEM-135,2024-03-01,2024,7.3,-2.9,25.1,47.4,59.6,2.3,118.586,121.9,118.586,cropwat_fao56_pm_from_advisor_or_excel_replicated_regional
P135,KEM-135,2024-04-01,2024,15.5,3.3,30.3,37.4,47.3,2.5,182.968,239.3,182.968,cropwat_fao56_pm_from_advisor_or_excel_replicated_regional
P135,KEM-135,2024-05-01,2024,15.1,2.5,29.5,48.6,57.7,2.4,189.987,223.7,189.987,cropwat_fao56_pm_from_advisor_or_excel_replicated_regional
P135,KEM-135,2024-06-01,2024,23.9,10.7,35.7,10.2,37.2,2.5,247.459,424.2,247.459,cropwat_fao56_pm_from_advisor_or_excel_replicated_regional
P135,KEM-135,2024-07-01,2024,24.0,13.3,34.4,30.0,45.1,2.5,226.398,424.5,226.398,cropwat_fao56_pm_from_advisor_or_excel_replicated_regional
P135,KEM-135,2024-08-01,2024,24.1,12.7,36.7,7.8,40.2,2.3,227.594,396.0,227.594,cropwat_fao56_pm_from_advisor_or_excel_replicated_regional
P135,KEM-135,2024-09-01,2024,20.0,6.8,31.8,12.2,48.4,2.0,156.472,274.8,156.472,cropwat_fao56_pm_from_advisor_or_excel_replicated_regional
P135,KEM-135,2024-10-01,2024,12.8,-1.0,29.1,0.4,47.7,1.9,126.837,174.4,126.837,cropwat_fao56_pm_from_advisor_or_excel_replicated_regional
P135,KEM-135,2024-11-01,2024,5.2,-12.1,20.6,22.4,64.0,2.0,63.252,87.9,63.252,cropwat_fao56_pm_from_advisor_or_excel_replicated_regional
P135,KEM-135,2024-12-01,2024,3.4,-9.3,15.3,38.6,74.3,2.0,33.267,65.8,33.267,cropwat_fao56_pm_from_advisor_or_excel_replicated_regional
P136,KEM-136,2024-01-01,2024,3.3,-7.0,14.9,50.8,71.8,2.3,38.933,78.8,38.933,cropwat_fao56_pm_from_advisor_or_excel_replicated_regional
P136,KEM-136,2024-02-01,2024,5.3,-5.9,17.2,7.6,63.5,2.1,58.265,84.6,58.265,cropwat_fao56_pm_from_advisor_or_excel_replicated_regional
P136,KEM-136,2024-03-01,2024,7.3,-2.9,25.1,47.4,59.6,2.3,118.586,121.9,118.586,cropwat_fao56_pm_from_advisor_or_excel_replicated_regional
P136,KEM-136,2024-04-01,2024,15.5,3.3,30.3,37.4,47.3,2.5,182.968,239.3,182.968,cropwat_fao56_pm_from_advisor_or_excel_replicated_regional
P136,KEM-136,2024-05-01,2024,15.1,2.5,29.5,48.6,57.7,2.4,189.987,223.7,189.987,cropwat_fao56_pm_from_advisor_or_excel_replicated_regional
P136,KEM-136,2024-06-01,2024,23.9,10.7,35.7,10.2,37.2,2.5,247.459,424.2,247.459,cropwat_fao56_pm_from_advisor_or_excel_replicated_regional
P136,KEM-136,2024-07-01,2024,24.0,13.3,34.4,30.0,45.1,2.5,226.398,424.5,226.398,cropwat_fao56_pm_from_advisor_or_excel_replicated_regional
P136,KEM-136,2024-08-01,2024,24.1,12.7,36.7,7.8,40.2,2.3,227.594,396.0,227.594,cropwat_fao56_pm_from_advisor_or_excel_replicated_regional
P136,KEM-136,2024-09-01,2024,20.0,6.8,31.8,12.2,48.4,2.0,156.472,274.8,156.472,cropwat_fao56_pm_from_advisor_or_excel_replicated_regional
P136,KEM-136,2024-10-01,2024,12.8,-1.0,29.1,0.4,47.7,1.9,126.837,174.4,126.837,cropwat_fao56_pm_from_advisor_or_excel_replicated_regional
P136,KEM-136,2024-11-01,2024,5.2,-12.1,20.6,22.4,64.0,2.0,63.252,87.9,63.252,cropwat_fao56_pm_from_advisor_or_excel_replicated_regional
P136,KEM-136,2024-12-01,2024,3.4,-9.3,15.3,38.6,74.3,2.0,33.267,65.8,33.267,cropwat_fao56_pm_from_advisor_or_excel_replicated_regional
P137,KEM-137,2024-01-01,2024,3.3,-7.0,14.9,50.8,71.8,2.3,38.933,78.8,38.933,cropwat_fao56_pm_from_advisor_or_excel_replicated_regional
P137,KEM-137,2024-02-01,2024,5.3,-5.9,17.2,7.6,63.5,2.1,58.265,84.6,58.265,cropwat_fao56_pm_from_advisor_or_excel_replicated_regional
P137,KEM-137,2024-03-01,2024,7.3,-2.9,25.1,47.4,59.6,2.3,118.586,121.9,118.586,cropwat_fao56_pm_from_advisor_or_excel_replicated_regional
P137,KEM-137,2024-04-01,2024,15.5,3.3,30.3,37.4,47.3,2.5,182.968,239.3,182.968,cropwat_fao56_pm_from_advisor_or_excel_replicated_regional
P137,KEM-137,2024-05-01,2024,15.1,2.5,29.5,48.6,57.7,2.4,189.987,223.7,189.987,cropwat_fao56_pm_from_advisor_or_excel_replicated_regional
P137,KEM-137,2024-06-01,2024,23.9,10.7,35.7,10.2,37.2,2.5,247.459,424.2,247.459,cropwat_fao56_pm_from_advisor_or_excel_replicated_regional
P137,KEM-137,2024-07-01,2024,24.0,13.3,34.4,30.0,45.1,2.5,226.398,424.5,226.398,cropwat_fao56_pm_from_advisor_or_excel_replicated_regional
P137,KEM-137,2024-08-01,2024,24.1,12.7,36.7,7.8,40.2,2.3,227.594,396.0,227.594,cropwat_fao56_pm_from_advisor_or_excel_replicated_regional
P137,KEM-137,2024-09-01,2024,20.0,6.8,31.8,12.2,48.4,2.0,156.472,274.8,156.472,cropwat_fao56_pm_from_advisor_or_excel_replicated_regional
P137,KEM-137,2024-10-01,2024,12.8,-1.0,29.1,0.4,47.7,1.9,126.837,174.4,126.837,cropwat_fao56_pm_from_advisor_or_excel_replicated_regional
P137,KEM-137,2024-11-01,2024,5.2,-12.1,20.6,22.4,64.0,2.0,63.252,87.9,63.252,cropwat_fao56_pm_from_advisor_or_excel_replicated_regional
P137,KEM-137,2024-12-01,2024,3.4,-9.3,15.3,38.6,74.3,2.0,33.267,65.8,33.267,cropwat_fao56_pm_from_advisor_or_excel_replicated_regional
P138,KEM-138,2024-01-01,2024,3.3,-7.0,14.9,50.8,71.8,2.3,38.933,78.8,38.933,cropwat_fao56_pm_from_advisor_or_excel_replicated_regional
P138,KEM-138,2024-02-01,2024,5.3,-5.9,17.2,7.6,63.5,2.1,58.265,84.6,58.265,cropwat_fao56_pm_from_advisor_or_excel_replicated_regional
P138,KEM-138,2024-03-01,2024,7.3,-2.9,25.1,47.4,59.6,2.3,118.586,121.9,118.586,cropwat_fao56_pm_from_advisor_or_excel_replicated_regional
P138,KEM-138,2024-04-01,2024,15.5,3.3,30.3,37.4,47.3,2.5,182.968,239.3,182.968,cropwat_fao56_pm_from_advisor_or_excel_replicated_regional
P138,KEM-138,2024-05-01,2024,15.1,2.5,29.5,48.6,57.7,2.4,189.987,223.7,189.987,cropwat_fao56_pm_from_advisor_or_excel_replicated_regional
P138,KEM-138,2024-06-01,2024,23.9,10.7,35.7,10.2,37.2,2.5,247.459,424.2,247.459,cropwat_fao56_pm_from_advisor_or_excel_replicated_regional
P138,KEM-138,2024-07-01,2024,24.0,13.3,34.4,30.0,45.1,2.5,226.398,424.5,226.398,cropwat_fao56_pm_from_advisor_or_excel_replicated_regional
P138,KEM-138,2024-08-01,2024,24.1,12.7,36.7,7.8,40.2,2.3,227.594,396.0,227.594,cropwat_fao56_pm_from_advisor_or_excel_replicated_regional
P138,KEM-138,2024-09-01,2024,20.0,6.8,31.8,12.2,48.4,2.0,156.472,274.8,156.472,cropwat_fao56_pm_from_advisor_or_excel_replicated_regional
P138,KEM-138,2024-10-01,2024,12.8,-1.0,29.1,0.4,47.7,1.9,126.837,174.4,126.837,cropwat_fao56_pm_from_advisor_or_excel_replicated_regional
P138,KEM-138,2024-11-01,2024,5.2,-12.1,20.6,22.4,64.0,2.0,63.252,87.9,63.252,cropwat_fao56_pm_from_advisor_or_excel_replicated_regional
P138,KEM-138,2024-12-01,2024,3.4,-9.3,15.3,38.6,74.3,2.0,33.267,65.8,33.267,cropwat_fao56_pm_from_advisor_or_excel_replicated_regional
P139,KEM-139,2024-01-01,2024,3.3,-7.0,14.9,50.8,71.8,2.3,38.933,78.8,38.933,cropwat_fao56_pm_from_advisor_or_excel_replicated_regional
P139,KEM-139,2024-02-01,2024,5.3,-5.9,17.2,7.6,63.5,2.1,58.265,84.6,58.265,cropwat_fao56_pm_from_advisor_or_excel_replicated_regional
P139,KEM-139,2024-03-01,2024,7.3,-2.9,25.1,47.4,59.6,2.3,118.586,121.9,118.586,cropwat_fao56_pm_from_advisor_or_excel_replicated_regional
P139,KEM-139,2024-04-01,2024,15.5,3.3,30.3,37.4,47.3,2.5,182.968,239.3,182.968,cropwat_fao56_pm_from_advisor_or_excel_replicated_regional
P139,KEM-139,2024-05-01,2024,15.1,2.5,29.5,48.6,57.7,2.4,189.987,223.7,189.987,cropwat_fao56_pm_from_advisor_or_excel_replicated_regional
P139,KEM-139,2024-06-01,2024,23.9,10.7,35.7,10.2,37.2,2.5,247.459,424.2,247.459,cropwat_fao56_pm_from_advisor_or_excel_replicated_regional
P139,KEM-139,2024-07-01,2024,24.0,13.3,34.4,30.0,45.1,2.5,226.398,424.5,226.398,cropwat_fao56_pm_from_advisor_or_excel_replicated_regional
P139,KEM-139,2024-08-01,2024,24.1,12.7,36.7,7.8,40.2,2.3,227.594,396.0,227.594,cropwat_fao56_pm_from_advisor_or_excel_replicated_regional
P139,KEM-139,2024-09-01,2024,20.0,6.8,31.8,12.2,48.4,2.0,156.472,274.8,156.472,cropwat_fao56_pm_from_advisor_or_excel_replicated_regional
P139,KEM-139,2024-10-01,2024,12.8,-1.0,29.1,0.4,47.7,1.9,126.837,174.4,126.837,cropwat_fao56_pm_from_advisor_or_excel_replicated_regional
P139,KEM-139,2024-11-01,2024,5.2,-12.1,20.6,22.4,64.0,2.0,63.252,87.9,63.252,cropwat_fao56_pm_from_advisor_or_excel_replicated_regional
P139,KEM-139,2024-12-01,2024,3.4,-9.3,15.3,38.6,74.3,2.0,33.267,65.8,33.267,cropwat_fao56_pm_from_advisor_or_excel_replicated_regional
P140,KEM-140,2024-01-01,2024,3.3,-7.0,14.9,50.8,71.8,2.3,38.933,78.8,38.933,cropwat_fao56_pm_from_advisor_or_excel_replicated_regional
P140,KEM-140,2024-02-01,2024,5.3,-5.9,17.2,7.6,63.5,2.1,58.265,84.6,58.265,cropwat_fao56_pm_from_advisor_or_excel_replicated_regional
P140,KEM-140,2024-03-01,2024,7.3,-2.9,25.1,47.4,59.6,2.3,118.586,121.9,118.586,cropwat_fao56_pm_from_advisor_or_excel_replicated_regional
P140,KEM-140,2024-04-01,2024,15.5,3.3,30.3,37.4,47.3,2.5,182.968,239.3,182.968,cropwat_fao56_pm_from_advisor_or_excel_replicated_regional
P140,KEM-140,2024-05-01,2024,15.1,2.5,29.5,48.6,57.7,2.4,189.987,223.7,189.987,cropwat_fao56_pm_from_advisor_or_excel_replicated_regional
P140,KEM-140,2024-06-01,2024,23.9,10.7,35.7,10.2,37.2,2.5,247.459,424.2,247.459,cropwat_fao56_pm_from_advisor_or_excel_replicated_regional
P140,KEM-140,2024-07-01,2024,24.0,13.3,34.4,30.0,45.1,2.5,226.398,424.5,226.398,cropwat_fao56_pm_from_advisor_or_excel_replicated_regional
P140,KEM-140,2024-08-01,2024,24.1,12.7,36.7,7.8,40.2,2.3,227.594,396.0,227.594,cropwat_fao56_pm_from_advisor_or_excel_replicated_regional
P140,KEM-140,2024-09-01,2024,20.0,6.8,31.8,12.2,48.4,2.0,156.472,274.8,156.472,cropwat_fao56_pm_from_advisor_or_excel_replicated_regional
P140,KEM-140,2024-10-01,2024,12.8,-1.0,29.1,0.4,47.7,1.9,126.837,174.4,126.837,cropwat_fao56_pm_from_advisor_or_excel_replicated_regional
P140,KEM-140,2024-11-01,2024,5.2,-12.1,20.6,22.4,64.0,2.0,63.252,87.9,63.252,cropwat_fao56_pm_from_advisor_or_excel_replicated_regional
P140,KEM-140,2024-12-01,2024,3.4,-9.3,15.3,38.6,74.3,2.0,33.267,65.8,33.267,cropwat_fao56_pm_from_advisor_or_excel_replicated_regional
P141,KEM-141,2024-01-01,2024,3.3,-7.0,14.9,50.8,71.8,2.3,38.933,78.8,38.933,cropwat_fao56_pm_from_advisor_or_excel_replicated_regional
P141,KEM-141,2024-02-01,2024,5.3,-5.9,17.2,7.6,63.5,2.1,58.265,84.6,58.265,cropwat_fao56_pm_from_advisor_or_excel_replicated_regional
P141,KEM-141,2024-03-01,2024,7.3,-2.9,25.1,47.4,59.6,2.3,118.586,121.9,118.586,cropwat_fao56_pm_from_advisor_or_excel_replicated_regional
P141,KEM-141,2024-04-01,2024,15.5,3.3,30.3,37.4,47.3,2.5,182.968,239.3,182.968,cropwat_fao56_pm_from_advisor_or_excel_replicated_regional
P141,KEM-141,2024-05-01,2024,15.1,2.5,29.5,48.6,57.7,2.4,189.987,223.7,189.987,cropwat_fao56_pm_from_advisor_or_excel_replicated_regional
P141,KEM-141,2024-06-01,2024,23.9,10.7,35.7,10.2,37.2,2.5,247.459,424.2,247.459,cropwat_fao56_pm_from_advisor_or_excel_replicated_regional
P141,KEM-141,2024-07-01,2024,24.0,13.3,34.4,30.0,45.1,2.5,226.398,424.5,226.398,cropwat_fao56_pm_from_advisor_or_excel_replicated_regional
P141,KEM-141,2024-08-01,2024,24.1,12.7,36.7,7.8,40.2,2.3,227.594,396.0,227.594,cropwat_fao56_pm_from_advisor_or_excel_replicated_regional
P141,KEM-141,2024-09-01,2024,20.0,6.8,31.8,12.2,48.4,2.0,156.472,274.8,156.472,cropwat_fao56_pm_from_advisor_or_excel_replicated_regional
P141,KEM-141,2024-10-01,2024,12.8,-1.0,29.1,0.4,47.7,1.9,126.837,174.4,126.837,cropwat_fao56_pm_from_advisor_or_excel_replicated_regional
P141,KEM-141,2024-11-01,2024,5.2,-12.1,20.6,22.4,64.0,2.0,63.252,87.9,63.252,cropwat_fao56_pm_from_advisor_or_excel_replicated_regional
P141,KEM-141,2024-12-01,2024,3.4,-9.3,15.3,38.6,74.3,2.0,33.267,65.8,33.267,cropwat_fao56_pm_from_advisor_or_excel_replicated_regional
P142,KEM-142,2024-01-01,2024,3.3,-7.0,14.9,50.8,71.8,2.3,38.933,78.8,38.933,cropwat_fao56_pm_from_advisor_or_excel_replicated_regional
P142,KEM-142,2024-02-01,2024,5.3,-5.9,17.2,7.6,63.5,2.1,58.265,84.6,58.265,cropwat_fao56_pm_from_advisor_or_excel_replicated_regional
P142,KEM-142,2024-03-01,2024,7.3,-2.9,25.1,47.4,59.6,2.3,118.586,121.9,118.586,cropwat_fao56_pm_from_advisor_or_excel_replicated_regional
P142,KEM-142,2024-04-01,2024,15.5,3.3,30.3,37.4,47.3,2.5,182.968,239.3,182.968,cropwat_fao56_pm_from_advisor_or_excel_replicated_regional
P142,KEM-142,2024-05-01,2024,15.1,2.5,29.5,48.6,57.7,2.4,189.987,223.7,189.987,cropwat_fao56_pm_from_advisor_or_excel_replicated_regional
P142,KEM-142,2024-06-01,2024,23.9,10.7,35.7,10.2,37.2,2.5,247.459,424.2,247.459,cropwat_fao56_pm_from_advisor_or_excel_replicated_regional
P142,KEM-142,2024-07-01,2024,24.0,13.3,34.4,30.0,45.1,2.5,226.398,424.5,226.398,cropwat_fao56_pm_from_advisor_or_excel_replicated_regional
P142,KEM-142,2024-08-01,2024,24.1,12.7,36.7,7.8,40.2,2.3,227.594,396.0,227.594,cropwat_fao56_pm_from_advisor_or_excel_replicated_regional
P142,KEM-142,2024-09-01,2024,20.0,6.8,31.8,12.2,48.4,2.0,156.472,274.8,156.472,cropwat_fao56_pm_from_advisor_or_excel_replicated_regional
P142,KEM-142,2024-10-01,2024,12.8,-1.0,29.1,0.4,47.7,1.9,126.837,174.4,126.837,cropwat_fao56_pm_from_advisor_or_excel_replicated_regional
P142,KEM-142,2024-11-01,2024,5.2,-12.1,20.6,22.4,64.0,2.0,63.252,87.9,63.252,cropwat_fao56_pm_from_advisor_or_excel_replicated_regional
P142,KEM-142,2024-12-01,2024,3.4,-9.3,15.3,38.6,74.3,2.0,33.267,65.8,33.267,cropwat_fao56_pm_from_advisor_or_excel_replicated_regional
P143,KEM-143,2024-01-01,2024,3.3,-7.0,14.9,50.8,71.8,2.3,38.933,78.8,38.933,cropwat_fao56_pm_from_advisor_or_excel_replicated_regional
P143,KEM-143,2024-02-01,2024,5.3,-5.9,17.2,7.6,63.5,2.1,58.265,84.6,58.265,cropwat_fao56_pm_from_advisor_or_excel_replicated_regional
P143,KEM-143,2024-03-01,2024,7.3,-2.9,25.1,47.4,59.6,2.3,118.586,121.9,118.586,cropwat_fao56_pm_from_advisor_or_excel_replicated_regional
P143,KEM-143,2024-04-01,2024,15.5,3.3,30.3,37.4,47.3,2.5,182.968,239.3,182.968,cropwat_fao56_pm_from_advisor_or_excel_replicated_regional
P143,KEM-143,2024-05-01,2024,15.1,2.5,29.5,48.6,57.7,2.4,189.987,223.7,189.987,cropwat_fao56_pm_from_advisor_or_excel_replicated_regional
P143,KEM-143,2024-06-01,2024,23.9,10.7,35.7,10.2,37.2,2.5,247.459,424.2,247.459,cropwat_fao56_pm_from_advisor_or_excel_replicated_regional
P143,KEM-143,2024-07-01,2024,24.0,13.3,34.4,30.0,45.1,2.5,226.398,424.5,226.398,cropwat_fao56_pm_from_advisor_or_excel_replicated_regional
P143,KEM-143,2024-08-01,2024,24.1,12.7,36.7,7.8,40.2,2.3,227.594,396.0,227.594,cropwat_fao56_pm_from_advisor_or_excel_replicated_regional
P143,KEM-143,2024-09-01,2024,20.0,6.8,31.8,12.2,48.4,2.0,156.472,274.8,156.472,cropwat_fao56_pm_from_advisor_or_excel_replicated_regional
P143,KEM-143,2024-10-01,2024,12.8,-1.0,29.1,0.4,47.7,1.9,126.837,174.4,126.837,cropwat_fao56_pm_from_advisor_or_excel_replicated_regional
P143,KEM-143,2024-11-01,2024,5.2,-12.1,20.6,22.4,64.0,2.0,63.252,87.9,63.252,cropwat_fao56_pm_from_advisor_or_excel_replicated_regional
P143,KEM-143,2024-12-01,2024,3.4,-9.3,15.3,38.6,74.3,2.0,33.267,65.8,33.267,cropwat_fao56_pm_from_advisor_or_excel_replicated_regional
P144,KEM-144,2024-01-01,2024,3.3,-7.0,14.9,50.8,71.8,2.3,38.933,78.8,38.933,cropwat_fao56_pm_from_advisor_or_excel_replicated_regional
P144,KEM-144,2024-02-01,2024,5.3,-5.9,17.2,7.6,63.5,2.1,58.265,84.6,58.265,cropwat_fao56_pm_from_advisor_or_excel_replicated_regional
P144,KEM-144,2024-03-01,2024,7.3,-2.9,25.1,47.4,59.6,2.3,118.586,121.9,118.586,cropwat_fao56_pm_from_advisor_or_excel_replicated_regional
P144,KEM-144,2024-04-01,2024,15.5,3.3,30.3,37.4,47.3,2.5,182.968,239.3,182.968,cropwat_fao56_pm_from_advisor_or_excel_replicated_regional
P144,KEM-144,2024-05-01,2024,15.1,2.5,29.5,48.6,57.7,2.4,189.987,223.7,189.987,cropwat_fao56_pm_from_advisor_or_excel_replicated_regional
P144,KEM-144,2024-06-01,2024,23.9,10.7,35.7,10.2,37.2,2.5,247.459,424.2,247.459,cropwat_fao56_pm_from_advisor_or_excel_replicated_regional
P144,KEM-144,2024-07-01,2024,24.0,13.3,34.4,30.0,45.1,2.5,226.398,424.5,226.398,cropwat_fao56_pm_from_advisor_or_excel_replicated_regional
P144,KEM-144,2024-08-01,2024,24.1,12.7,36.7,7.8,40.2,2.3,227.594,396.0,227.594,cropwat_fao56_pm_from_advisor_or_excel_replicated_regional
P144,KEM-144,2024-09-01,2024,20.0,6.8,31.8,12.2,48.4,2.0,156.472,274.8,156.472,cropwat_fao56_pm_from_advisor_or_excel_replicated_regional
P144,KEM-144,2024-10-01,2024,12.8,-1.0,29.1,0.4,47.7,1.9,126.837,174.4,126.837,cropwat_fao56_pm_from_advisor_or_excel_replicated_regional
P144,KEM-144,2024-11-01,2024,5.2,-12.1,20.6,22.4,64.0,2.0,63.252,87.9,63.252,cropwat_fao56_pm_from_advisor_or_excel_replicated_regional
P144,KEM-144,2024-12-01,2024,3.4,-9.3,15.3,38.6,74.3,2.0,33.267,65.8,33.267,cropwat_fao56_pm_from_advisor_or_excel_replicated_regional
P145,KEM-145,2024-01-01,2024,3.3,-7.0,14.9,50.8,71.8,2.3,38.933,78.8,38.933,cropwat_fao56_pm_from_advisor_or_excel_replicated_regional
P145,KEM-145,2024-02-01,2024,5.3,-5.9,17.2,7.6,63.5,2.1,58.265,84.6,58.265,cropwat_fao56_pm_from_advisor_or_excel_replicated_regional
P145,KEM-145,2024-03-01,2024,7.3,-2.9,25.1,47.4,59.6,2.3,118.586,121.9,118.586,cropwat_fao56_pm_from_advisor_or_excel_replicated_regional
P145,KEM-145,2024-04-01,2024,15.5,3.3,30.3,37.4,47.3,2.5,182.968,239.3,182.968,cropwat_fao56_pm_from_advisor_or_excel_replicated_regional
P145,KEM-145,2024-05-01,2024,15.1,2.5,29.5,48.6,57.7,2.4,189.987,223.7,189.987,cropwat_fao56_pm_from_advisor_or_excel_replicated_regional
P145,KEM-145,2024-06-01,2024,23.9,10.7,35.7,10.2,37.2,2.5,247.459,424.2,247.459,cropwat_fao56_pm_from_advisor_or_excel_replicated_regional
P145,KEM-145,2024-07-01,2024,24.0,13.3,34.4,30.0,45.1,2.5,226.398,424.5,226.398,cropwat_fao56_pm_from_advisor_or_excel_replicated_regional
P145,KEM-145,2024-08-01,2024,24.1,12.7,36.7,7.8,40.2,2.3,227.594,396.0,227.594,cropwat_fao56_pm_from_advisor_or_excel_replicated_regional
P145,KEM-145,2024-09-01,2024,20.0,6.8,31.8,12.2,48.4,2.0,156.472,274.8,156.472,cropwat_fao56_pm_from_advisor_or_excel_replicated_regional
P145,KEM-145,2024-10-01,2024,12.8,-1.0,29.1,0.4,47.7,1.9,126.837,174.4,126.837,cropwat_fao56_pm_from_advisor_or_excel_replicated_regional
P145,KEM-145,2024-11-01,2024,5.2,-12.1,20.6,22.4,64.0,2.0,63.252,87.9,63.252,cropwat_fao56_pm_from_advisor_or_excel_replicated_regional
P145,KEM-145,2024-12-01,2024,3.4,-9.3,15.3,38.6,74.3,2.0,33.267,65.8,33.267,cropwat_fao56_pm_from_advisor_or_excel_replicated_regional
P146,KEM-146,2024-01-01,2024,3.3,-7.0,14.9,50.8,71.8,2.3,38.933,78.8,38.933,cropwat_fao56_pm_from_advisor_or_excel_replicated_regional
P146,KEM-146,2024-02-01,2024,5.3,-5.9,17.2,7.6,63.5,2.1,58.265,84.6,58.265,cropwat_fao56_pm_from_advisor_or_excel_replicated_regional
P146,KEM-146,2024-03-01,2024,7.3,-2.9,25.1,47.4,59.6,2.3,118.586,121.9,118.586,cropwat_fao56_pm_from_advisor_or_excel_replicated_regional
P146,KEM-146,2024-04-01,2024,15.5,3.3,30.3,37.4,47.3,2.5,182.968,239.3,182.968,cropwat_fao56_pm_from_advisor_or_excel_replicated_regional
P146,KEM-146,2024-05-01,2024,15.1,2.5,29.5,48.6,57.7,2.4,189.987,223.7,189.987,cropwat_fao56_pm_from_advisor_or_excel_replicated_regional
P146,KEM-146,2024-06-01,2024,23.9,10.7,35.7,10.2,37.2,2.5,247.459,424.2,247.459,cropwat_fao56_pm_from_advisor_or_excel_replicated_regional
P146,KEM-146,2024-07-01,2024,24.0,13.3,34.4,30.0,45.1,2.5,226.398,424.5,226.398,cropwat_fao56_pm_from_advisor_or_excel_replicated_regional
P146,KEM-146,2024-08-01,2024,24.1,12.7,36.7,7.8,40.2,2.3,227.594,396.0,227.594,cropwat_fao56_pm_from_advisor_or_excel_replicated_regional
P146,KEM-146,2024-09-01,2024,20.0,6.8,31.8,12.2,48.4,2.0,156.472,274.8,156.472,cropwat_fao56_pm_from_advisor_or_excel_replicated_regional
P146,KEM-146,2024-10-01,2024,12.8,-1.0,29.1,0.4,47.7,1.9,126.837,174.4,126.837,cropwat_fao56_pm_from_advisor_or_excel_replicated_regional
P146,KEM-146,2024-11-01,2024,5.2,-12.1,20.6,22.4,64.0,2.0,63.252,87.9,63.252,cropwat_fao56_pm_from_advisor_or_excel_replicated_regional
P146,KEM-146,2024-12-01,2024,3.4,-9.3,15.3,38.6,74.3,2.0,33.267,65.8,33.267,cropwat_fao56_pm_from_advisor_or_excel_replicated_regional
P147,KEM-147,2024-01-01,2024,3.3,-7.0,14.9,50.8,71.8,2.3,38.933,78.8,38.933,cropwat_fao56_pm_from_advisor_or_excel_replicated_regional
P147,KEM-147,2024-02-01,2024,5.3,-5.9,17.2,7.6,63.5,2.1,58.265,84.6,58.265,cropwat_fao56_pm_from_advisor_or_excel_replicated_regional
P147,KEM-147,2024-03-01,2024,7.3,-2.9,25.1,47.4,59.6,2.3,118.586,121.9,118.586,cropwat_fao56_pm_from_advisor_or_excel_replicated_regional
P147,KEM-147,2024-04-01,2024,15.5,3.3,30.3,37.4,47.3,2.5,182.968,239.3,182.968,cropwat_fao56_pm_from_advisor_or_excel_replicated_regional
P147,KEM-147,2024-05-01,2024,15.1,2.5,29.5,48.6,57.7,2.4,189.987,223.7,189.987,cropwat_fao56_pm_from_advisor_or_excel_replicated_regional
P147,KEM-147,2024-06-01,2024,23.9,10.7,35.7,10.2,37.2,2.5,247.459,424.2,247.459,cropwat_fao56_pm_from_advisor_or_excel_replicated_regional
P147,KEM-147,2024-07-01,2024,24.0,13.3,34.4,30.0,45.1,2.5,226.398,424.5,226.398,cropwat_fao56_pm_from_advisor_or_excel_replicated_regional
P147,KEM-147,2024-08-01,2024,24.1,12.7,36.7,7.8,40.2,2.3,227.594,396.0,227.594,cropwat_fao56_pm_from_advisor_or_excel_replicated_regional
P147,KEM-147,2024-09-01,2024,20.0,6.8,31.8,12.2,48.4,2.0,156.472,274.8,156.472,cropwat_fao56_pm_from_advisor_or_excel_replicated_regional
P147,KEM-147,2024-10-01,2024,12.8,-1.0,29.1,0.4,47.7,1.9,126.837,174.4,126.837,cropwat_fao56_pm_from_advisor_or_excel_replicated_regional
P147,KEM-147,2024-11-01,2024,5.2,-12.1,20.6,22.4,64.0,2.0,63.252,87.9,63.252,cropwat_fao56_pm_from_advisor_or_excel_replicated_regional
P147,KEM-147,2024-12-01,2024,3.4,-9.3,15.3,38.6,74.3,2.0,33.267,65.8,33.267,cropwat_fao56_pm_from_advisor_or_excel_replicated_regional
P148,KEM-148,2024-01-01,2024,3.3,-7.0,14.9,50.8,71.8,2.3,38.933,78.8,38.933,cropwat_fao56_pm_from_advisor_or_excel_replicated_regional
P148,KEM-148,2024-02-01,2024,5.3,-5.9,17.2,7.6,63.5,2.1,58.265,84.6,58.265,cropwat_fao56_pm_from_advisor_or_excel_replicated_regional
P148,KEM-148,2024-03-01,2024,7.3,-2.9,25.1,47.4,59.6,2.3,118.586,121.9,118.586,cropwat_fao56_pm_from_advisor_or_excel_replicated_regional
P148,KEM-148,2024-04-01,2024,15.5,3.3,30.3,37.4,47.3,2.5,182.968,239.3,182.968,cropwat_fao56_pm_from_advisor_or_excel_replicated_regional
P148,KEM-148,2024-05-01,2024,15.1,2.5,29.5,48.6,57.7,2.4,189.987,223.7,189.987,cropwat_fao56_pm_from_advisor_or_excel_replicated_regional
P148,KEM-148,2024-06-01,2024,23.9,10.7,35.7,10.2,37.2,2.5,247.459,424.2,247.459,cropwat_fao56_pm_from_advisor_or_excel_replicated_regional
P148,KEM-148,2024-07-01,2024,24.0,13.3,34.4,30.0,45.1,2.5,226.398,424.5,226.398,cropwat_fao56_pm_from_advisor_or_excel_replicated_regional
P148,KEM-148,2024-08-01,2024,24.1,12.7,36.7,7.8,40.2,2.3,227.594,396.0,227.594,cropwat_fao56_pm_from_advisor_or_excel_replicated_regional
P148,KEM-148,2024-09-01,2024,20.0,6.8,31.8,12.2,48.4,2.0,156.472,274.8,156.472,cropwat_fao56_pm_from_advisor_or_excel_replicated_regional
P148,KEM-148,2024-10-01,2024,12.8,-1.0,29.1,0.4,47.7,1.9,126.837,174.4,126.837,cropwat_fao56_pm_from_advisor_or_excel_replicated_regional
P148,KEM-148,2024-11-01,2024,5.2,-12.1,20.6,22.4,64.0,2.0,63.252,87.9,63.252,cropwat_fao56_pm_from_advisor_or_excel_replicated_regional
P148,KEM-148,2024-12-01,2024,3.4,-9.3,15.3,38.6,74.3,2.0,33.267,65.8,33.267,cropwat_fao56_pm_from_advisor_or_excel_replicated_regional
P149,KEM-149,2024-01-01,2024,3.3,-7.0,14.9,50.8,71.8,2.3,38.933,78.8,38.933,cropwat_fao56_pm_from_advisor_or_excel_replicated_regional
P149,KEM-149,2024-02-01,2024,5.3,-5.9,17.2,7.6,63.5,2.1,58.265,84.6,58.265,cropwat_fao56_pm_from_advisor_or_excel_replicated_regional
P149,KEM-149,2024-03-01,2024,7.3,-2.9,25.1,47.4,59.6,2.3,118.586,121.9,118.586,cropwat_fao56_pm_from_advisor_or_excel_replicated_regional
P149,KEM-149,2024-04-01,2024,15.5,3.3,30.3,37.4,47.3,2.5,182.968,239.3,182.968,cropwat_fao56_pm_from_advisor_or_excel_replicated_regional
P149,KEM-149,2024-05-01,2024,15.1,2.5,29.5,48.6,57.7,2.4,189.987,223.7,189.987,cropwat_fao56_pm_from_advisor_or_excel_replicated_regional
P149,KEM-149,2024-06-01,2024,23.9,10.7,35.7,10.2,37.2,2.5,247.459,424.2,247.459,cropwat_fao56_pm_from_advisor_or_excel_replicated_regional
P149,KEM-149,2024-07-01,2024,24.0,13.3,34.4,30.0,45.1,2.5,226.398,424.5,226.398,cropwat_fao56_pm_from_advisor_or_excel_replicated_regional
P149,KEM-149,2024-08-01,2024,24.1,12.7,36.7,7.8,40.2,2.3,227.594,396.0,227.594,cropwat_fao56_pm_from_advisor_or_excel_replicated_regional
P149,KEM-149,2024-09-01,2024,20.0,6.8,31.8,12.2,48.4,2.0,156.472,274.8,156.472,cropwat_fao56_pm_from_advisor_or_excel_replicated_regional
P149,KEM-149,2024-10-01,2024,12.8,-1.0,29.1,0.4,47.7,1.9,126.837,174.4,126.837,cropwat_fao56_pm_from_advisor_or_excel_replicated_regional
P149,KEM-149,2024-11-01,2024,5.2,-12.1,20.6,22.4,64.0,2.0,63.252,87.9,63.252,cropwat_fao56_pm_from_advisor_or_excel_replicated_regional
P149,KEM-149,2024-12-01,2024,3.4,-9.3,15.3,38.6,74.3,2.0,33.267,65.8,33.267,cropwat_fao56_pm_from_advisor_or_excel_replicated_regional
P150,KEM-150,2024-01-01,2024,3.3,-7.0,14.9,50.8,71.8,2.3,38.933,78.8,38.933,cropwat_fao56_pm_from_advisor_or_excel_replicated_regional
P150,KEM-150,2024-02-01,2024,5.3,-5.9,17.2,7.6,63.5,2.1,58.265,84.6,58.265,cropwat_fao56_pm_from_advisor_or_excel_replicated_regional
P150,KEM-150,2024-03-01,2024,7.3,-2.9,25.1,47.4,59.6,2.3,118.586,121.9,118.586,cropwat_fao56_pm_from_advisor_or_excel_replicated_regional
P150,KEM-150,2024-04-01,2024,15.5,3.3,30.3,37.4,47.3,2.5,182.968,239.3,182.968,cropwat_fao56_pm_from_advisor_or_excel_replicated_regional
P150,KEM-150,2024-05-01,2024,15.1,2.5,29.5,48.6,57.7,2.4,189.987,223.7,189.987,cropwat_fao56_pm_from_advisor_or_excel_replicated_regional
P150,KEM-150,2024-06-01,2024,23.9,10.7,35.7,10.2,37.2,2.5,247.459,424.2,247.459,cropwat_fao56_pm_from_advisor_or_excel_replicated_regional
P150,KEM-150,2024-07-01,2024,24.0,13.3,34.4,30.0,45.1,2.5,226.398,424.5,226.398,cropwat_fao56_pm_from_advisor_or_excel_replicated_regional
P150,KEM-150,2024-08-01,2024,24.1,12.7,36.7,7.8,40.2,2.3,227.594,396.0,227.594,cropwat_fao56_pm_from_advisor_or_excel_replicated_regional
P150,KEM-150,2024-09-01,2024,20.0,6.8,31.8,12.2,48.4,2.0,156.472,274.8,156.472,cropwat_fao56_pm_from_advisor_or_excel_replicated_regional
P150,KEM-150,2024-10-01,2024,12.8,-1.0,29.1,0.4,47.7,1.9,126.837,174.4,126.837,cropwat_fao56_pm_from_advisor_or_excel_replicated_regional
P150,KEM-150,2024-11-01,2024,5.2,-12.1,20.6,22.4,64.0,2.0,63.252,87.9,63.252,cropwat_fao56_pm_from_advisor_or_excel_replicated_regional
P150,KEM-150,2024-12-01,2024,3.4,-9.3,15.3,38.6,74.3,2.0,33.267,65.8,33.267,cropwat_fao56_pm_from_advisor_or_excel_replicated_regional
P151,KEM-151,2024-01-01,2024,3.3,-7.0,14.9,50.8,71.8,2.3,38.933,78.8,38.933,cropwat_fao56_pm_from_advisor_or_excel_replicated_regional
P151,KEM-151,2024-02-01,2024,5.3,-5.9,17.2,7.6,63.5,2.1,58.265,84.6,58.265,cropwat_fao56_pm_from_advisor_or_excel_replicated_regional
P151,KEM-151,2024-03-01,2024,7.3,-2.9,25.1,47.4,59.6,2.3,118.586,121.9,118.586,cropwat_fao56_pm_from_advisor_or_excel_replicated_regional
P151,KEM-151,2024-04-01,2024,15.5,3.3,30.3,37.4,47.3,2.5,182.968,239.3,182.968,cropwat_fao56_pm_from_advisor_or_excel_replicated_regional
P151,KEM-151,2024-05-01,2024,15.1,2.5,29.5,48.6,57.7,2.4,189.987,223.7,189.987,cropwat_fao56_pm_from_advisor_or_excel_replicated_regional
P151,KEM-151,2024-06-01,2024,23.9,10.7,35.7,10.2,37.2,2.5,247.459,424.2,247.459,cropwat_fao56_pm_from_advisor_or_excel_replicated_regional
P151,KEM-151,2024-07-01,2024,24.0,13.3,34.4,30.0,45.1,2.5,226.398,424.5,226.398,cropwat_fao56_pm_from_advisor_or_excel_replicated_regional
P151,KEM-151,2024-08-01,2024,24.1,12.7,36.7,7.8,40.2,2.3,227.594,396.0,227.594,cropwat_fao56_pm_from_advisor_or_excel_replicated_regional
P151,KEM-151,2024-09-01,2024,20.0,6.8,31.8,12.2,48.4,2.0,156.472,274.8,156.472,cropwat_fao56_pm_from_advisor_or_excel_replicated_regional
P151,KEM-151,2024-10-01,2024,12.8,-1.0,29.1,0.4,47.7,1.9,126.837,174.4,126.837,cropwat_fao56_pm_from_advisor_or_excel_replicated_regional
P151,KEM-151,2024-11-01,2024,5.2,-12.1,20.6,22.4,64.0,2.0,63.252,87.9,63.252,cropwat_fao56_pm_from_advisor_or_excel_replicated_regional
P151,KEM-151,2024-12-01,2024,3.4,-9.3,15.3,38.6,74.3,2.0,33.267,65.8,33.267,cropwat_fao56_pm_from_advisor_or_excel_replicated_regional
P152,KEM-152,2024-01-01,2024,3.3,-7.0,14.9,50.8,71.8,2.3,38.933,78.8,38.933,cropwat_fao56_pm_from_advisor_or_excel_replicated_regional
P152,KEM-152,2024-02-01,2024,5.3,-5.9,17.2,7.6,63.5,2.1,58.265,84.6,58.265,cropwat_fao56_pm_from_advisor_or_excel_replicated_regional
P152,KEM-152,2024-03-01,2024,7.3,-2.9,25.1,47.4,59.6,2.3,118.586,121.9,118.586,cropwat_fao56_pm_from_advisor_or_excel_replicated_regional
P152,KEM-152,2024-04-01,2024,15.5,3.3,30.3,37.4,47.3,2.5,182.968,239.3,182.968,cropwat_fao56_pm_from_advisor_or_excel_replicated_regional
P152,KEM-152,2024-05-01,2024,15.1,2.5,29.5,48.6,57.7,2.4,189.987,223.7,189.987,cropwat_fao56_pm_from_advisor_or_excel_replicated_regional
P152,KEM-152,2024-06-01,2024,23.9,10.7,35.7,10.2,37.2,2.5,247.459,424.2,247.459,cropwat_fao56_pm_from_advisor_or_excel_replicated_regional
P152,KEM-152,2024-07-01,2024,24.0,13.3,34.4,30.0,45.1,2.5,226.398,424.5,226.398,cropwat_fao56_pm_from_advisor_or_excel_replicated_regional
P152,KEM-152,2024-08-01,2024,24.1,12.7,36.7,7.8,40.2,2.3,227.594,396.0,227.594,cropwat_fao56_pm_from_advisor_or_excel_replicated_regional
P152,KEM-152,2024-09-01,2024,20.0,6.8,31.8,12.2,48.4,2.0,156.472,274.8,156.472,cropwat_fao56_pm_from_advisor_or_excel_replicated_regional
P152,KEM-152,2024-10-01,2024,12.8,-1.0,29.1,0.4,47.7,1.9,126.837,174.4,126.837,cropwat_fao56_pm_from_advisor_or_excel_replicated_regional
P152,KEM-152,2024-11-01,2024,5.2,-12.1,20.6,22.4,64.0,2.0,63.252,87.9,63.252,cropwat_fao56_pm_from_advisor_or_excel_replicated_regional
P152,KEM-152,2024-12-01,2024,3.4,-9.3,15.3,38.6,74.3,2.0,33.267,65.8,33.267,cropwat_fao56_pm_from_advisor_or_excel_replicated_regional
P153,KEM-153,2024-01-01,2024,3.3,-7.0,14.9,50.8,71.8,2.3,38.933,78.8,38.933,cropwat_fao56_pm_from_advisor_or_excel_replicated_regional
P153,KEM-153,2024-02-01,2024,5.3,-5.9,17.2,7.6,63.5,2.1,58.265,84.6,58.265,cropwat_fao56_pm_from_advisor_or_excel_replicated_regional
P153,KEM-153,2024-03-01,2024,7.3,-2.9,25.1,47.4,59.6,2.3,118.586,121.9,118.586,cropwat_fao56_pm_from_advisor_or_excel_replicated_regional
P153,KEM-153,2024-04-01,2024,15.5,3.3,30.3,37.4,47.3,2.5,182.968,239.3,182.968,cropwat_fao56_pm_from_advisor_or_excel_replicated_regional
P153,KEM-153,2024-05-01,2024,15.1,2.5,29.5,48.6,57.7,2.4,189.987,223.7,189.987,cropwat_fao56_pm_from_advisor_or_excel_replicated_regional
P153,KEM-153,2024-06-01,2024,23.9,10.7,35.7,10.2,37.2,2.5,247.459,424.2,247.459,cropwat_fao56_pm_from_advisor_or_excel_replicated_regional
P153,KEM-153,2024-07-01,2024,24.0,13.3,34.4,30.0,45.1,2.5,226.398,424.5,226.398,cropwat_fao56_pm_from_advisor_or_excel_replicated_regional
P153,KEM-153,2024-08-01,2024,24.1,12.7,36.7,7.8,40.2,2.3,227.594,396.0,227.594,cropwat_fao56_pm_from_advisor_or_excel_replicated_regional
P153,KEM-153,2024-09-01,2024,20.0,6.8,31.8,12.2,48.4,2.0,156.472,274.8,156.472,cropwat_fao56_pm_from_advisor_or_excel_replicated_regional
P153,KEM-153,2024-10-01,2024,12.8,-1.0,29.1,0.4,47.7,1.9,126.837,174.4,126.837,cropwat_fao56_pm_from_advisor_or_excel_replicated_regional
P153,KEM-153,2024-11-01,2024,5.2,-12.1,20.6,22.4,64.0,2.0,63.252,87.9,63.252,cropwat_fao56_pm_from_advisor_or_excel_replicated_regional
P153,KEM-153,2024-12-01,2024,3.4,-9.3,15.3,38.6,74.3,2.0,33.267,65.8,33.267,cropwat_fao56_pm_from_advisor_or_excel_replicated_regional
P154,KEM-154,2024-01-01,2024,3.3,-7.0,14.9,50.8,71.8,2.3,38.933,78.8,38.933,cropwat_fao56_pm_from_advisor_or_excel_replicated_regional
P154,KEM-154,2024-02-01,2024,5.3,-5.9,17.2,7.6,63.5,2.1,58.265,84.6,58.265,cropwat_fao56_pm_from_advisor_or_excel_replicated_regional
P154,KEM-154,2024-03-01,2024,7.3,-2.9,25.1,47.4,59.6,2.3,118.586,121.9,118.586,cropwat_fao56_pm_from_advisor_or_excel_replicated_regional
P154,KEM-154,2024-04-01,2024,15.5,3.3,30.3,37.4,47.3,2.5,182.968,239.3,182.968,cropwat_fao56_pm_from_advisor_or_excel_replicated_regional
P154,KEM-154,2024-05-01,2024,15.1,2.5,29.5,48.6,57.7,2.4,189.987,223.7,189.987,cropwat_fao56_pm_from_advisor_or_excel_replicated_regional
P154,KEM-154,2024-06-01,2024,23.9,10.7,35.7,10.2,37.2,2.5,247.459,424.2,247.459,cropwat_fao56_pm_from_advisor_or_excel_replicated_regional
P154,KEM-154,2024-07-01,2024,24.0,13.3,34.4,30.0,45.1,2.5,226.398,424.5,226.398,cropwat_fao56_pm_from_advisor_or_excel_replicated_regional
P154,KEM-154,2024-08-01,2024,24.1,12.7,36.7,7.8,40.2,2.3,227.594,396.0,227.594,cropwat_fao56_pm_from_advisor_or_excel_replicated_regional
P154,KEM-154,2024-09-01,2024,20.0,6.8,31.8,12.2,48.4,2.0,156.472,274.8,156.472,cropwat_fao56_pm_from_advisor_or_excel_replicated_regional
P154,KEM-154,2024-10-01,2024,12.8,-1.0,29.1,0.4,47.7,1.9,126.837,174.4,126.837,cropwat_fao56_pm_from_advisor_or_excel_replicated_regional
P154,KEM-154,2024-11-01,2024,5.2,-12.1,20.6,22.4,64.0,2.0,63.252,87.9,63.252,cropwat_fao56_pm_from_advisor_or_excel_replicated_regional
P154,KEM-154,2024-12-01,2024,3.4,-9.3,15.3,38.6,74.3,2.0,33.267,65.8,33.267,cropwat_fao56_pm_from_advisor_or_excel_replicated_regional
P155,KEM-155,2024-01-01,2024,3.3,-7.0,14.9,50.8,71.8,2.3,38.933,78.8,38.933,cropwat_fao56_pm_from_advisor_or_excel_replicated_regional
P155,KEM-155,2024-02-01,2024,5.3,-5.9,17.2,7.6,63.5,2.1,58.265,84.6,58.265,cropwat_fao56_pm_from_advisor_or_excel_replicated_regional
P155,KEM-155,2024-03-01,2024,7.3,-2.9,25.1,47.4,59.6,2.3,118.586,121.9,118.586,cropwat_fao56_pm_from_advisor_or_excel_replicated_regional
P155,KEM-155,2024-04-01,2024,15.5,3.3,30.3,37.4,47.3,2.5,182.968,239.3,182.968,cropwat_fao56_pm_from_advisor_or_excel_replicated_regional
P155,KEM-155,2024-05-01,2024,15.1,2.5,29.5,48.6,57.7,2.4,189.987,223.7,189.987,cropwat_fao56_pm_from_advisor_or_excel_replicated_regional
P155,KEM-155,2024-06-01,2024,23.9,10.7,35.7,10.2,37.2,2.5,247.459,424.2,247.459,cropwat_fao56_pm_from_advisor_or_excel_replicated_regional
P155,KEM-155,2024-07-01,2024,24.0,13.3,34.4,30.0,45.1,2.5,226.398,424.5,226.398,cropwat_fao56_pm_from_advisor_or_excel_replicated_regional
P155,KEM-155,2024-08-01,2024,24.1,12.7,36.7,7.8,40.2,2.3,227.594,396.0,227.594,cropwat_fao56_pm_from_advisor_or_excel_replicated_regional
P155,KEM-155,2024-09-01,2024,20.0,6.8,31.8,12.2,48.4,2.0,156.472,274.8,156.472,cropwat_fao56_pm_from_advisor_or_excel_replicated_regional
P155,KEM-155,2024-10-01,2024,12.8,-1.0,29.1,0.4,47.7,1.9,126.837,174.4,126.837,cropwat_fao56_pm_from_advisor_or_excel_replicated_regional
P155,KEM-155,2024-11-01,2024,5.2,-12.1,20.6,22.4,64.0,2.0,63.252,87.9,63.252,cropwat_fao56_pm_from_advisor_or_excel_replicated_regional
P155,KEM-155,2024-12-01,2024,3.4,-9.3,15.3,38.6,74.3,2.0,33.267,65.8,33.267,cropwat_fao56_pm_from_advisor_or_excel_replicated_regional
P156,KEM-156,2024-01-01,2024,3.3,-7.0,14.9,50.8,71.8,2.3,38.933,78.8,38.933,cropwat_fao56_pm_from_advisor_or_excel_replicated_regional
P156,KEM-156,2024-02-01,2024,5.3,-5.9,17.2,7.6,63.5,2.1,58.265,84.6,58.265,cropwat_fao56_pm_from_advisor_or_excel_replicated_regional
P156,KEM-156,2024-03-01,2024,7.3,-2.9,25.1,47.4,59.6,2.3,118.586,121.9,118.586,cropwat_fao56_pm_from_advisor_or_excel_replicated_regional
P156,KEM-156,2024-04-01,2024,15.5,3.3,30.3,37.4,47.3,2.5,182.968,239.3,182.968,cropwat_fao56_pm_from_advisor_or_excel_replicated_regional
P156,KEM-156,2024-05-01,2024,15.1,2.5,29.5,48.6,57.7,2.4,189.987,223.7,189.987,cropwat_fao56_pm_from_advisor_or_excel_replicated_regional
P156,KEM-156,2024-06-01,2024,23.9,10.7,35.7,10.2,37.2,2.5,247.459,424.2,247.459,cropwat_fao56_pm_from_advisor_or_excel_replicated_regional
P156,KEM-156,2024-07-01,2024,24.0,13.3,34.4,30.0,45.1,2.5,226.398,424.5,226.398,cropwat_fao56_pm_from_advisor_or_excel_replicated_regional
P156,KEM-156,2024-08-01,2024,24.1,12.7,36.7,7.8,40.2,2.3,227.594,396.0,227.594,cropwat_fao56_pm_from_advisor_or_excel_replicated_regional
P156,KEM-156,2024-09-01,2024,20.0,6.8,31.8,12.2,48.4,2.0,156.472,274.8,156.472,cropwat_fao56_pm_from_advisor_or_excel_replicated_regional
P156,KEM-156,2024-10-01,2024,12.8,-1.0,29.1,0.4,47.7,1.9,126.837,174.4,126.837,cropwat_fao56_pm_from_advisor_or_excel_replicated_regional
P156,KEM-156,2024-11-01,2024,5.2,-12.1,20.6,22.4,64.0,2.0,63.252,87.9,63.252,cropwat_fao56_pm_from_advisor_or_excel_replicated_regional
P156,KEM-156,2024-12-01,2024,3.4,-9.3,15.3,38.6,74.3,2.0,33.267,65.8,33.267,cropwat_fao56_pm_from_advisor_or_excel_replicated_regional
P157,KAY-157,2024-01-01,2024,3.3,-7.0,14.9,50.8,71.8,2.3,38.933,78.8,38.933,cropwat_fao56_pm_from_advisor_or_excel_replicated_regional
P157,KAY-157,2024-02-01,2024,5.3,-5.9,17.2,7.6,63.5,2.1,58.265,84.6,58.265,cropwat_fao56_pm_from_advisor_or_excel_replicated_regional
P157,KAY-157,2024-03-01,2024,7.3,-2.9,25.1,47.4,59.6,2.3,118.586,121.9,118.586,cropwat_fao56_pm_from_advisor_or_excel_replicated_regional
P157,KAY-157,2024-04-01,2024,15.5,3.3,30.3,37.4,47.3,2.5,182.968,239.3,182.968,cropwat_fao56_pm_from_advisor_or_excel_replicated_regional
P157,KAY-157,2024-05-01,2024,15.1,2.5,29.5,48.6,57.7,2.4,189.987,223.7,189.987,cropwat_fao56_pm_from_advisor_or_excel_replicated_regional
P157,KAY-157,2024-06-01,2024,23.9,10.7,35.7,10.2,37.2,2.5,247.459,424.2,247.459,cropwat_fao56_pm_from_advisor_or_excel_replicated_regional
P157,KAY-157,2024-07-01,2024,24.0,13.3,34.4,30.0,45.1,2.5,226.398,424.5,226.398,cropwat_fao56_pm_from_advisor_or_excel_replicated_regional
P157,KAY-157,2024-08-01,2024,24.1,12.7,36.7,7.8,40.2,2.3,227.594,396.0,227.594,cropwat_fao56_pm_from_advisor_or_excel_replicated_regional
P157,KAY-157,2024-09-01,2024,20.0,6.8,31.8,12.2,48.4,2.0,156.472,274.8,156.472,cropwat_fao56_pm_from_advisor_or_excel_replicated_regional
P157,KAY-157,2024-10-01,2024,12.8,-1.0,29.1,0.4,47.7,1.9,126.837,174.4,126.837,cropwat_fao56_pm_from_advisor_or_excel_replicated_regional
P157,KAY-157,2024-11-01,2024,5.2,-12.1,20.6,22.4,64.0,2.0,63.252,87.9,63.252,cropwat_fao56_pm_from_advisor_or_excel_replicated_regional
P157,KAY-157,2024-12-01,2024,3.4,-9.3,15.3,38.6,74.3,2.0,33.267,65.8,33.267,cropwat_fao56_pm_from_advisor_or_excel_replicated_regional
P158,KAY-158,2024-01-01,2024,3.3,-7.0,14.9,50.8,71.8,2.3,38.933,78.8,38.933,cropwat_fao56_pm_from_advisor_or_excel_replicated_regional
P158,KAY-158,2024-02-01,2024,5.3,-5.9,17.2,7.6,63.5,2.1,58.265,84.6,58.265,cropwat_fao56_pm_from_advisor_or_excel_replicated_regional
P158,KAY-158,2024-03-01,2024,7.3,-2.9,25.1,47.4,59.6,2.3,118.586,121.9,118.586,cropwat_fao56_pm_from_advisor_or_excel_replicated_regional
P158,KAY-158,2024-04-01,2024,15.5,3.3,30.3,37.4,47.3,2.5,182.968,239.3,182.968,cropwat_fao56_pm_from_advisor_or_excel_replicated_regional
P158,KAY-158,2024-05-01,2024,15.1,2.5,29.5,48.6,57.7,2.4,189.987,223.7,189.987,cropwat_fao56_pm_from_advisor_or_excel_replicated_regional
P158,KAY-158,2024-06-01,2024,23.9,10.7,35.7,10.2,37.2,2.5,247.459,424.2,247.459,cropwat_fao56_pm_from_advisor_or_excel_replicated_regional
P158,KAY-158,2024-07-01,2024,24.0,13.3,34.4,30.0,45.1,2.5,226.398,424.5,226.398,cropwat_fao56_pm_from_advisor_or_excel_replicated_regional
P158,KAY-158,2024-08-01,2024,24.1,12.7,36.7,7.8,40.2,2.3,227.594,396.0,227.594,cropwat_fao56_pm_from_advisor_or_excel_replicated_regional
P158,KAY-158,2024-09-01,2024,20.0,6.8,31.8,12.2,48.4,2.0,156.472,274.8,156.472,cropwat_fao56_pm_from_advisor_or_excel_replicated_regional
P158,KAY-158,2024-10-01,2024,12.8,-1.0,29.1,0.4,47.7,1.9,126.837,174.4,126.837,cropwat_fao56_pm_from_advisor_or_excel_replicated_regional
P158,KAY-158,2024-11-01,2024,5.2,-12.1,20.6,22.4,64.0,2.0,63.252,87.9,63.252,cropwat_fao56_pm_from_advisor_or_excel_replicated_regional
P158,KAY-158,2024-12-01,2024,3.4,-9.3,15.3,38.6,74.3,2.0,33.267,65.8,33.267,cropwat_fao56_pm_from_advisor_or_excel_replicated_regional
P159,KAY-159,2024-01-01,2024,3.3,-7.0,14.9,50.8,71.8,2.3,38.933,78.8,38.933,cropwat_fao56_pm_from_advisor_or_excel_replicated_regional
P159,KAY-159,2024-02-01,2024,5.3,-5.9,17.2,7.6,63.5,2.1,58.265,84.6,58.265,cropwat_fao56_pm_from_advisor_or_excel_replicated_regional
P159,KAY-159,2024-03-01,2024,7.3,-2.9,25.1,47.4,59.6,2.3,118.586,121.9,118.586,cropwat_fao56_pm_from_advisor_or_excel_replicated_regional
P159,KAY-159,2024-04-01,2024,15.5,3.3,30.3,37.4,47.3,2.5,182.968,239.3,182.968,cropwat_fao56_pm_from_advisor_or_excel_replicated_regional
P159,KAY-159,2024-05-01,2024,15.1,2.5,29.5,48.6,57.7,2.4,189.987,223.7,189.987,cropwat_fao56_pm_from_advisor_or_excel_replicated_regional
P159,KAY-159,2024-06-01,2024,23.9,10.7,35.7,10.2,37.2,2.5,247.459,424.2,247.459,cropwat_fao56_pm_from_advisor_or_excel_replicated_regional
P159,KAY-159,2024-07-01,2024,24.0,13.3,34.4,30.0,45.1,2.5,226.398,424.5,226.398,cropwat_fao56_pm_from_advisor_or_excel_replicated_regional
P159,KAY-159,2024-08-01,2024,24.1,12.7,36.7,7.8,40.2,2.3,227.594,396.0,227.594,cropwat_fao56_pm_from_advisor_or_excel_replicated_regional
P159,KAY-159,2024-09-01,2024,20.0,6.8,31.8,12.2,48.4,2.0,156.472,274.8,156.472,cropwat_fao56_pm_from_advisor_or_excel_replicated_regional
P159,KAY-159,2024-10-01,2024,12.8,-1.0,29.1,0.4,47.7,1.9,126.837,174.4,126.837,cropwat_fao56_pm_from_advisor_or_excel_replicated_regional
P159,KAY-159,2024-11-01,2024,5.2,-12.1,20.6,22.4,64.0,2.0,63.252,87.9,63.252,cropwat_fao56_pm_from_advisor_or_excel_replicated_regional
P159,KAY-159,2024-12-01,2024,3.4,-9.3,15.3,38.6,74.3,2.0,33.267,65.8,33.267,cropwat_fao56_pm_from_advisor_or_excel_replicated_regional
P160,KAY-160,2024-01-01,2024,3.3,-7.0,14.9,50.8,71.8,2.3,38.933,78.8,38.933,cropwat_fao56_pm_from_advisor_or_excel_replicated_regional
P160,KAY-160,2024-02-01,2024,5.3,-5.9,17.2,7.6,63.5,2.1,58.265,84.6,58.265,cropwat_fao56_pm_from_advisor_or_excel_replicated_regional
P160,KAY-160,2024-03-01,2024,7.3,-2.9,25.1,47.4,59.6,2.3,118.586,121.9,118.586,cropwat_fao56_pm_from_advisor_or_excel_replicated_regional
P160,KAY-160,2024-04-01,2024,15.5,3.3,30.3,37.4,47.3,2.5,182.968,239.3,182.968,cropwat_fao56_pm_from_advisor_or_excel_replicated_regional
P160,KAY-160,2024-05-01,2024,15.1,2.5,29.5,48.6,57.7,2.4,189.987,223.7,189.987,cropwat_fao56_pm_from_advisor_or_excel_replicated_regional
P160,KAY-160,2024-06-01,2024,23.9,10.7,35.7,10.2,37.2,2.5,247.459,424.2,247.459,cropwat_fao56_pm_from_advisor_or_excel_replicated_regional
P160,KAY-160,2024-07-01,2024,24.0,13.3,34.4,30.0,45.1,2.5,226.398,424.5,226.398,cropwat_fao56_pm_from_advisor_or_excel_replicated_regional
P160,KAY-160,2024-08-01,2024,24.1,12.7,36.7,7.8,40.2,2.3,227.594,396.0,227.594,cropwat_fao56_pm_from_advisor_or_excel_replicated_regional
P160,KAY-160,2024-09-01,2024,20.0,6.8,31.8,12.2,48.4,2.0,156.472,274.8,156.472,cropwat_fao56_pm_from_advisor_or_excel_replicated_regional
P160,KAY-160,2024-10-01,2024,12.8,-1.0,29.1,0.4,47.7,1.9,126.837,174.4,126.837,cropwat_fao56_pm_from_advisor_or_excel_replicated_regional
P160,KAY-160,2024-11-01,2024,5.2,-12.1,20.6,22.4,64.0,2.0,63.252,87.9,63.252,cropwat_fao56_pm_from_advisor_or_excel_replicated_regional
P160,KAY-160,2024-12-01,2024,3.4,-9.3,15.3,38.6,74.3,2.0,33.267,65.8,33.267,cropwat_fao56_pm_from_advisor_or_excel_replicated_regional
P161,KAY-161,2024-01-01,2024,3.3,-7.0,14.9,50.8,71.8,2.3,38.933,78.8,38.933,cropwat_fao56_pm_from_advisor_or_excel_replicated_regional
P161,KAY-161,2024-02-01,2024,5.3,-5.9,17.2,7.6,63.5,2.1,58.265,84.6,58.265,cropwat_fao56_pm_from_advisor_or_excel_replicated_regional
P161,KAY-161,2024-03-01,2024,7.3,-2.9,25.1,47.4,59.6,2.3,118.586,121.9,118.586,cropwat_fao56_pm_from_advisor_or_excel_replicated_regional
P161,KAY-161,2024-04-01,2024,15.5,3.3,30.3,37.4,47.3,2.5,182.968,239.3,182.968,cropwat_fao56_pm_from_advisor_or_excel_replicated_regional
P161,KAY-161,2024-05-01,2024,15.1,2.5,29.5,48.6,57.7,2.4,189.987,223.7,189.987,cropwat_fao56_pm_from_advisor_or_excel_replicated_regional
P161,KAY-161,2024-06-01,2024,23.9,10.7,35.7,10.2,37.2,2.5,247.459,424.2,247.459,cropwat_fao56_pm_from_advisor_or_excel_replicated_regional
P161,KAY-161,2024-07-01,2024,24.0,13.3,34.4,30.0,45.1,2.5,226.398,424.5,226.398,cropwat_fao56_pm_from_advisor_or_excel_replicated_regional
P161,KAY-161,2024-08-01,2024,24.1,12.7,36.7,7.8,40.2,2.3,227.594,396.0,227.594,cropwat_fao56_pm_from_advisor_or_excel_replicated_regional
P161,KAY-161,2024-09-01,2024,20.0,6.8,31.8,12.2,48.4,2.0,156.472,274.8,156.472,cropwat_fao56_pm_from_advisor_or_excel_replicated_regional
P161,KAY-161,2024-10-01,2024,12.8,-1.0,29.1,0.4,47.7,1.9,126.837,174.4,126.837,cropwat_fao56_pm_from_advisor_or_excel_replicated_regional
P161,KAY-161,2024-11-01,2024,5.2,-12.1,20.6,22.4,64.0,2.0,63.252,87.9,63.252,cropwat_fao56_pm_from_advisor_or_excel_replicated_regional
P161,KAY-161,2024-12-01,2024,3.4,-9.3,15.3,38.6,74.3,2.0,33.267,65.8,33.267,cropwat_fao56_pm_from_advisor_or_excel_replicated_regional
P162,KAY-162,2024-01-01,2024,3.3,-7.0,14.9,50.8,71.8,2.3,38.933,78.8,38.933,cropwat_fao56_pm_from_advisor_or_excel_replicated_regional
P162,KAY-162,2024-02-01,2024,5.3,-5.9,17.2,7.6,63.5,2.1,58.265,84.6,58.265,cropwat_fao56_pm_from_advisor_or_excel_replicated_regional
P162,KAY-162,2024-03-01,2024,7.3,-2.9,25.1,47.4,59.6,2.3,118.586,121.9,118.586,cropwat_fao56_pm_from_advisor_or_excel_replicated_regional
P162,KAY-162,2024-04-01,2024,15.5,3.3,30.3,37.4,47.3,2.5,182.968,239.3,182.968,cropwat_fao56_pm_from_advisor_or_excel_replicated_regional
P162,KAY-162,2024-05-01,2024,15.1,2.5,29.5,48.6,57.7,2.4,189.987,223.7,189.987,cropwat_fao56_pm_from_advisor_or_excel_replicated_regional
P162,KAY-162,2024-06-01,2024,23.9,10.7,35.7,10.2,37.2,2.5,247.459,424.2,247.459,cropwat_fao56_pm_from_advisor_or_excel_replicated_regional
P162,KAY-162,2024-07-01,2024,24.0,13.3,34.4,30.0,45.1,2.5,226.398,424.5,226.398,cropwat_fao56_pm_from_advisor_or_excel_replicated_regional
P162,KAY-162,2024-08-01,2024,24.1,12.7,36.7,7.8,40.2,2.3,227.594,396.0,227.594,cropwat_fao56_pm_from_advisor_or_excel_replicated_regional
P162,KAY-162,2024-09-01,2024,20.0,6.8,31.8,12.2,48.4,2.0,156.472,274.8,156.472,cropwat_fao56_pm_from_advisor_or_excel_replicated_regional
P162,KAY-162,2024-10-01,2024,12.8,-1.0,29.1,0.4,47.7,1.9,126.837,174.4,126.837,cropwat_fao56_pm_from_advisor_or_excel_replicated_regional
P162,KAY-162,2024-11-01,2024,5.2,-12.1,20.6,22.4,64.0,2.0,63.252,87.9,63.252,cropwat_fao56_pm_from_advisor_or_excel_replicated_regional
P162,KAY-162,2024-12-01,2024,3.4,-9.3,15.3,38.6,74.3,2.0,33.267,65.8,33.267,cropwat_fao56_pm_from_advisor_or_excel_replicated_regional
P163,KAY-163,2024-01-01,2024,3.3,-7.0,14.9,50.8,71.8,2.3,38.933,78.8,38.933,cropwat_fao56_pm_from_advisor_or_excel_replicated_regional
P163,KAY-163,2024-02-01,2024,5.3,-5.9,17.2,7.6,63.5,2.1,58.265,84.6,58.265,cropwat_fao56_pm_from_advisor_or_excel_replicated_regional
P163,KAY-163,2024-03-01,2024,7.3,-2.9,25.1,47.4,59.6,2.3,118.586,121.9,118.586,cropwat_fao56_pm_from_advisor_or_excel_replicated_regional
P163,KAY-163,2024-04-01,2024,15.5,3.3,30.3,37.4,47.3,2.5,182.968,239.3,182.968,cropwat_fao56_pm_from_advisor_or_excel_replicated_regional
P163,KAY-163,2024-05-01,2024,15.1,2.5,29.5,48.6,57.7,2.4,189.987,223.7,189.987,cropwat_fao56_pm_from_advisor_or_excel_replicated_regional
P163,KAY-163,2024-06-01,2024,23.9,10.7,35.7,10.2,37.2,2.5,247.459,424.2,247.459,cropwat_fao56_pm_from_advisor_or_excel_replicated_regional
P163,KAY-163,2024-07-01,2024,24.0,13.3,34.4,30.0,45.1,2.5,226.398,424.5,226.398,cropwat_fao56_pm_from_advisor_or_excel_replicated_regional
P163,KAY-163,2024-08-01,2024,24.1,12.7,36.7,7.8,40.2,2.3,227.594,396.0,227.594,cropwat_fao56_pm_from_advisor_or_excel_replicated_regional
P163,KAY-163,2024-09-01,2024,20.0,6.8,31.8,12.2,48.4,2.0,156.472,274.8,156.472,cropwat_fao56_pm_from_advisor_or_excel_replicated_regional
P163,KAY-163,2024-10-01,2024,12.8,-1.0,29.1,0.4,47.7,1.9,126.837,174.4,126.837,cropwat_fao56_pm_from_advisor_or_excel_replicated_regional
P163,KAY-163,2024-11-01,2024,5.2,-12.1,20.6,22.4,64.0,2.0,63.252,87.9,63.252,cropwat_fao56_pm_from_advisor_or_excel_replicated_regional
P163,KAY-163,2024-12-01,2024,3.4,-9.3,15.3,38.6,74.3,2.0,33.267,65.8,33.267,cropwat_fao56_pm_from_advisor_or_excel_replicated_regional
P164,KAY-164,2024-01-01,2024,3.3,-7.0,14.9,50.8,71.8,2.3,38.933,78.8,38.933,cropwat_fao56_pm_from_advisor_or_excel_replicated_regional
P164,KAY-164,2024-02-01,2024,5.3,-5.9,17.2,7.6,63.5,2.1,58.265,84.6,58.265,cropwat_fao56_pm_from_advisor_or_excel_replicated_regional
P164,KAY-164,2024-03-01,2024,7.3,-2.9,25.1,47.4,59.6,2.3,118.586,121.9,118.586,cropwat_fao56_pm_from_advisor_or_excel_replicated_regional
P164,KAY-164,2024-04-01,2024,15.5,3.3,30.3,37.4,47.3,2.5,182.968,239.3,182.968,cropwat_fao56_pm_from_advisor_or_excel_replicated_regional
P164,KAY-164,2024-05-01,2024,15.1,2.5,29.5,48.6,57.7,2.4,189.987,223.7,189.987,cropwat_fao56_pm_from_advisor_or_excel_replicated_regional
P164,KAY-164,2024-06-01,2024,23.9,10.7,35.7,10.2,37.2,2.5,247.459,424.2,247.459,cropwat_fao56_pm_from_advisor_or_excel_replicated_regional
P164,KAY-164,2024-07-01,2024,24.0,13.3,34.4,30.0,45.1,2.5,226.398,424.5,226.398,cropwat_fao56_pm_from_advisor_or_excel_replicated_regional
P164,KAY-164,2024-08-01,2024,24.1,12.7,36.7,7.8,40.2,2.3,227.594,396.0,227.594,cropwat_fao56_pm_from_advisor_or_excel_replicated_regional
P164,KAY-164,2024-09-01,2024,20.0,6.8,31.8,12.2,48.4,2.0,156.472,274.8,156.472,cropwat_fao56_pm_from_advisor_or_excel_replicated_regional
P164,KAY-164,2024-10-01,2024,12.8,-1.0,29.1,0.4,47.7,1.9,126.837,174.4,126.837,cropwat_fao56_pm_from_advisor_or_excel_replicated_regional
P164,KAY-164,2024-11-01,2024,5.2,-12.1,20.6,22.4,64.0,2.0,63.252,87.9,63.252,cropwat_fao56_pm_from_advisor_or_excel_replicated_regional
P164,KAY-164,2024-12-01,2024,3.4,-9.3,15.3,38.6,74.3,2.0,33.267,65.8,33.267,cropwat_fao56_pm_from_advisor_or_excel_replicated_regional
P165,KAY-165,2024-01-01,2024,3.3,-7.0,14.9,50.8,71.8,2.3,38.933,78.8,38.933,cropwat_fao56_pm_from_advisor_or_excel_replicated_regional
P165,KAY-165,2024-02-01,2024,5.3,-5.9,17.2,7.6,63.5,2.1,58.265,84.6,58.265,cropwat_fao56_pm_from_advisor_or_excel_replicated_regional
P165,KAY-165,2024-03-01,2024,7.3,-2.9,25.1,47.4,59.6,2.3,118.586,121.9,118.586,cropwat_fao56_pm_from_advisor_or_excel_replicated_regional
P165,KAY-165,2024-04-01,2024,15.5,3.3,30.3,37.4,47.3,2.5,182.968,239.3,182.968,cropwat_fao56_pm_from_advisor_or_excel_replicated_regional
P165,KAY-165,2024-05-01,2024,15.1,2.5,29.5,48.6,57.7,2.4,189.987,223.7,189.987,cropwat_fao56_pm_from_advisor_or_excel_replicated_regional
P165,KAY-165,2024-06-01,2024,23.9,10.7,35.7,10.2,37.2,2.5,247.459,424.2,247.459,cropwat_fao56_pm_from_advisor_or_excel_replicated_regional
P165,KAY-165,2024-07-01,2024,24.0,13.3,34.4,30.0,45.1,2.5,226.398,424.5,226.398,cropwat_fao56_pm_from_advisor_or_excel_replicated_regional
P165,KAY-165,2024-08-01,2024,24.1,12.7,36.7,7.8,40.2,2.3,227.594,396.0,227.594,cropwat_fao56_pm_from_advisor_or_excel_replicated_regional
P165,KAY-165,2024-09-01,2024,20.0,6.8,31.8,12.2,48.4,2.0,156.472,274.8,156.472,cropwat_fao56_pm_from_advisor_or_excel_replicated_regional
P165,KAY-165,2024-10-01,2024,12.8,-1.0,29.1,0.4,47.7,1.9,126.837,174.4,126.837,cropwat_fao56_pm_from_advisor_or_excel_replicated_regional
P165,KAY-165,2024-11-01,2024,5.2,-12.1,20.6,22.4,64.0,2.0,63.252,87.9,63.252,cropwat_fao56_pm_from_advisor_or_excel_replicated_regional
P165,KAY-165,2024-12-01,2024,3.4,-9.3,15.3,38.6,74.3,2.0,33.267,65.8,33.267,cropwat_fao56_pm_from_advisor_or_excel_replicated_regional
P166,KAY-166,2024-01-01,2024,3.3,-7.0,14.9,50.8,71.8,2.3,38.933,78.8,38.933,cropwat_fao56_pm_from_advisor_or_excel_replicated_regional
P166,KAY-166,2024-02-01,2024,5.3,-5.9,17.2,7.6,63.5,2.1,58.265,84.6,58.265,cropwat_fao56_pm_from_advisor_or_excel_replicated_regional
P166,KAY-166,2024-03-01,2024,7.3,-2.9,25.1,47.4,59.6,2.3,118.586,121.9,118.586,cropwat_fao56_pm_from_advisor_or_excel_replicated_regional
P166,KAY-166,2024-04-01,2024,15.5,3.3,30.3,37.4,47.3,2.5,182.968,239.3,182.968,cropwat_fao56_pm_from_advisor_or_excel_replicated_regional
P166,KAY-166,2024-05-01,2024,15.1,2.5,29.5,48.6,57.7,2.4,189.987,223.7,189.987,cropwat_fao56_pm_from_advisor_or_excel_replicated_regional
P166,KAY-166,2024-06-01,2024,23.9,10.7,35.7,10.2,37.2,2.5,247.459,424.2,247.459,cropwat_fao56_pm_from_advisor_or_excel_replicated_regional
P166,KAY-166,2024-07-01,2024,24.0,13.3,34.4,30.0,45.1,2.5,226.398,424.5,226.398,cropwat_fao56_pm_from_advisor_or_excel_replicated_regional
P166,KAY-166,2024-08-01,2024,24.1,12.7,36.7,7.8,40.2,2.3,227.594,396.0,227.594,cropwat_fao56_pm_from_advisor_or_excel_replicated_regional
P166,KAY-166,2024-09-01,2024,20.0,6.8,31.8,12.2,48.4,2.0,156.472,274.8,156.472,cropwat_fao56_pm_from_advisor_or_excel_replicated_regional
P166,KAY-166,2024-10-01,2024,12.8,-1.0,29.1,0.4,47.7,1.9,126.837,174.4,126.837,cropwat_fao56_pm_from_advisor_or_excel_replicated_regional
P166,KAY-166,2024-11-01,2024,5.2,-12.1,20.6,22.4,64.0,2.0,63.252,87.9,63.252,cropwat_fao56_pm_from_advisor_or_excel_replicated_regional
P166,KAY-166,2024-12-01,2024,3.4,-9.3,15.3,38.6,74.3,2.0,33.267,65.8,33.267,cropwat_fao56_pm_from_advisor_or_excel_replicated_regional
P167,KAY-167,2024-01-01,2024,3.3,-7.0,14.9,50.8,71.8,2.3,38.933,78.8,38.933,cropwat_fao56_pm_from_advisor_or_excel_replicated_regional
P167,KAY-167,2024-02-01,2024,5.3,-5.9,17.2,7.6,63.5,2.1,58.265,84.6,58.265,cropwat_fao56_pm_from_advisor_or_excel_replicated_regional
P167,KAY-167,2024-03-01,2024,7.3,-2.9,25.1,47.4,59.6,2.3,118.586,121.9,118.586,cropwat_fao56_pm_from_advisor_or_excel_replicated_regional
P167,KAY-167,2024-04-01,2024,15.5,3.3,30.3,37.4,47.3,2.5,182.968,239.3,182.968,cropwat_fao56_pm_from_advisor_or_excel_replicated_regional
P167,KAY-167,2024-05-01,2024,15.1,2.5,29.5,48.6,57.7,2.4,189.987,223.7,189.987,cropwat_fao56_pm_from_advisor_or_excel_replicated_regional
P167,KAY-167,2024-06-01,2024,23.9,10.7,35.7,10.2,37.2,2.5,247.459,424.2,247.459,cropwat_fao56_pm_from_advisor_or_excel_replicated_regional
P167,KAY-167,2024-07-01,2024,24.0,13.3,34.4,30.0,45.1,2.5,226.398,424.5,226.398,cropwat_fao56_pm_from_advisor_or_excel_replicated_regional
P167,KAY-167,2024-08-01,2024,24.1,12.7,36.7,7.8,40.2,2.3,227.594,396.0,227.594,cropwat_fao56_pm_from_advisor_or_excel_replicated_regional
P167,KAY-167,2024-09-01,2024,20.0,6.8,31.8,12.2,48.4,2.0,156.472,274.8,156.472,cropwat_fao56_pm_from_advisor_or_excel_replicated_regional
P167,KAY-167,2024-10-01,2024,12.8,-1.0,29.1,0.4,47.7,1.9,126.837,174.4,126.837,cropwat_fao56_pm_from_advisor_or_excel_replicated_regional
P167,KAY-167,2024-11-01,2024,5.2,-12.1,20.6,22.4,64.0,2.0,63.252,87.9,63.252,cropwat_fao56_pm_from_advisor_or_excel_replicated_regional
P167,KAY-167,2024-12-01,2024,3.4,-9.3,15.3,38.6,74.3,2.0,33.267,65.8,33.267,cropwat_fao56_pm_from_advisor_or_excel_replicated_regional
P168,KAY-168,2024-01-01,2024,3.3,-7.0,14.9,50.8,71.8,2.3,38.933,78.8,38.933,cropwat_fao56_pm_from_advisor_or_excel_replicated_regional
P168,KAY-168,2024-02-01,2024,5.3,-5.9,17.2,7.6,63.5,2.1,58.265,84.6,58.265,cropwat_fao56_pm_from_advisor_or_excel_replicated_regional
P168,KAY-168,2024-03-01,2024,7.3,-2.9,25.1,47.4,59.6,2.3,118.586,121.9,118.586,cropwat_fao56_pm_from_advisor_or_excel_replicated_regional
P168,KAY-168,2024-04-01,2024,15.5,3.3,30.3,37.4,47.3,2.5,182.968,239.3,182.968,cropwat_fao56_pm_from_advisor_or_excel_replicated_regional
P168,KAY-168,2024-05-01,2024,15.1,2.5,29.5,48.6,57.7,2.4,189.987,223.7,189.987,cropwat_fao56_pm_from_advisor_or_excel_replicated_regional
P168,KAY-168,2024-06-01,2024,23.9,10.7,35.7,10.2,37.2,2.5,247.459,424.2,247.459,cropwat_fao56_pm_from_advisor_or_excel_replicated_regional
P168,KAY-168,2024-07-01,2024,24.0,13.3,34.4,30.0,45.1,2.5,226.398,424.5,226.398,cropwat_fao56_pm_from_advisor_or_excel_replicated_regional
P168,KAY-168,2024-08-01,2024,24.1,12.7,36.7,7.8,40.2,2.3,227.594,396.0,227.594,cropwat_fao56_pm_from_advisor_or_excel_replicated_regional
P168,KAY-168,2024-09-01,2024,20.0,6.8,31.8,12.2,48.4,2.0,156.472,274.8,156.472,cropwat_fao56_pm_from_advisor_or_excel_replicated_regional
P168,KAY-168,2024-10-01,2024,12.8,-1.0,29.1,0.4,47.7,1.9,126.837,174.4,126.837,cropwat_fao56_pm_from_advisor_or_excel_replicated_regional
P168,KAY-168,2024-11-01,2024,5.2,-12.1,20.6,22.4,64.0,2.0,63.252,87.9,63.252,cropwat_fao56_pm_from_advisor_or_excel_replicated_regional
P168,KAY-168,2024-12-01,2024,3.4,-9.3,15.3,38.6,74.3,2.0,33.267,65.8,33.267,cropwat_fao56_pm_from_advisor_or_excel_replicated_regional
P169,KAY-169,2024-01-01,2024,3.3,-7.0,14.9,50.8,71.8,2.3,38.933,78.8,38.933,cropwat_fao56_pm_from_advisor_or_excel_replicated_regional
P169,KAY-169,2024-02-01,2024,5.3,-5.9,17.2,7.6,63.5,2.1,58.265,84.6,58.265,cropwat_fao56_pm_from_advisor_or_excel_replicated_regional
P169,KAY-169,2024-03-01,2024,7.3,-2.9,25.1,47.4,59.6,2.3,118.586,121.9,118.586,cropwat_fao56_pm_from_advisor_or_excel_replicated_regional
P169,KAY-169,2024-04-01,2024,15.5,3.3,30.3,37.4,47.3,2.5,182.968,239.3,182.968,cropwat_fao56_pm_from_advisor_or_excel_replicated_regional
P169,KAY-169,2024-05-01,2024,15.1,2.5,29.5,48.6,57.7,2.4,189.987,223.7,189.987,cropwat_fao56_pm_from_advisor_or_excel_replicated_regional
P169,KAY-169,2024-06-01,2024,23.9,10.7,35.7,10.2,37.2,2.5,247.459,424.2,247.459,cropwat_fao56_pm_from_advisor_or_excel_replicated_regional
P169,KAY-169,2024-07-01,2024,24.0,13.3,34.4,30.0,45.1,2.5,226.398,424.5,226.398,cropwat_fao56_pm_from_advisor_or_excel_replicated_regional
P169,KAY-169,2024-08-01,2024,24.1,12.7,36.7,7.8,40.2,2.3,227.594,396.0,227.594,cropwat_fao56_pm_from_advisor_or_excel_replicated_regional
P169,KAY-169,2024-09-01,2024,20.0,6.8,31.8,12.2,48.4,2.0,156.472,274.8,156.472,cropwat_fao56_pm_from_advisor_or_excel_replicated_regional
P169,KAY-169,2024-10-01,2024,12.8,-1.0,29.1,0.4,47.7,1.9,126.837,174.4,126.837,cropwat_fao56_pm_from_advisor_or_excel_replicated_regional
P169,KAY-169,2024-11-01,2024,5.2,-12.1,20.6,22.4,64.0,2.0,63.252,87.9,63.252,cropwat_fao56_pm_from_advisor_or_excel_replicated_regional
P169,KAY-169,2024-12-01,2024,3.4,-9.3,15.3,38.6,74.3,2.0,33.267,65.8,33.267,cropwat_fao56_pm_from_advisor_or_excel_replicated_regional
P170,KAY-170,2024-01-01,2024,3.3,-7.0,14.9,50.8,71.8,2.3,38.933,78.8,38.933,cropwat_fao56_pm_from_advisor_or_excel_replicated_regional
P170,KAY-170,2024-02-01,2024,5.3,-5.9,17.2,7.6,63.5,2.1,58.265,84.6,58.265,cropwat_fao56_pm_from_advisor_or_excel_replicated_regional
P170,KAY-170,2024-03-01,2024,7.3,-2.9,25.1,47.4,59.6,2.3,118.586,121.9,118.586,cropwat_fao56_pm_from_advisor_or_excel_replicated_regional
P170,KAY-170,2024-04-01,2024,15.5,3.3,30.3,37.4,47.3,2.5,182.968,239.3,182.968,cropwat_fao56_pm_from_advisor_or_excel_replicated_regional
P170,KAY-170,2024-05-01,2024,15.1,2.5,29.5,48.6,57.7,2.4,189.987,223.7,189.987,cropwat_fao56_pm_from_advisor_or_excel_replicated_regional
P170,KAY-170,2024-06-01,2024,23.9,10.7,35.7,10.2,37.2,2.5,247.459,424.2,247.459,cropwat_fao56_pm_from_advisor_or_excel_replicated_regional
P170,KAY-170,2024-07-01,2024,24.0,13.3,34.4,30.0,45.1,2.5,226.398,424.5,226.398,cropwat_fao56_pm_from_advisor_or_excel_replicated_regional
P170,KAY-170,2024-08-01,2024,24.1,12.7,36.7,7.8,40.2,2.3,227.594,396.0,227.594,cropwat_fao56_pm_from_advisor_or_excel_replicated_regional
P170,KAY-170,2024-09-01,2024,20.0,6.8,31.8,12.2,48.4,2.0,156.472,274.8,156.472,cropwat_fao56_pm_from_advisor_or_excel_replicated_regional
P170,KAY-170,2024-10-01,2024,12.8,-1.0,29.1,0.4,47.7,1.9,126.837,174.4,126.837,cropwat_fao56_pm_from_advisor_or_excel_replicated_regional
P170,KAY-170,2024-11-01,2024,5.2,-12.1,20.6,22.4,64.0,2.0,63.252,87.9,63.252,cropwat_fao56_pm_from_advisor_or_excel_replicated_regional
P170,KAY-170,2024-12-01,2024,3.4,-9.3,15.3,38.6,74.3,2.0,33.267,65.8,33.267,cropwat_fao56_pm_from_advisor_or_excel_replicated_regional
P171,KAY-171,2024-01-01,2024,3.3,-7.0,14.9,50.8,71.8,2.3,38.933,78.8,38.933,cropwat_fao56_pm_from_advisor_or_excel_replicated_regional
P171,KAY-171,2024-02-01,2024,5.3,-5.9,17.2,7.6,63.5,2.1,58.265,84.6,58.265,cropwat_fao56_pm_from_advisor_or_excel_replicated_regional
P171,KAY-171,2024-03-01,2024,7.3,-2.9,25.1,47.4,59.6,2.3,118.586,121.9,118.586,cropwat_fao56_pm_from_advisor_or_excel_replicated_regional
P171,KAY-171,2024-04-01,2024,15.5,3.3,30.3,37.4,47.3,2.5,182.968,239.3,182.968,cropwat_fao56_pm_from_advisor_or_excel_replicated_regional
P171,KAY-171,2024-05-01,2024,15.1,2.5,29.5,48.6,57.7,2.4,189.987,223.7,189.987,cropwat_fao56_pm_from_advisor_or_excel_replicated_regional
P171,KAY-171,2024-06-01,2024,23.9,10.7,35.7,10.2,37.2,2.5,247.459,424.2,247.459,cropwat_fao56_pm_from_advisor_or_excel_replicated_regional
P171,KAY-171,2024-07-01,2024,24.0,13.3,34.4,30.0,45.1,2.5,226.398,424.5,226.398,cropwat_fao56_pm_from_advisor_or_excel_replicated_regional
P171,KAY-171,2024-08-01,2024,24.1,12.7,36.7,7.8,40.2,2.3,227.594,396.0,227.594,cropwat_fao56_pm_from_advisor_or_excel_replicated_regional
P171,KAY-171,2024-09-01,2024,20.0,6.8,31.8,12.2,48.4,2.0,156.472,274.8,156.472,cropwat_fao56_pm_from_advisor_or_excel_replicated_regional
P171,KAY-171,2024-10-01,2024,12.8,-1.0,29.1,0.4,47.7,1.9,126.837,174.4,126.837,cropwat_fao56_pm_from_advisor_or_excel_replicated_regional
P171,KAY-171,2024-11-01,2024,5.2,-12.1,20.6,22.4,64.0,2.0,63.252,87.9,63.252,cropwat_fao56_pm_from_advisor_or_excel_replicated_regional
P171,KAY-171,2024-12-01,2024,3.4,-9.3,15.3,38.6,74.3,2.0,33.267,65.8,33.267,cropwat_fao56_pm_from_advisor_or_excel_replicated_regional
P172,KAY-172,2024-01-01,2024,3.3,-7.0,14.9,50.8,71.8,2.3,38.933,78.8,38.933,cropwat_fao56_pm_from_advisor_or_excel_replicated_regional
P172,KAY-172,2024-02-01,2024,5.3,-5.9,17.2,7.6,63.5,2.1,58.265,84.6,58.265,cropwat_fao56_pm_from_advisor_or_excel_replicated_regional
P172,KAY-172,2024-03-01,2024,7.3,-2.9,25.1,47.4,59.6,2.3,118.586,121.9,118.586,cropwat_fao56_pm_from_advisor_or_excel_replicated_regional
P172,KAY-172,2024-04-01,2024,15.5,3.3,30.3,37.4,47.3,2.5,182.968,239.3,182.968,cropwat_fao56_pm_from_advisor_or_excel_replicated_regional
P172,KAY-172,2024-05-01,2024,15.1,2.5,29.5,48.6,57.7,2.4,189.987,223.7,189.987,cropwat_fao56_pm_from_advisor_or_excel_replicated_regional
P172,KAY-172,2024-06-01,2024,23.9,10.7,35.7,10.2,37.2,2.5,247.459,424.2,247.459,cropwat_fao56_pm_from_advisor_or_excel_replicated_regional
P172,KAY-172,2024-07-01,2024,24.0,13.3,34.4,30.0,45.1,2.5,226.398,424.5,226.398,cropwat_fao56_pm_from_advisor_or_excel_replicated_regional
P172,KAY-172,2024-08-01,2024,24.1,12.7,36.7,7.8,40.2,2.3,227.594,396.0,227.594,cropwat_fao56_pm_from_advisor_or_excel_replicated_regional
P172,KAY-172,2024-09-01,2024,20.0,6.8,31.8,12.2,48.4,2.0,156.472,274.8,156.472,cropwat_fao56_pm_from_advisor_or_excel_replicated_regional
P172,KAY-172,2024-10-01,2024,12.8,-1.0,29.1,0.4,47.7,1.9,126.837,174.4,126.837,cropwat_fao56_pm_from_advisor_or_excel_replicated_regional
P172,KAY-172,2024-11-01,2024,5.2,-12.1,20.6,22.4,64.0,2.0,63.252,87.9,63.252,cropwat_fao56_pm_from_advisor_or_excel_replicated_regional
P172,KAY-172,2024-12-01,2024,3.4,-9.3,15.3,38.6,74.3,2.0,33.267,65.8,33.267,cropwat_fao56_pm_from_advisor_or_excel_replicated_regional
P173,KAY-173,2024-01-01,2024,3.3,-7.0,14.9,50.8,71.8,2.3,38.933,78.8,38.933,cropwat_fao56_pm_from_advisor_or_excel_replicated_regional
P173,KAY-173,2024-02-01,2024,5.3,-5.9,17.2,7.6,63.5,2.1,58.265,84.6,58.265,cropwat_fao56_pm_from_advisor_or_excel_replicated_regional
P173,KAY-173,2024-03-01,2024,7.3,-2.9,25.1,47.4,59.6,2.3,118.586,121.9,118.586,cropwat_fao56_pm_from_advisor_or_excel_replicated_regional
P173,KAY-173,2024-04-01,2024,15.5,3.3,30.3,37.4,47.3,2.5,182.968,239.3,182.968,cropwat_fao56_pm_from_advisor_or_excel_replicated_regional
P173,KAY-173,2024-05-01,2024,15.1,2.5,29.5,48.6,57.7,2.4,189.987,223.7,189.987,cropwat_fao56_pm_from_advisor_or_excel_replicated_regional
P173,KAY-173,2024-06-01,2024,23.9,10.7,35.7,10.2,37.2,2.5,247.459,424.2,247.459,cropwat_fao56_pm_from_advisor_or_excel_replicated_regional
P173,KAY-173,2024-07-01,2024,24.0,13.3,34.4,30.0,45.1,2.5,226.398,424.5,226.398,cropwat_fao56_pm_from_advisor_or_excel_replicated_regional
P173,KAY-173,2024-08-01,2024,24.1,12.7,36.7,7.8,40.2,2.3,227.594,396.0,227.594,cropwat_fao56_pm_from_advisor_or_excel_replicated_regional
P173,KAY-173,2024-09-01,2024,20.0,6.8,31.8,12.2,48.4,2.0,156.472,274.8,156.472,cropwat_fao56_pm_from_advisor_or_excel_replicated_regional
P173,KAY-173,2024-10-01,2024,12.8,-1.0,29.1,0.4,47.7,1.9,126.837,174.4,126.837,cropwat_fao56_pm_from_advisor_or_excel_replicated_regional
P173,KAY-173,2024-11-01,2024,5.2,-12.1,20.6,22.4,64.0,2.0,63.252,87.9,63.252,cropwat_fao56_pm_from_advisor_or_excel_replicated_regional
P173,KAY-173,2024-12-01,2024,3.4,-9.3,15.3,38.6,74.3,2.0,33.267,65.8,33.267,cropwat_fao56_pm_from_advisor_or_excel_replicated_regional
P174,KAY-174,2024-01-01,2024,3.3,-7.0,14.9,50.8,71.8,2.3,38.933,78.8,38.933,cropwat_fao56_pm_from_advisor_or_excel_replicated_regional
P174,KAY-174,2024-02-01,2024,5.3,-5.9,17.2,7.6,63.5,2.1,58.265,84.6,58.265,cropwat_fao56_pm_from_advisor_or_excel_replicated_regional
P174,KAY-174,2024-03-01,2024,7.3,-2.9,25.1,47.4,59.6,2.3,118.586,121.9,118.586,cropwat_fao56_pm_from_advisor_or_excel_replicated_regional
P174,KAY-174,2024-04-01,2024,15.5,3.3,30.3,37.4,47.3,2.5,182.968,239.3,182.968,cropwat_fao56_pm_from_advisor_or_excel_replicated_regional
P174,KAY-174,2024-05-01,2024,15.1,2.5,29.5,48.6,57.7,2.4,189.987,223.7,189.987,cropwat_fao56_pm_from_advisor_or_excel_replicated_regional
P174,KAY-174,2024-06-01,2024,23.9,10.7,35.7,10.2,37.2,2.5,247.459,424.2,247.459,cropwat_fao56_pm_from_advisor_or_excel_replicated_regional
P174,KAY-174,2024-07-01,2024,24.0,13.3,34.4,30.0,45.1,2.5,226.398,424.5,226.398,cropwat_fao56_pm_from_advisor_or_excel_replicated_regional
P174,KAY-174,2024-08-01,2024,24.1,12.7,36.7,7.8,40.2,2.3,227.594,396.0,227.594,cropwat_fao56_pm_from_advisor_or_excel_replicated_regional
P174,KAY-174,2024-09-01,2024,20.0,6.8,31.8,12.2,48.4,2.0,156.472,274.8,156.472,cropwat_fao56_pm_from_advisor_or_excel_replicated_regional
P174,KAY-174,2024-10-01,2024,12.8,-1.0,29.1,0.4,47.7,1.9,126.837,174.4,126.837,cropwat_fao56_pm_from_advisor_or_excel_replicated_regional
P174,KAY-174,2024-11-01,2024,5.2,-12.1,20.6,22.4,64.0,2.0,63.252,87.9,63.252,cropwat_fao56_pm_from_advisor_or_excel_replicated_regional
P174,KAY-174,2024-12-01,2024,3.4,-9.3,15.3,38.6,74.3,2.0,33.267,65.8,33.267,cropwat_fao56_pm_from_advisor_or_excel_replicated_regional
P175,KAY-175,2024-01-01,2024,3.3,-7.0,14.9,50.8,71.8,2.3,38.933,78.8,38.933,cropwat_fao56_pm_from_advisor_or_excel_replicated_regional
P175,KAY-175,2024-02-01,2024,5.3,-5.9,17.2,7.6,63.5,2.1,58.265,84.6,58.265,cropwat_fao56_pm_from_advisor_or_excel_replicated_regional
P175,KAY-175,2024-03-01,2024,7.3,-2.9,25.1,47.4,59.6,2.3,118.586,121.9,118.586,cropwat_fao56_pm_from_advisor_or_excel_replicated_regional
P175,KAY-175,2024-04-01,2024,15.5,3.3,30.3,37.4,47.3,2.5,182.968,239.3,182.968,cropwat_fao56_pm_from_advisor_or_excel_replicated_regional
P175,KAY-175,2024-05-01,2024,15.1,2.5,29.5,48.6,57.7,2.4,189.987,223.7,189.987,cropwat_fao56_pm_from_advisor_or_excel_replicated_regional
P175,KAY-175,2024-06-01,2024,23.9,10.7,35.7,10.2,37.2,2.5,247.459,424.2,247.459,cropwat_fao56_pm_from_advisor_or_excel_replicated_regional
P175,KAY-175,2024-07-01,2024,24.0,13.3,34.4,30.0,45.1,2.5,226.398,424.5,226.398,cropwat_fao56_pm_from_advisor_or_excel_replicated_regional
P175,KAY-175,2024-08-01,2024,24.1,12.7,36.7,7.8,40.2,2.3,227.594,396.0,227.594,cropwat_fao56_pm_from_advisor_or_excel_replicated_regional
P175,KAY-175,2024-09-01,2024,20.0,6.8,31.8,12.2,48.4,2.0,156.472,274.8,156.472,cropwat_fao56_pm_from_advisor_or_excel_replicated_regional
P175,KAY-175,2024-10-01,2024,12.8,-1.0,29.1,0.4,47.7,1.9,126.837,174.4,126.837,cropwat_fao56_pm_from_advisor_or_excel_replicated_regional
P175,KAY-175,2024-11-01,2024,5.2,-12.1,20.6,22.4,64.0,2.0,63.252,87.9,63.252,cropwat_fao56_pm_from_advisor_or_excel_replicated_regional
P175,KAY-175,2024-12-01,2024,3.4,-9.3,15.3,38.6,74.3,2.0,33.267,65.8,33.267,cropwat_fao56_pm_from_advisor_or_excel_replicated_regional
P176,KAY-176,2024-01-01,2024,3.3,-7.0,14.9,50.8,71.8,2.3,38.933,78.8,38.933,cropwat_fao56_pm_from_advisor_or_excel_replicated_regional
P176,KAY-176,2024-02-01,2024,5.3,-5.9,17.2,7.6,63.5,2.1,58.265,84.6,58.265,cropwat_fao56_pm_from_advisor_or_excel_replicated_regional
P176,KAY-176,2024-03-01,2024,7.3,-2.9,25.1,47.4,59.6,2.3,118.586,121.9,118.586,cropwat_fao56_pm_from_advisor_or_excel_replicated_regional
P176,KAY-176,2024-04-01,2024,15.5,3.3,30.3,37.4,47.3,2.5,182.968,239.3,182.968,cropwat_fao56_pm_from_advisor_or_excel_replicated_regional
P176,KAY-176,2024-05-01,2024,15.1,2.5,29.5,48.6,57.7,2.4,189.987,223.7,189.987,cropwat_fao56_pm_from_advisor_or_excel_replicated_regional
P176,KAY-176,2024-06-01,2024,23.9,10.7,35.7,10.2,37.2,2.5,247.459,424.2,247.459,cropwat_fao56_pm_from_advisor_or_excel_replicated_regional
P176,KAY-176,2024-07-01,2024,24.0,13.3,34.4,30.0,45.1,2.5,226.398,424.5,226.398,cropwat_fao56_pm_from_advisor_or_excel_replicated_regional
P176,KAY-176,2024-08-01,2024,24.1,12.7,36.7,7.8,40.2,2.3,227.594,396.0,227.594,cropwat_fao56_pm_from_advisor_or_excel_replicated_regional
P176,KAY-176,2024-09-01,2024,20.0,6.8,31.8,12.2,48.4,2.0,156.472,274.8,156.472,cropwat_fao56_pm_from_advisor_or_excel_replicated_regional
P176,KAY-176,2024-10-01,2024,12.8,-1.0,29.1,0.4,47.7,1.9,126.837,174.4,126.837,cropwat_fao56_pm_from_advisor_or_excel_replicated_regional
P176,KAY-176,2024-11-01,2024,5.2,-12.1,20.6,22.4,64.0,2.0,63.252,87.9,63.252,cropwat_fao56_pm_from_advisor_or_excel_replicated_regional
P176,KAY-176,2024-12-01,2024,3.4,-9.3,15.3,38.6,74.3,2.0,33.267,65.8,33.267,cropwat_fao56_pm_from_advisor_or_excel_replicated_regional
P177,KAY-177,2024-01-01,2024,3.3,-7.0,14.9,50.8,71.8,2.3,38.933,78.8,38.933,cropwat_fao56_pm_from_advisor_or_excel_replicated_regional
P177,KAY-177,2024-02-01,2024,5.3,-5.9,17.2,7.6,63.5,2.1,58.265,84.6,58.265,cropwat_fao56_pm_from_advisor_or_excel_replicated_regional
P177,KAY-177,2024-03-01,2024,7.3,-2.9,25.1,47.4,59.6,2.3,118.586,121.9,118.586,cropwat_fao56_pm_from_advisor_or_excel_replicated_regional
P177,KAY-177,2024-04-01,2024,15.5,3.3,30.3,37.4,47.3,2.5,182.968,239.3,182.968,cropwat_fao56_pm_from_advisor_or_excel_replicated_regional
P177,KAY-177,2024-05-01,2024,15.1,2.5,29.5,48.6,57.7,2.4,189.987,223.7,189.987,cropwat_fao56_pm_from_advisor_or_excel_replicated_regional
P177,KAY-177,2024-06-01,2024,23.9,10.7,35.7,10.2,37.2,2.5,247.459,424.2,247.459,cropwat_fao56_pm_from_advisor_or_excel_replicated_regional
P177,KAY-177,2024-07-01,2024,24.0,13.3,34.4,30.0,45.1,2.5,226.398,424.5,226.398,cropwat_fao56_pm_from_advisor_or_excel_replicated_regional
P177,KAY-177,2024-08-01,2024,24.1,12.7,36.7,7.8,40.2,2.3,227.594,396.0,227.594,cropwat_fao56_pm_from_advisor_or_excel_replicated_regional
P177,KAY-177,2024-09-01,2024,20.0,6.8,31.8,12.2,48.4,2.0,156.472,274.8,156.472,cropwat_fao56_pm_from_advisor_or_excel_replicated_regional
P177,KAY-177,2024-10-01,2024,12.8,-1.0,29.1,0.4,47.7,1.9,126.837,174.4,126.837,cropwat_fao56_pm_from_advisor_or_excel_replicated_regional
P177,KAY-177,2024-11-01,2024,5.2,-12.1,20.6,22.4,64.0,2.0,63.252,87.9,63.252,cropwat_fao56_pm_from_advisor_or_excel_replicated_regional
P177,KAY-177,2024-12-01,2024,3.4,-9.3,15.3,38.6,74.3,2.0,33.267,65.8,33.267,cropwat_fao56_pm_from_advisor_or_excel_replicated_regional
P178,KAY-178,2024-01-01,2024,3.3,-7.0,14.9,50.8,71.8,2.3,38.933,78.8,38.933,cropwat_fao56_pm_from_advisor_or_excel_replicated_regional
P178,KAY-178,2024-02-01,2024,5.3,-5.9,17.2,7.6,63.5,2.1,58.265,84.6,58.265,cropwat_fao56_pm_from_advisor_or_excel_replicated_regional
P178,KAY-178,2024-03-01,2024,7.3,-2.9,25.1,47.4,59.6,2.3,118.586,121.9,118.586,cropwat_fao56_pm_from_advisor_or_excel_replicated_regional
P178,KAY-178,2024-04-01,2024,15.5,3.3,30.3,37.4,47.3,2.5,182.968,239.3,182.968,cropwat_fao56_pm_from_advisor_or_excel_replicated_regional
P178,KAY-178,2024-05-01,2024,15.1,2.5,29.5,48.6,57.7,2.4,189.987,223.7,189.987,cropwat_fao56_pm_from_advisor_or_excel_replicated_regional
P178,KAY-178,2024-06-01,2024,23.9,10.7,35.7,10.2,37.2,2.5,247.459,424.2,247.459,cropwat_fao56_pm_from_advisor_or_excel_replicated_regional
P178,KAY-178,2024-07-01,2024,24.0,13.3,34.4,30.0,45.1,2.5,226.398,424.5,226.398,cropwat_fao56_pm_from_advisor_or_excel_replicated_regional
P178,KAY-178,2024-08-01,2024,24.1,12.7,36.7,7.8,40.2,2.3,227.594,396.0,227.594,cropwat_fao56_pm_from_advisor_or_excel_replicated_regional
P178,KAY-178,2024-09-01,2024,20.0,6.8,31.8,12.2,48.4,2.0,156.472,274.8,156.472,cropwat_fao56_pm_from_advisor_or_excel_replicated_regional
P178,KAY-178,2024-10-01,2024,12.8,-1.0,29.1,0.4,47.7,1.9,126.837,174.4,126.837,cropwat_fao56_pm_from_advisor_or_excel_replicated_regional
P178,KAY-178,2024-11-01,2024,5.2,-12.1,20.6,22.4,64.0,2.0,63.252,87.9,63.252,cropwat_fao56_pm_from_advisor_or_excel_replicated_regional
P178,KAY-178,2024-12-01,2024,3.4,-9.3,15.3,38.6,74.3,2.0,33.267,65.8,33.267,cropwat_fao56_pm_from_advisor_or_excel_replicated_regional
P179,KAY-179,2024-01-01,2024,3.3,-7.0,14.9,50.8,71.8,2.3,38.933,78.8,38.933,cropwat_fao56_pm_from_advisor_or_excel_replicated_regional
P179,KAY-179,2024-02-01,2024,5.3,-5.9,17.2,7.6,63.5,2.1,58.265,84.6,58.265,cropwat_fao56_pm_from_advisor_or_excel_replicated_regional
P179,KAY-179,2024-03-01,2024,7.3,-2.9,25.1,47.4,59.6,2.3,118.586,121.9,118.586,cropwat_fao56_pm_from_advisor_or_excel_replicated_regional
P179,KAY-179,2024-04-01,2024,15.5,3.3,30.3,37.4,47.3,2.5,182.968,239.3,182.968,cropwat_fao56_pm_from_advisor_or_excel_replicated_regional
P179,KAY-179,2024-05-01,2024,15.1,2.5,29.5,48.6,57.7,2.4,189.987,223.7,189.987,cropwat_fao56_pm_from_advisor_or_excel_replicated_regional
P179,KAY-179,2024-06-01,2024,23.9,10.7,35.7,10.2,37.2,2.5,247.459,424.2,247.459,cropwat_fao56_pm_from_advisor_or_excel_replicated_regional
P179,KAY-179,2024-07-01,2024,24.0,13.3,34.4,30.0,45.1,2.5,226.398,424.5,226.398,cropwat_fao56_pm_from_advisor_or_excel_replicated_regional
P179,KAY-179,2024-08-01,2024,24.1,12.7,36.7,7.8,40.2,2.3,227.594,396.0,227.594,cropwat_fao56_pm_from_advisor_or_excel_replicated_regional
P179,KAY-179,2024-09-01,2024,20.0,6.8,31.8,12.2,48.4,2.0,156.472,274.8,156.472,cropwat_fao56_pm_from_advisor_or_excel_replicated_regional
P179,KAY-179,2024-10-01,2024,12.8,-1.0,29.1,0.4,47.7,1.9,126.837,174.4,126.837,cropwat_fao56_pm_from_advisor_or_excel_replicated_regional
P179,KAY-179,2024-11-01,2024,5.2,-12.1,20.6,22.4,64.0,2.0,63.252,87.9,63.252,cropwat_fao56_pm_from_advisor_or_excel_replicated_regional
P179,KAY-179,2024-12-01,2024,3.4,-9.3,15.3,38.6,74.3,2.0,33.267,65.8,33.267,cropwat_fao56_pm_from_advisor_or_excel_replicated_regional
